▶ v3.0.18 在线升级静态契约
  ✔ 构建配置固定 GitHub latest、无签名校验和更新元数据 (1.193167ms)
  ✔ 底部按钮顺序和设置状态点保持固定 (0.647916ms)
  ✔ preload 仅暴露约定的升级 IPC 能力 (0.133208ms)
  ✔ 启动检查没有周期定时器，portable 只打开固定 Releases 页面 (2.30375ms)
  ✔ 升级安装闸门覆盖独立月份删除入口，升级错误不向 Renderer 透传底层 message (2.396083ms)
  ✔ 升级与普通退出只按持有者 token 获取和释放统一维护闸门 (1.773958ms)
  ✔ Windows 发布工作流验证 main、版本、更新哈希并直接发布稳定 Release (0.308583ms)
✔ v3.0.18 在线升级静态契约 (9.319167ms)
✔ v1 旧库纯加法迁移保持历史身份与 archiveStatus 三态，并按历史游标之和 seed (10.820041ms)
✔ reserveTaskBatch 使用全局日流水、持久幂等和 v2 DTO，latest 查询保持只读且删除不倒退 (7.172292ms)
✔ operationKey 永久删除身份跨重启拒绝重放且不推进全局流水 (11.381209ms)
✔ reserved/running 批次拒绝物理删除，原批次进入终态后才可删除 (7.047125ms)
✔ task 预留拒绝调用方日期，并由事务内单次时钟采样统一日期、号码、时间和默认保留期 (4.995334ms)
✔ task 状态、时间与失败 DTO 独立于 archiveStatus，parent 关联按日期和全局序号排序 (7.524083ms)
✔ task terminal 按 artifact 聚合 archiveStatus，且不把业务终态写入存档状态 (8.708792ms)
✔ task terminal 状态使用 CAS：取消与成功都不能被迟到的相反结果覆盖 (6.206084ms)
✔ 跨日从 001 开始，999/1000/1001 不截断 (5.993791ms)
✔ 预留 INSERT 中途失败时全局游标和批次整体回滚 (5.722666ms)
✔ v1 createBatch 与 v2 reserveTaskBatch 在迁移窗口可交错且各自格式兼容 (5.685583ms)
✔ 业务身份锚点跨 repository 重启可查询、重复绑定幂等且冲突不覆盖 (10.317ms)
✔ run→export 两批可幂等绑定同一 identity，flow-bind intent 跨重启重放后不残留 (11.402375ms)
✔ 14 个范围通过真实多连接并发预留 100 次无重复无丢号，重启后继续递增 (231.163125ms)
▶ v3.1.13 设置与存档中心静态契约
  ✔ 主进程源码不含真实 NUL 字节，保持 Git 文本差异可审查 (0.789875ms)
  ✔ 正常退出等待后台存档排空，不在固定超时后丢弃尚未登记的批次 (0.274167ms)
  ✔ 业务 IPC 返回成功前等待本次存档登记与处理，不只写入内存尾队列 (0.245084ms)
  ✔ 存档写操作纳入业务退出闸门，平盘失败源由存档状态驱动释放 (1.805792ms)
  ✔ 异常恢复按删除证据计算清理候选，并在清除 pending 后执行受保护目录清理 (0.637ms)
  ✔ 设置弹窗为双栏导航且默认停留在版本管理，内部自动更新名称保留 (0.890875ms)
  ✔ 自动更新既有选择器与行为契约继续存在 (0.288708ms)
  ✔ preload 仅暴露保留中的 archiveCenter API 与约定 IPC 通道 (1.135459ms)
  ✔ 筛选仅包含日期、模块、批次号，不提供文件名搜索 (0.319292ms)
  ✔ 存档设置齿轮紧邻“存档中心”，文件总大小保持独立靠右 (0.207167ms)
  ✔ 批次、文件、失败重试和全局确认均接入 archiveCenter (1.038041ms)
  ✔ 存档设置只显示位置、迁移进度与期限，模板不存档完全退役 (1.698959ms)
  ✔ 真实进入先完成 list 再启动后台维护，维护刷新保留但顶部提示静默 (0.725459ms)
  ✔ 永久保留值保持为 permanent，加载和即时保存期间禁用返回与关闭入口 (0.295875ms)
  ✔ 保留期限使用单一串行 latest-intent，旧失败有 pending 时继续且最终失败才恢复 (0.286791ms)
  ✔ 批次列表严格两行并保留状态、时间、锁定、焦点和 aria-current (0.127042ms)
  ✔ 详情独立投影任务状态，列表与详情存档状态支持合法 staging (0.284ms)
  ✔ 详情使用结构化 relatedBatches 同日/跨日分组并只切换现有 selectedBatchId (0.320791ms)
  ✔ 详情按钮文案和无障碍名称符合锁定、打开、另存为合同 (0.197709ms)
  ✔ 指定说明被删除，portable 下载提示保留且安装版空说明收起 (0.174584ms)
  ✔ 自动更新文字字号和右边界由共享尺寸变量约束 (0.164125ms)
  ✔ 锁定批次仍显示原到期日，不误写成永久保留 (0.067125ms)
  ✔ 批次永久期限明确显示为永久，缺失期限和锁定日期分别显示 (0.786667ms)
  ✔ 文件角色使用中文语义，锁定与重试按钮异常后可恢复操作 (0.24ms)
  ✔ 图标按钮具备可访问名称，尺寸覆盖两个目标窗口 (0.265458ms)
  ✔ 迁移恢复完成前，Controller、FlowResolver 与 TaskLifecycle 仅共享稳定 delegate (0.352667ms)
  ✔ 启动放行必须等待 storage journal 恢复，失败时 delegate 保持 unavailable (105.503375ms)
✔ v3.1.13 设置与存档中心静态契约 (119.962667ms)
✔ 永久删除确认先只读预检，完整结果和待完成删除入口覆盖所有模块 (0.667291ms)
✔ settingsLoading 未收口时不发起删除预检或替换设置页 (2.421666ms)
✔ 删除预检等待期间 settingsLoading 开始，迟到预检不替换设置页；收口后可重新预检 (1.53775ms)
✔ retentionSaving 未收口时不发起删除预检或替换设置页 (0.516792ms)
✔ 删除预检等待期间 retentionSaving 开始，迟到预检不替换设置页；收口后可重新预检 (0.59275ms)
✔ retentionPendingIntent 未收口时不发起删除预检或替换设置页 (0.449583ms)
✔ 删除预检等待期间 retentionPendingIntent 开始，迟到预检不替换设置页；收口后可重新预检 (0.567625ms)
✔ 关闭设置页后迟到的删除预检 success 不覆盖后续弹窗或写入反馈 (1.227291ms)
✔ 关闭设置页后迟到的删除预检 failure 不覆盖后续弹窗或写入反馈 (0.587583ms)
✔ 关闭设置页后迟到的删除预检 rejection 不覆盖后续弹窗或写入反馈 (0.587333ms)
✔ 不同批次并发预检按 0→1 返回，仅最近一次请求显示确认 (0.731959ms)
✔ 不同批次并发预检按 1→0 返回，仅最近一次请求显示确认 (0.935583ms)
✔ 设置页被其他弹窗替换后，迟到预检不重新抢占弹窗 (0.428291ms)
✔ 正常取消只关闭确认子页并返回仍挂载的设置页，不发起删除 (0.446ms)
✔ 取消后打开新弹窗，后续微任务不复活已销毁的设置页 (0.427959ms)
✔ 正常删除防止重复提交与执行中取消，完成后关闭子页并刷新仍挂载的设置页 (0.448833ms)
✔ 实际删除失败保留当前确认及错误，恢复确认和取消按钮 (0.4295ms)
✔ 执行中阻止替换，页面销毁后已提交删除的迟到 success 不影响新弹窗 (0.49275ms)
✔ 执行中阻止替换，页面销毁后已提交删除的迟到 rejection 不影响新弹窗 (0.506292ms)
✔ 删除成功后的列表刷新期间关闭设置页，不再继续统计或显示迟到完成消息 (0.538083ms)
▶ FLOW_HEADERS — 48 列
  ✔ Object.freeze 锁死 (0.393292ms)
  ✔ 恰好 48 列 (0.052167ms)
  ✔ 字段名唯一 (0.040583ms)
  ✔ 包含核心字段 (0.041208ms)
✔ FLOW_HEADERS — 48 列 (0.993791ms)
▶ FLOW_KEY_COLUMNS / FLOW_KEY_COLUMN_INDICES — 关键字段
  ✔ keys = billDate / reconMainId / settleAmount / settleCurrency (0.690625ms)
  ✔ FLOW_KEY_COLUMN_INDICES 与 FLOW_HEADERS 同步 (0.072ms)
  ✔ 所有索引值 ≥ 0（不能是 -1 = 未找到） (0.070459ms)
✔ FLOW_KEY_COLUMNS / FLOW_KEY_COLUMN_INDICES — 关键字段 (0.936625ms)
▶ BILL_HEADERS — 26 列
  ✔ Object.freeze 锁死 (0.072917ms)
  ✔ 恰好 26 列 (0.50275ms)
  ✔ 字段名唯一 (0.110958ms)
  ✔ 包含核心字段 (0.060208ms)
✔ BILL_HEADERS — 26 列 (0.857333ms)
▶ BILL_KEY_COLUMNS / BILL_KEY_COLUMN_INDICES
  ✔ keys = billDate / reconMainId / reconAmount / settleCurrency (0.057084ms)
  ✔ 索引与 BILL_HEADERS 同步 (0.043167ms)
✔ BILL_KEY_COLUMNS / BILL_KEY_COLUMN_INDICES (0.142ms)
▶ WRITER_OUTPUT_HEADERS — v2.1.7 之前 29 列（deprecated）
  ✔ Object.freeze 锁死 (0.035417ms)
  ✔ = BILL_HEADERS (26) + 3 个差异输出列 = 29 列 (0.025084ms)
  ✔ 尾部 3 列 = bill_copy / flow_currency / flow_amount_abs (0.024083ms)
✔ WRITER_OUTPUT_HEADERS — v2.1.7 之前 29 列（deprecated） (0.119417ms)
▶ WRITER_OUTPUT_HEADERS_V2 — v2.1.8 N4 瘦身 12 列
  ✔ Object.freeze 锁死 (0.047292ms)
  ✔ 恰好 12 列 (0.019667ms)
  ✔ = TEMPLATE_BILL_HEADERS (9) + 3 个差异输出列 = 12 列 (0.023958ms)
  ✔ 尾部 3 列 = bill_copy / flow_currency / flow_amount_abs (0.025458ms)
✔ WRITER_OUTPUT_HEADERS_V2 — v2.1.8 N4 瘦身 12 列 (0.151166ms)
▶ 差异输出列名常量（⚠️ 资金红线 hardcode）
  ✔ WRITER_OUTPUT_BILL_COPY_HEADER = 单据_对账币种 (0.026791ms)
  ✔ WRITER_OUTPUT_FLOW_CURRENCY_HEADER = 流水_通道清算币种（v0.7 fix4） (0.019167ms)
  ✔ WRITER_OUTPUT_FLOW_AMOUNT_ABS_HEADER = 流水_通道清算金额（v0.7 fix4） (0.023583ms)
✔ 差异输出列名常量（⚠️ 资金红线 hardcode） (0.098208ms)
▶ normalizeCurrency
  ✔ 字符串归一：trim + lower (0.956041ms)
  ✔ null / undefined → 空串 (0.305708ms)
  ✔ 数字 → 字符串 (0.285333ms)
✔ normalizeCurrency (2.126416ms)
▶ parseAmountAbs
  ✔ 正数 (0.366417ms)
  ✔ 负数 → 绝对值 (0.256458ms)
  ✔ 千分位 → 去逗号 (0.217958ms)
  ✔ 空 → 抛错 (0.338541ms)
  ✔ 非数字 → 抛错 (0.2445ms)
  ✔ 自定义 fieldLabel 在错误信息中 (0.229125ms)
✔ parseAmountAbs (1.788167ms)
▶ insertFlowRow
  ✔ 正常插入 + 写入归一化字段 (0.946917ms)
  ✔ 负数金额 → ABS (0.793625ms)
  ✔ 空金额 → 允许（4 种非清算流水子类型） (0.292292ms)
  ✔ 对账主Id 空 → 抛错 (0.310792ms)
  ✔ flow raw_json 永久停写为 ''（P0-1：原账单日期归一进 raw_json 已停用） (0.272875ms)
✔ insertFlowRow (2.695541ms)
▶ insertBillRow
  ✔ 正常插入 (0.409834ms)
  ✔ raw_json 仅含 TEMPLATE_BILL_HEADERS 9 列（v2.1.8 N4 SR7） (0.344417ms)
  ✔ 主对账Id 空 → 抛错 (0.424625ms)
✔ insertBillRow (1.220416ms)
▶ listMonths
  ✔ 空 DB → [] (0.952792ms)
  ✔ flow + bill 合并 DISTINCT + DESC (0.476125ms)
✔ listMonths (1.469958ms)
▶ getMonthReadiness
  ✔ 空月 → 双 0 (0.31825ms)
  ✔ 有 flow + bill → 双 ready (0.297791ms)
✔ getMonthReadiness (0.644ms)
▶ deleteMonthBySide
  ✔ kind=flow 删流水（不动 bill） (0.459667ms)
  ✔ kind=bill 删单据 (0.345458ms)
  ✔ unknown kind → 抛错 (0.264292ms)
✔ deleteMonthBySide (1.110125ms)
▶ clearMonth
  ✔ 清流水 + 单据（4 表事务） (0.351292ms)
  ✔ 其它月不动 (0.281708ms)
✔ clearMonth (0.659583ms)
▶ clearStaleSuccessfulRawJson — NOT IN 子查询资金红线 (v0.5 partial run 守卫 + v0.3 sentinel)
  ✔ Case 1: NOT IN 子查询正常排除差异行（100 行 bill + 50 差异 + retention=1 → 仅 50 非差异行清；差异行 raw_json 保留） (43.686458ms)
  ✔ Case 2: imported_at 边界（retention=7 天）— 8 天前清；6 天前不清 (2.503958ms)
  ✔ Case 3: raw_json 已 '' 的行不重复 UPDATE（idempotent — 多次 idle 触发安全） (3.001584ms)
  ✔ Case 4: 空表 → clearedCount=0 + 无错误 (2.029875ms)
  ✔ Case 5: 全是差异行 → clearedCount=0（NOT IN 子查询全排除） (6.764584ms)
  ✔ Case 6: 🔴 资金红线 fail case — 人为破坏 diff_rows 表（DROP）→ 函数 throw 而非错清差异行 (7.095375ms)
  ✔ Case 7: SQL injection 防护 — retentionDays 入口严校验 + 参数化绑定双重防御 (4.388375ms)
  ✔ Case 8: db 入参无效 → throw (1.459542ms)
  ✔ Case 9: 🟠 资金红线 v0.5 — partial run 关联 month 整月排除（差异行 + 非差异行均保留） (41.570458ms)
  ✔ Case 10: v0.5 — partial run 完成 resume → status="complete" → 非差异行可被清 (40.826042ms)
  ✔ Case 11: v0.5 — 跨月份 partial run 不影响其他月份的清理 (17.077083ms)
  ✔ Case 12: 🟠 资金红线 v0.6 — in-progress run 关联 month 整月排除（first-chunk crash 残留路径） (34.645709ms)
  ✔ Case 13: v0.6 — partial + in-progress 混合月份均整月排除；complete + 无 progress 月份正常清 (26.300792ms)
✔ clearStaleSuccessfulRawJson — NOT IN 子查询资金红线 (v0.5 partial run 守卫 + v0.3 sentinel) (232.200375ms)
▶ computeRunStats — 单遍 JOIN 与旧 3-SQL 实现等值（P0-4）
  ✔ ① 空两表 → matched/mismatch/unmatched 全 0（🔴 SUM 空集 COALESCE 陷阱） (1.59825ms)
  ✔ ② 全 matched 无 mismatch（币种全等） (0.803875ms)
  ✔ ③ 全 mismatch（币种全不等） (0.630084ms)
  ✔ ④ NULL 与 '' 币种混合（双侧）→ COALESCE 把 NULL 与 '' 视作相等 (0.637125ms)
  ✔ ⑤ 多月共存只算目标月（WHERE month_key 隔离） (0.871667ms)
  ✔ ⑥ 存在 unmatched（bill 有 recon_main_id 但 flow 无对应） (0.542708ms)
✔ computeRunStats — 单遍 JOIN 与旧 3-SQL 实现等值（P0-4） (5.660792ms)
▶ T18 — insertDiffRowsByJoinChunked
  ✔ T18.1 — chunk size 边界（5000 行 / chunk=2000 → 3 chunks；最后 chunk 不满） (25.172667ms)
  ✔ T18.2 — chunk size > 数据行数（5000 行 / chunk=100000 → 1 chunk） (22.82425ms)
  ✔ T18.3 — chunk size = 数据行数（5000 行 / chunk=5000 → 1 chunk） (22.642542ms)
  ✔ T18.4 — cancelToken 在 chunk 1 完成 / chunk 2 之前触发 → chunk 0/1 保留 + chunk 2 未跑 (22.833875ms)
  ✔ T18.5 — byte-for-byte 验证：5000 行 non-chunked vs chunked(chunk=2000) 结果一致 (63.01475ms)
  ✔ T18.6 — chunkSize 入参验证（< 1 / 非整数）→ throw (0.984625ms)
  ✔ T18.7 — runId / monthKey 缺失 → throw (0.440709ms)
  ✔ T18.8 — 空 bill 表 → totalChunks=0 / lastCompletedChunkIndex=-1 (0.396625ms)
  ✔ T18.9 — onChunkDone 回调抛错不阻塞主循环 (18.24225ms)
  ✔ T18.10 — checkpoint 失败与本 chunk 原子回滚，resume 不重复已提交行 (1.054958ms)
✔ T18 — insertDiffRowsByJoinChunked (178.299125ms)
▶ T19 — chunk_progress get/set
  ✔ T19.1 — getRunChunkProgress 读 NULL 列 → null (0.465542ms)
  ✔ T19.2 — setRunChunkProgress + getRunChunkProgress round-trip (0.447709ms)
  ✔ T19.3 — setRunChunkProgress invalid status → throw (0.414875ms)
  ✔ T19.4 — resumeFromChunkIndex 复用 — 第一段 chunk 0/1 完成 + 第二段从 chunk 2 起跑（byte-for-byte 一致 / idempotent） (38.121ms)
  ✔ T19.5 — resumeFromChunkIndex >= totalChunks → 等价 nothing-to-do (14.127375ms)
  ✔ T19.6 — resumeFromChunkIndex 入参验证（负数 / 非整数）→ throw (3.461083ms)
  ✔ T19.7 — listPartialRuns 返回某月所有 chunk_progress.status="partial" 的 runs（SR-FIX-1 round 2 P1-5） (1.529625ms)
  ✔ T19.8 — listPartialRuns monthKey 缺失 / 无 run → 空数组 (0.53075ms)
  ✔ T19.9 — chunk_progress status in-progress → 兜底改 partial（Round 4 F1 后 listPartialRuns 前后均命中） (0.8545ms)
  ✔ T19.10 — chunked 入口初始 in-progress 占位 round-trip（SR-FIX-1 Round 3 F2） (0.82125ms)
  ✔ T19.11 — listPartialRuns Round 4 F1 扩为 partial OR in-progress（同月 2 个可恢复 run） (0.803042ms)
  ✔ T19.12 — listPartialRuns Round 4 F1：仅 in-progress 单个 run 可命中（first-chunk crash 路径） (0.694542ms)
  ✔ T19.12b — data-complete 在 XLSX 发布前仍属于可恢复 run (0.404958ms)
  ✔ T19.13 — Round 7 I1：failureListener crash 兜底 in-progress → partial 必须透传 chunkSize（资金红线） (0.72775ms)
  ✔ T19.14 — batchContext 按版本持久化，partial/complete 更新不丢失且严格限定 7 字段 (0.534459ms)
  ✔ T19.15 — 已标记 batchContext 的未知版本或非法内容必须闭锁失败 (0.468125ms)
✔ T19 — chunk_progress get/set (64.616625ms)
▶ v2.1.12-beta reader-handrolled contract（🔴🔴 与 sax reader byte-for-byte 等价）
  ✔ #1 flow 正常多行 → sax vs 手写 byte-for-byte (31.456042ms)
  ✔ #2 bill 正常多行 → sax vs 手写 byte-for-byte (6.217375ms)
  ✔ #3 flow 含全空数据行（两 reader 都跳过）→ byte-for-byte (6.228125ms)
  ✔ #4 flow 稀疏行号（r=2 / r=5 跳过 r3-4）→ rowIndex 用真实行号、byte-for-byte (5.507834ms)
  ✔ #5 中文 + XML 实体（inlineStr 手工 fixture）→ 实体解码一致、byte-for-byte (3.122333ms)
  ✔ #6 含 sharedStrings(t="s") fixture → sax vs 手写共享串解析一致、byte-for-byte (2.560958ms)
  ✔ #7 ExcelJS number cell → sax vs 手写取值一致、byte-for-byte (5.853667ms)
  ✔ #7b parseAcquiringRowXml 数字 cell 取原文本（不丢小数 / 不转科学计数 / 不转布尔） (0.182334ms)
  ✔ #8a flow 表头列少 → 两 reader 抛同 ImportValidationError (5.793625ms)
  ✔ #8b flow 表头列多 → 两 reader 抛同 ImportValidationError (4.534ms)
  ✔ #8c flow 表头内容错 → 两 reader 抛同 ImportValidationError (4.653125ms)
  ✔ #8d bill 表头内容错 → 两 reader 抛同 ImportValidationError (4.175125ms)
  ✔ #8e flow 账单日期无法解析为月份 → 两 reader 抛同累积错误 (4.454ms)
  ✔ #8f flow 跨月份混杂 → 两 reader 抛同累积错误 (4.72675ms)
  ✔ #9a peekMonthKeyFromFile 正常 → 两 reader 返回值一致 (5.452541ms)
  ✔ #9b peekMonthKeyFromFile 表头错 → 两 reader 抛同 message (3.92975ms)
  ✔ #9c peekMonthKeyFromFile 无数据行（仅表头）→ 两 reader 抛同 message (3.86775ms)
  ✔ #extra cellValueFromBody 边缘形态（越界/NaN 共享串 / 空 / 自闭合语义） (0.134084ms)
  ✔ #10 仅白名单外列有值的行 → 不被误判空行（三方都报月份不可解析，非静默跳过） (1.465791ms)
  ✔ #10b 白名单内外列都有值 → 三方 import 一致（白名单外列裁剪路径恒空） (2.285875ms)
  ✔ #11 SST 索引指向空串（ExcelJS 空 cell 形态）→ cellHasText 查表判空、该行作空行跳过 (3.569917ms)
  ✔ #11b 畸形 SST 索引（NaN/越界）→ cellHasText 与取值同判空（不误判非空） (0.096959ms)
  ✔ #11c 仅白名单外列有真实值 → 不被误判空行（裁剪路径 cellHasText 探测覆盖白名单外列） (0.113875ms)
  ✔ #12 自闭合空 row（<row r=3/>）→ 三方跳过、byte-for-byte (2.63825ms)
  ✔ #13 cellHasText：与 cellValueFromBody 判空严格一致（含 s 查表 / 末尾空 run / 公式） (0.108417ms)
✔ v2.1.12-beta reader-handrolled contract（🔴🔴 与 sax reader byte-for-byte 等价） (114.208167ms)
▶ validateFlowHeaders — 收单流水表头校验
  ✔ 表头完全匹配 → ok (0.439625ms)
  ✔ 非数组 → 报错 (0.08825ms)
  ✔ 列数不匹配 → 报错 (0.136458ms)
  ✔ 单列内容不匹配 → 报错并列差异 (0.1145ms)
  ✔ 多列差异 → 全列出 (0.076042ms)
  ✔ 表头单元格前后空白 → trim 后比较 (0.058833ms)
✔ validateFlowHeaders — 收单流水表头校验 (1.483833ms)
▶ validateBillHeaders — 收单流水单据表头校验
  ✔ 表头完全匹配 → ok (0.058625ms)
  ✔ 列数不匹配 → 报错 (0.468208ms)
✔ validateBillHeaders — 收单流水单据表头校验 (0.6075ms)
▶ extractMonthKey — 账单日期 → YYYY-MM
  ✔ 标准 YYYY-MM-DD → YYYY-MM (0.168375ms)
  ✔ 单位月 YYYY-M-DD → 补 0 (0.169833ms)
  ✔ YYYY/MM/DD → YYYY-MM (0.051333ms)
  ✔ YYYY-MM-DD HH:mm:ss → YYYY-MM (0.027291ms)
  ✔ YYYY-MM 仅前缀 → YYYY-MM (0.021959ms)
  ✔ 非法日期串 → null (0.026791ms)
  ✔ null / undefined / 空 → null (0.024334ms)
✔ extractMonthKey — 账单日期 → YYYY-MM (0.601292ms)
▶ normalizeBillDate — 账单日期归一为 YYYY-MM-DD
  ✔ YYYY-MM-DD → 原样 (0.062334ms)
  ✔ YYYY/MM/DD → YYYY-MM-DD（替换斜杠 + 补 0） (0.037208ms)
  ✔ YYYY-M-D → 补 0 (0.018541ms)
  ✔ YYYY-MM-DD HH:mm:ss → 截取日期段 (0.0215ms)
  ✔ null / 空 → 空串 (0.023959ms)
  ✔ 无法解析 → 返回原值（reader 已 extractMonthKey 校验） (0.022792ms)
✔ normalizeBillDate — 账单日期归一为 YYYY-MM-DD (0.24775ms)
▶ validateMonthConsistency — 同批同月校验
  ✔ 全部同月 → ok + monthKey (0.08925ms)
  ✔ 空数组 → ok=false（导入数据为空） (0.025084ms)
  ✔ 非数组 → ok=false (0.027667ms)
  ✔ 日期格式坏 → 报错（列前 5 行） (0.038958ms)
  ✔ 跨多月 → 报错 + 按行数降序列出 (0.069875ms)
  ✔ 单月单行 → ok (0.0255ms)
✔ validateMonthConsistency — 同批同月校验 (0.330333ms)
▶ readBalanceAdjustments
  ✔ 文件不存在 → 空数组 (1.845208ms)
  ✔ 合法 JSON → 反序列化 (1.8735ms)
  ✔ 过滤无效行（缺 merchantId / effectiveDate / adjustmentValue） (1.096292ms)
  ✔ 文件损坏 → 空数组（不抛错） (0.766458ms)
  ✔ 非数组 → 空数组 (1.051583ms)
✔ readBalanceAdjustments (7.230958ms)
▶ writeBalanceAdjustments
  ✔ 正常写入 + 自动创建目录 (0.857834ms)
  ✔ 日期格式归一：2026/5/22 → 2026-05-22 (0.520917ms)
  ✔ updatedAt 自动写入当前时间 (0.625625ms)
  ✔ 文件名 sanitize：剥非法字符（/） (0.5885ms)
  ✔ 空 bankName → unknown-bank (0.697708ms)
✔ writeBalanceAdjustments (3.414041ms)
▶ resolveBalanceAdjustment
  ✔ 累加所有 ≤ dateLabel 的同 merchant+currency 调整 (0.400083ms)
  ✔ 无匹配 → 0 (0.367084ms)
  ✔ 过滤 currency 不匹配 (0.274667ms)
  ✔ effectiveDate 严格 ≤ dateLabel（边界包含） (0.388125ms)
  ✔ adjustmentValue null → 兜底 0（不累加） (0.568542ms)
✔ resolveBalanceAdjustment (2.064458ms)
▶ BALANCE_SEED_GENERATION_METHODS 常量
  ✔ 包含 statement / calculated / manual 三种 (1.162ms)
  ✔ Object.freeze 锁死 (0.426375ms)
✔ BALANCE_SEED_GENERATION_METHODS 常量 (2.075875ms)
▶ splitTemplateName
  ✔ 单连字符 → bankName / location (1.1035ms)
  ✔ 无连字符 → 全为 bankName (0.502541ms)
  ✔ 多连字符 → 取前 2 段 (0.486083ms)
  ✔ 空 / null → 空 bankName + location (0.348958ms)
✔ splitTemplateName (2.563792ms)
▶ 路径函数
  ✔ getBalanceSeedsDir = <root>/balance-seeds (0.361125ms)
  ✔ getBalanceSeedFilePath = <root>/balance-seeds/<bank>.json (0.432458ms)
  ✔ 文件名 sanitize：剥非法字符（< > : " / \ | ? *） (0.509792ms)
  ✔ 空 bankName → unknown-bank 兜底 (0.257292ms)
✔ 路径函数 (1.652791ms)
▶ listBalanceSeedBankNames
  ✔ 目录不存在 → 空数组 (0.331542ms)
  ✔ 多个 *.json → 返回去扩展名的列表 (0.938583ms)
✔ listBalanceSeedBankNames (1.310375ms)
▶ readBalanceSeedRecords
  ✔ 文件不存在 → 空数组 (0.429625ms)
  ✔ 合法 JSON → 反序列化 + 字段归一 (0.699833ms)
  ✔ 过滤无效行（缺 merchantId / billDate / endBalance） (0.728958ms)
  ✔ 文件非数组 → 空数组 (0.541291ms)
  ✔ 文件损坏 → 抛 FileValidationError (0.8725ms)
  ✔ "生成方式" 中文字段 / generationMethod 英文字段都支持 (0.609041ms)
✔ readBalanceSeedRecords (3.937083ms)
▶ writeBalanceSeedRecords
  ✔ 写入 + 按 merchantId|currency|billDate 排序 (6.812958ms)
  ✔ 自动创建目录 (0.534417ms)
  ✔ 过滤无效行（与 read 同规则） (0.884625ms)
✔ writeBalanceSeedRecords (8.298208ms)
▶ upsertBalanceSeedRecord
  ✔ 新记录 → status=success (0.918708ms)
  ✔ 已存在 + overwrite=false → status=confirm-overwrite (0.640708ms)
  ✔ 已存在 + overwrite=true → 覆盖成功 (0.779209ms)
  ✔ 默认 generationMethod = 人工录入 (0.682792ms)
✔ upsertBalanceSeedRecord (3.103542ms)
▶ findPreviousBalanceSeed
  ✔ 返回 billDate 严格小于 beforeBillDate 的最新记录 (0.650458ms)
  ✔ 无符合条件 → null (0.717042ms)
  ✔ 文件不存在 → null (0.284291ms)
  ✔ 匹配 merchantId + currency 复合 key (0.561916ms)
✔ findPreviousBalanceSeed (2.252125ms)
▶ PENDING_GUANLI_HEADERS / DB_COLUMNS — 20 列
  ✔ Object.freeze 锁死 (0.4105ms)
  ✔ 恰好 20 列 (0.051834ms)
  ✔ HEADERS / DB_COLUMNS 一一对应 (0.051583ms)
  ✔ 字段名唯一 + DB 列名唯一 (0.047625ms)
  ✔ 包含核心字段 (0.040542ms)
✔ PENDING_GUANLI_HEADERS / DB_COLUMNS — 20 列 (1.107333ms)
▶ pendingHeaderToDbColumn
  ✔ 已知 header → DB 列名 (0.053375ms)
  ✔ 未知 header → null (0.431708ms)
  ✔ null / undefined → null (0.075583ms)
  ✔ 非字符串入参 → String 转换后查找 (0.0525ms)
✔ pendingHeaderToDbColumn (0.729167ms)
▶ PENDING_MATCH_KEY / DIFF_FIELD 语义锚点
  ✔ MATCH_KEY = 主对账单号 / recon_id (0.083833ms)
  ✔ DIFF_FIELD = 财务BU / finance_bu (0.036709ms)
  ✔ 语义锚点 header 必须存在于 HEADERS (0.033ms)
✔ PENDING_MATCH_KEY / DIFF_FIELD 语义锚点 (0.209542ms)
▶ BANK_HEADERS / DB_COLUMNS — 44 列
  ✔ Object.freeze 锁死 (0.059084ms)
  ✔ 恰好 44 列 (0.031833ms)
  ✔ HEADERS / DB_COLUMNS 一一对应 (0.038209ms)
  ✔ 字段名唯一 (0.025959ms)
  ✔ 包含 ReconciliationId / Remark-BU 锚点 (0.020208ms)
✔ BANK_HEADERS / DB_COLUMNS — 44 列 (0.228666ms)
▶ bankHeaderToDbColumn
  ✔ 已知 header → DB 列名 (0.0325ms)
  ✔ 未知 → null (0.016625ms)
  ✔ null/undefined → null (0.019292ms)
✔ bankHeaderToDbColumn (0.096709ms)
▶ BANK_MATCH_KEY / DIFF_FIELD
  ✔ MATCH_KEY = ReconciliationId / reconciliation_id (0.022167ms)
  ✔ DIFF_FIELD = Remark-BU / remark_bu (0.019416ms)
✔ BANK_MATCH_KEY / DIFF_FIELD (0.062583ms)
▶ 差异表 sheet 名常量
  ✔ DIFF_OUTPUT_PENDING_SHEET = Pending (0.037ms)
  ✔ DIFF_OUTPUT_BANK_SHEET = 银行对账单 (0.019ms)
✔ 差异表 sheet 名常量 (0.081375ms)
▶ 表常量
  ✔ PENDING_TABLE / BANK_TABLE / RUNS_TABLE (0.853542ms)
✔ 表常量 (1.321625ms)
▶ listMonths
  ✔ 空 DB → [] (0.844125ms)
  ✔ 多月按 yearMonth 倒序 + 含 pending/bank count (0.599958ms)
✔ listMonths (1.514833ms)
▶ getMonthMeta
  ✔ 空月 → 0 count (0.3175ms)
  ✔ 导入后 count 反映行数 (0.339917ms)
✔ getMonthMeta (0.705291ms)
▶ importMonthAtomic
  ✔ 覆盖导入：旧数据清空 + 新数据落库 (0.310958ms)
  ✔ 返回 pendingCount + bankCount (0.241333ms)
  ✔ 空数组 → count 0 (0.215458ms)
  ✔ 其他月不受影响 (0.286583ms)
✔ importMonthAtomic (1.157083ms)
▶ getPendingRows / getBankRows
  ✔ 按 row_index ASC 排序 (0.303708ms)
  ✔ 其它月不返回 (0.22225ms)
  ✔ 空字段 → 空串（不是 null） (0.236333ms)
✔ getPendingRows / getBankRows (0.807458ms)
▶ insertRun
  ✔ 正常 insert + 返回新 id (0.968083ms)
  ✔ 缺省字段 → 0 (0.362417ms)
  ✔ anomalyReportPath + exportPath 可选 (0.331958ms)
✔ insertRun (2.1805ms)
▶ getRun
  ✔ 已存在 → 返回 row (0.329042ms)
  ✔ 不存在 → null (0.459417ms)
✔ getRun (0.872416ms)
▶ listRuns / getLatestRun
  ✔ 单月多 run → 列出全部 (0.43825ms)
  ✔ 其它月 → 不包含 (0.303208ms)
  ✔ listRuns 空月 → [] (0.821459ms)
  ✔ getLatestRun 单月单 run (0.268333ms)
  ✔ getLatestRun 空月 → null (0.255792ms)
✔ listRuns / getLatestRun (2.214125ms)
▶ updateRunExportPath
  ✔ 更新 export_path (0.284917ms)
  ✔ 置 null (0.239875ms)
✔ updateRunExportPath (0.553ms)
▶ 新版 46 列银行对账单：validateBankHeaders 通过
  ✔ Transaction Description 后含 合并单号/合并状态 → ok（忽略多余列） (0.477709ms)
✔ 新版 46 列银行对账单：validateBankHeaders 通过 (1.006833ms)
▶ 新版 46 列银行对账单：按列名 mapper 行为
  ✔ 结果对象恰好 44 个 DB 字段（与 BANK_DB_COLUMNS 完全一致） (0.700625ms)
  ✔ 结果对象不含「合并单号」「合并状态」对应的任何键 (0.100083ms)
  ✔ Extra Information / Remark-BU 取值正确不错位（核心红线断言） (0.062167ms)
  ✔ 新增两列右移其后所有列：按名取仍逐列对齐 BANK_DB_COLUMNS (0.080417ms)
✔ 新版 46 列银行对账单：按列名 mapper 行为 (1.046458ms)
▶ 旧版 44 列银行对账单：行为不变（零回归）
  ✔ validateBankHeaders 通过 (0.420959ms)
  ✔ 按名 mapper 仍输出 44 个字段且逐列对齐（等价于原按索引取） (0.128959ms)
✔ 旧版 44 列银行对账单：行为不变（零回归） (0.648083ms)
▶ Pending 严格校验未受兼容改动波及
  ✔ 恰好 20 列 → 通过 (0.070584ms)
  ✔ 多出 1 列（21 列）→ 被拒（严格列数校验，不走宽容超集） (0.113583ms)
  ✔ 模仿"在中间插列"也被拒（Pending 不享受超集宽容） (0.066917ms)
✔ Pending 严格校验未受兼容改动波及 (0.313459ms)
▶ normalizeHeaderCell
  ✔ null / undefined → 空串 (0.406208ms)
  ✔ 字符串 → trim (0.055ms)
  ✔ 数字 → 字符串 (0.071917ms)
  ✔ 空字符串 / 空白 → 空串 (0.072292ms)
✔ normalizeHeaderCell (1.236292ms)
▶ validatePendingGuanliHeaders — Pending 表头校验
  ✔ 表头完全匹配 → ok (0.18275ms)
  ✔ 非数组 → 报错 (0.098458ms)
  ✔ 列数不匹配 → 报错并列模板/文件 (0.077417ms)
  ✔ 第 1 列差异 → 报错具体差异 (0.069792ms)
  ✔ 多列差异 → 全列出 (0.056958ms)
  ✔ 表头前后空白 → trim 后比较 → ok (0.460125ms)
✔ validatePendingGuanliHeaders — Pending 表头校验 (1.090666ms)
▶ validateBankHeaders — 银行对账单表头校验（宽容超集模式）
  ✔ 表头完全匹配（44 列）→ ok (0.086375ms)
  ✔ 新版 46 列：Transaction Description 后插入 合并单号/合并状态 → ok（忽略多余列） (0.051625ms)
  ✔ 多余列出现在任意位置（仍是模板有序子序列）→ ok (0.038208ms)
  ✔ 非数组 → 报错 (0.047125ms)
  ✔ 缺模板列 → 报错并指明缺失列名 (0.068791ms)
  ✔ 空数组（所有模板列缺失）→ 报错 (0.03875ms)
  ✔ 列乱序（破坏相对顺序）→ 报错（防乱序文件） (0.055541ms)
✔ validateBankHeaders — 银行对账单表头校验（宽容超集模式） (0.468ms)
▶ readBigAccountMode
  ✔ 文件不存在 → unfixed（默认） (1.351416ms)
  ✔ 合法文件 mode=fixed → fixed (1.680958ms)
  ✔ 合法文件 mode=unfixed → unfixed (0.717708ms)
  ✔ 文件损坏 → unfixed 默认（不抛错） (0.731583ms)
  ✔ mode 是其他值 → unfixed (0.719083ms)
✔ readBigAccountMode (5.777833ms)
▶ writeBigAccountMode
  ✔ 写入 fixed (0.95975ms)
  ✔ mode 非 fixed/unfixed → 归一为 unfixed (0.830916ms)
  ✔ updatedAt 自动写入 (0.781292ms)
  ✔ templateId 数字 → 转字符串 (0.706542ms)
✔ writeBigAccountMode (3.409208ms)
▶ readBigAccountOrder
  ✔ 文件不存在 → null (1.172125ms)
  ✔ 合法 assignments → 返回 order 对象 (1.779958ms)
  ✔ 过滤无 merchantId 的行 (0.85475ms)
  ✔ 包含 fileCount + files → 也回读 (1.068833ms)
  ✔ 文件损坏 → null (0.806125ms)
  ✔ assignments 非数组 → null (0.988833ms)
✔ readBigAccountOrder (7.291125ms)
▶ writeBigAccountOrder
  ✔ 自动创建目录 (0.708292ms)
  ✔ data 直接是数组（向下兼容）→ 当作 assignments (0.717791ms)
  ✔ updatedAt 写入 (0.521417ms)
✔ writeBigAccountOrder (2.047041ms)
▶ big-table-import cell 取值/判空 与 reader-handrolled byte-for-byte 等价
  ✔ cellValueFromBody 全形态等价 (0.775917ms)
  ✔ cellHasText 全形态等价（且 ≡ 取值 !== ""） (0.121917ms)
  ✔ xmlUnescape 与 reader-handrolled 暴露的实体解码一致（经 cellValueFromBody 数字位） (0.059542ms)
✔ big-table-import cell 取值/判空 与 reader-handrolled byte-for-byte 等价 (1.506959ms)
▶ big-table-import contract.validateContract
  ✔ 合法契约 → 通过，返回归一化（whitelist→Set，requiredColumns 去重升序） (1.214125ms)
  ✔ whitelist=null（全列）→ 通过（默认安全，不做必需列校验） (0.074208ms)
  ✔ 🔴 whitelist 漏配必需列 → throw（拒绝启动），错误含漏配列索引与表头名 (0.126208ms)
  ✔ 🔴 whitelist 漏配多列 → 全部列入 detailLines (0.075333ms)
  ✔ whitelist ⊇ requiredColumns（白名单更宽）→ 通过 (0.082625ms)
  ✔ expectedHeaders 非数组/空/含非字符串 → throw (0.335541ms)
  ✔ validateHeaders / mapRow / monthKeyOf 非函数 → throw (0.096958ms)
  ✔ insertSql 非字符串/空 → throw (0.07325ms)
  ✔ requiredColumns 非「非负整数数组」→ throw (0.101791ms)
  ✔ valueColumnWhitelist 非 null 且非「非负整数数组」→ throw (0.093708ms)
  ✔ 🔴 requiredColumns 越界 expectedHeaders 长度 → throw (0.06825ms)
  ✔ 🔴 whitelist 越界 expectedHeaders 长度 → throw (0.05675ms)
  ✔ requiredColumns 为空数组（无必需列）→ 通过（whitelist 任意） (0.04025ms)
  ✔ contract 非对象 → throw (0.093875ms)
✔ big-table-import contract.validateContract (3.63075ms)
▶ E1 多语句覆盖删除 deleteForOverwrite
  ✔ 声明 deleteForOverwrite（多语句多表）→ 按顺序逐条删除，deletedCount=各语句 changes 之和 (52.08025ms)
  ✔ 不声明 deleteForOverwrite（回退单串 deleteSqlForOverwrite）→ 行为不变（现状回归） (57.78525ms)
  ✔ overwrite 两种删除声明皆缺 → ContractValidationError 拒绝启动 (4.757584ms)
✔ E1 多语句覆盖删除 deleteForOverwrite (116.669708ms)
▶ E2 事务内收尾 finalizeForCommit
  ✔ 声明 finalizeForCommit → COMMIT 前事务内执行，月元数据落库（rowCount/sourceFiles） (28.771458ms)
  ✔ finalizeForCommit 中途失败 → 整批 ROLLBACK，行与月元数据均不残留（资金敏感 R-3） (30.211833ms)
  ✔ 不声明 finalizeForCommit → 无收尾，元数据表空（现状回归） (29.239375ms)
✔ E2 事务内收尾 finalizeForCommit (89.707583ms)
▶ E3 空文件整批拒绝 rejectEmptyFiles
  ✔ 声明 rejectEmptyFiles + 仅表头文件 → 整批拒绝 + formatEmptyFileError 文案 + 表空 (32.681833ms)
  ✔ 不声明 rejectEmptyFiles + 仅表头文件 → 成功导入 0 行（现状回归） (27.407875ms)
✔ E3 空文件整批拒绝 rejectEmptyFiles (61.237958ms)
▶ F1 批级空数据整批拒绝 rejectEmptyBatch
  ✔ 🔴 overwrite 模式 + 全空批 → DELETE 随空批 ROLLBACK，已有数据完好（数据丢失回归） (29.336917ms)
  ✔ 多文件部分空不拒（rejectEmptyBatch 批级语义）：[空文件, 有数据文件] → 成功导入有数据文件 (30.740042ms)
  ✔ 不声明 rejectEmptyBatch + 全空批 → 成功导入 0 行（现状回归，行为零变化） (27.213542ms)
✔ F1 批级空数据整批拒绝 rejectEmptyBatch (88.855208ms)
▶ E4 错误捕获增强 maxCollectedErrors / captureRowValues
  ✔ 声明 maxCollectedErrors=1000 → 200 坏行不截到 100（错误明细 > 100） (35.149959ms)
  ✔ 不声明 maxCollectedErrors → 200 坏行截到 100（现状回归） (31.829875ms)
  ✔ 声明 captureRowValues → 错误记录附原始 cells（经 formatBatchError 暴露） (27.127917ms)
  ✔ 不声明 captureRowValues → 错误记录不带 cells（现状回归） (28.687875ms)
✔ E4 错误捕获增强 maxCollectedErrors / captureRowValues (125.298792ms)
▶ E5 写侧跨文件去重 dedupeKeyOf
  ✔ 声明 dedupeKeyOf + 跨文件重复行 → 命中记行级错误（整批拒绝）+ formatDuplicateError 文案 (31.492333ms)
  ✔ 声明 dedupeKeyOf 但无重复 → 全部导入成功（去重不误伤） (30.510416ms)
  ✔ 不声明 dedupeKeyOf + 跨文件重复行 → 无去重（现状回归，重复行均入库） (30.845416ms)
✔ E5 写侧跨文件去重 dedupeKeyOf (94.702417ms)
▶ E5 cells 缺口补丁 cellsOf（写侧去重/INSERT 错误附 cells）
  ✔ 声明 cellsOf + 写侧去重命中 → 重复行错误附整行 cells（从 params 逆推） (30.471709ms)
  ✔ 不声明 cellsOf + 写侧去重命中 → 重复行错误不带 cells（现状回归，铁律） (28.977791ms)
  ✔ 声明 cellsOf 但不声明 captureRowValues → 写侧错误仍不带 cells（cellsOf 仅在 captureRowValues 时生效） (29.850958ms)
✔ E5 cells 缺口补丁 cellsOf（写侧去重/INSERT 错误附 cells） (90.982ms)
▶ engine 整批拒绝 / 错误累积
  ✔ 含坏行文件（主键空）→ ROLLBACK 后表空，BigTableImportError 含错误明细 (47.28275ms)
  ✔ 单文件错误达上限 100 → worker 早退（明细 ≤ 100 + 整批拒绝表空） (31.770458ms)
  ✔ 多文件累计错误超上限 100 → engine 跨文件截断 + 标注总数 (34.416209ms)
  ✔ 跨月行 → 整批拒绝（monthKey 校验） (29.267458ms)
✔ engine 整批拒绝 / 错误累积 (145.388ms)
▶ engine 契约可选字段 deleteSqlForOverwrite 校验
  ✔ mode='overwrite' 但契约未声明 deleteSqlForOverwrite → ContractValidationError 拒绝启动 (4.4015ms)
  ✔ mode='append' 不要求 deleteSqlForOverwrite（可选字段缺省合法） (28.352875ms)
  ✔ mode='overwrite' 声明 deleteSqlForOverwrite → 先 DELETE 旧月再导 (55.639416ms)
✔ engine 契约可选字段 deleteSqlForOverwrite 校验 (89.837375ms)
▶ engine PRAGMA 第 5 处契约 verify
  ✔ openDbWithPragma 设置清单 + verify 通过（journal_mode/synchronous/cache_size/mmap_size/temp_store） (0.882917ms)
✔ engine PRAGMA 第 5 处契约 verify (1.055333ms)
▶ import-worker.parseFile
  ✔ mapRow 三态：params 入 batch / skip 跳过 / error 累积 + monthKey 每行 (22.723833ms)
  ✔ 表头不匹配 → headerError（含 message + detailLines） (5.268167ms)
  ✔ 缺表头行（首行即数据行，r=1 不是表头）→ headerError (4.429167ms)
  ✔ 空行（全空）静默跳过，不计 importedCount/不报错 (3.610667ms)
  ✔ useWhitelist=true：仅解码白名单列（外列恒空，mapRow 读不到外列值） (3.658458ms)
  ✔ useWhitelist=false：全列解码（白名单契约也读得到外列 → byte-for-byte 对照组语义） (7.339167ms)
  ✔ mapRow 抛异常 → 行级错误累积（不静默丢） (4.193708ms)
  ✔ mapRow 返回非法形态（无 params/skip/error）→ 行级错误 (4.024417ms)
  ✔ MAX_COLLECTED_ERRORS=100 导出常量 (0.097833ms)
✔ import-worker.parseFile (57.775791ms)
▶ pipeline.computeMaxParallel 边界
  ✔ 默认 min(4, cpus-2)，下限 1 (0.508542ms)
  ✔ requested 显式覆盖默认 (0.0575ms)
  ✔ 不超过文件数 (0.048041ms)
  ✔ 内存闸：freemem < 2GB → 降 1（最低 1），写日志 (0.104833ms)
  ✔ 内存闸：已是 1 时不再降（最低 1） (0.048333ms)
✔ pipeline.computeMaxParallel 边界 (1.363625ms)
▶ pipeline 按文件序单写（真实 worker 拓扑，乱序完成）
  ✔ 文件 1（中间）行数最多解析最慢 → writeBatch 仍按 index 0→1→2 顺序 (84.4065ms)
  ✔ admission 已冻结的 parallel 不再触发 engine 内第二次内存降级 (27.572625ms)
✔ pipeline 按文件序单写（真实 worker 拓扑，乱序完成） (113.262416ms)
▶ pipeline.cancel
  ✔ cancel() → promise reject CancelError (42.951833ms)
✔ pipeline.cancel (43.3825ms)
▶ big-table-import row-scanner 四方 harness（🔴🔴 A=sax ≡ B=手写全列 ≡ C=P1b白名单 ≡ D=引擎字节层）
  ✔ #1 flow 正常多行（ExcelJS → sharedStrings 路径） (68.72375ms)
  ✔ #3 含全空数据行（四方都跳过） (40.285167ms)
  ✔ #4 稀疏行号（r=2 / r=5 跳号，rowIndex 用真实行号） (29.741333ms)
  ✔ #5 中文 + XML 实体（inlineStr 手工 fixture） (25.517334ms)
  ✔ #6 含 sharedStrings(t="s")（金额共享串保留小数 / 中文 / 重复引用） (14.142167ms)
  ✔ #7 number cell（取值语义对齐 sax，非 parseFloat 改写） (24.263291ms)
  ✔ #10b 白名单内外列都有值（白名单外列裁剪路径恒空） (22.026208ms)
  ✔ #11 SST 索引指向空串（ExcelJS 空 cell 形态）→ 该行作空行跳过 (15.974375ms)
  ✔ #12 自闭合空 row（<row r=3/>）→ 四方跳过 (22.010167ms)
  ✔ #14 大行号前缀碰撞（r="AC1" 不命中 r="AC12"）+ 同列重复取最后 (23.727875ms)
✔ big-table-import row-scanner 四方 harness（🔴🔴 A=sax ≡ B=手写全列 ≡ C=P1b白名单 ≡ D=引擎字节层） (287.266834ms)
▶ big-table-import row-scanner 单元
  ✔ columnLetterToIndex / indexToColumnLetters 严格互逆 (0.505958ms)
  ✔ xmlUnescape：具名实体 + 数字字符引用 + 无实体短路 (0.1555ms)
  ✔ rowBytesToValues：全列模式（whitelist=null）逐 cell 取值 (0.289167ms)
  ✔ rowBytesToValues：白名单模式仅取目标列，外列恒空，hasAnyCellText 探测覆盖外列 (0.083125ms)
  ✔ rowBytesToValues：仅白名单外列有值 → values 全空但 hasAnyCellText=true（退化探测） (0.06525ms)
  ✔ rowBytesToValues：全空行（无 cell 有值）→ hasAnyCellText=false (0.048583ms)
  ✔ rowBytesToValues：表头行（isHeaderRow=true）白名单不生效，全列收集（动态数组） (0.063ms)
  ✔ rowBytesToValues：s 型查 SST + 越界/NaN → 空 (0.066375ms)
  ✔ rowBytesToValues：同列重复 → 后者覆盖（对齐 sax） (0.071042ms)
  ✔ rowBytesToValues：无 r 属性 cell 跳过；自闭合 cell 取值空 (0.080334ms)
  ✔ rowBytesToValues：按需返回目标列的 OOXML 单元格类型 (0.061167ms)
  ✔ scanSheetRows：非首行候选表头可稀疏收集到 XFD，不分配中间 16382 个空串 (2.1855ms)
✔ big-table-import row-scanner 单元 (4.352958ms)
▶ big-table-import zip-reader
  ✔ 多 sheet → openWorkbook 显式报错，message 含全部 sheet 名 + 单 sheet 口径 (8.734291ms)
  ✔ 三 sheet → 报错列出 3 个 sheet 名 (2.33925ms)
  ✔ 单 sheet → openWorkbook 正常定位 sheetEntry（rels 正解，非硬编码） (1.458416ms)
  ✔ 单 sheet（无 workbook.xml，仅 sheet1.xml）→ 兜底定位 sheet1.xml (0.731041ms)
  ✔ loadSharedStrings：无 SST entry → 空数组；有 SST → 解析出串表 (3.716083ms)
✔ big-table-import zip-reader (17.612083ms)
▶ AMOUNT_EPSILON — 资金红线 ⚠️ 单一真理来源
  ✔ = 0.01（1 分钱容差） (0.427417ms)
✔ AMOUNT_EPSILON — 资金红线 ⚠️ 单一真理来源 (0.961792ms)
▶ BIZ_OP_HEADERS / DB_COLUMNS — 23 列
  ✔ Object.freeze 锁死 (0.112875ms)
  ✔ 恰好 23 列 (0.0435ms)
  ✔ HEADERS / DB_COLUMNS 一一对应 (0.058208ms)
  ✔ 字段唯一 (0.042833ms)
✔ BIZ_OP_HEADERS / DB_COLUMNS — 23 列 (0.397916ms)
▶ bizOpHeaderToDbColumn
  ✔ 已知 header → DB 列名 (0.06275ms)
  ✔ 未知 → null (0.046333ms)
  ✔ null → null (0.045541ms)
✔ bizOpHeaderToDbColumn (0.2445ms)
▶ bizOpRowToArray — DB 行 → 数组
  ✔ 按 BIZ_OP_DB_COLUMNS 顺序返回字符串数组 (0.090125ms)
  ✔ 缺失字段 → 空串 (0.066458ms)
  ✔ null row → 空串数组 (0.044709ms)
  ✔ 数字字段 → 字符串 (0.057292ms)
✔ bizOpRowToArray — DB 行 → 数组 (0.3155ms)
▶ BIZ_OP 语义锚点常量
  ✔ BU_FIELD = bu_name (0.046125ms)
  ✔ ACCOUNT_KEY = account_no (0.024334ms)
  ✔ BEGIN_BALANCE = begin_balance (0.022ms)
  ✔ AMOUNT* = amount/amount_in/amount_out (0.026083ms)
  ✔ END_BALANCE = end_balance (0.021041ms)
✔ BIZ_OP 语义锚点常量 (0.187ms)
▶ FLOW_HEADERS / DB_COLUMNS — 28 列
  ✔ Object.freeze 锁死 (0.032083ms)
  ✔ 恰好 28 列 (0.022208ms)
  ✔ HEADERS/DB 一一对应 (0.030875ms)
  ✔ 字段唯一 (0.031ms)
✔ FLOW_HEADERS / DB_COLUMNS — 28 列 (0.152584ms)
▶ flowHeaderToDbColumn / flowRowToArray
  ✔ 已知 header → DB 列名 (0.040542ms)
  ✔ 未知 → null (0.02275ms)
  ✔ rowToArray null → 空串数组 (0.03075ms)
  ✔ rowToArray 字段顺序 (0.036459ms)
✔ flowHeaderToDbColumn / flowRowToArray (0.166834ms)
▶ FLOW 语义锚点
  ✔ BU_FIELD = bu_dept (0.030084ms)
  ✔ DIRECTION = direction (0.022166ms)
  ✔ ACCOUNT_KEY = account_no (0.019917ms)
  ✔ RECON_AMOUNT = recon_amount (0.019875ms)
✔ FLOW 语义锚点 (0.131083ms)
▶ DIFF_HEADER_TAIL / ERROR_HEADER_TAIL
  ✔ DIFF_HEADER_TAIL Object.freeze + 4 列 (0.043084ms)
  ✔ ERROR_HEADER_TAIL = [失败行号, 失败原因] (0.59125ms)
✔ DIFF_HEADER_TAIL / ERROR_HEADER_TAIL (0.657917ms)
✔ Biz OP additive schema 建 heads、run receipt 索引与 rollback trigger (2.527333ms)
✔ 历史 OP/Flow rows 前滚只建 v0 head，不伪造 producer (1.590417ms)
✔ 旧 binary 改 rows 会精确删除 v1 head，前滚恢复为 v0/null producer (1.149667ms)
▶ 表常量
  ✔ TABLE = biz_op_recon_flow_imports (2.179834ms)
✔ 表常量 (2.703875ms)
▶ insertRows
  ✔ 插入 N 行 → 返回行数 (1.109083ms)
  ✔ 空数组 → 0 (0.73ms)
  ✔ 非数组 → 0 (0.681458ms)
  ✔ null/undefined 字段 → 空串 (0.762375ms)
✔ insertRows (3.39625ms)
▶ clearByDate
  ✔ 删除指定日期全部行 (0.810208ms)
  ✔ 返回删除行数 (0.679292ms)
  ✔ 空日期 → 0 (0.626792ms)
✔ clearByDate (2.202334ms)
▶ getRowsByDate
  ✔ 按 row_index ASC (0.756334ms)
  ✔ 其它日期不返回 (0.674166ms)
✔ getRowsByDate (1.463917ms)
▶ getRowsByDateBu — SQL 层 normalizeBu 过滤
  ✔ LOWER(TRIM) 匹配（不区分大小写 + trim） (1.111167ms)
  ✔ 未匹配 → [] (1.305291ms)
✔ getRowsByDateBu — SQL 层 normalizeBu 过滤 (2.465208ms)
▶ listImportedDates
  ✔ 空 DB → [] (0.796458ms)
  ✔ 多日期按 date DESC + 含 rowCount (0.757ms)
✔ listImportedDates (1.587458ms)
▶ 表常量
  ✔ TABLE = biz_op_recon_imports (2.266458ms)
✔ 表常量 (2.788458ms)
▶ insertRows
  ✔ 插入 N 行 → 返回行数 (0.946708ms)
  ✔ 空数组 → 0 (0.72825ms)
  ✔ null 字段 → 空串 (0.777042ms)
✔ insertRows (2.543375ms)
▶ clearByDateBu — LOWER+TRIM 资金红线
  ✔ 删除同 (date, BU) 行（不区分大小写 + trim） (0.783709ms)
  ✔ 其他日期不受影响 (0.715125ms)
  ✔ 未匹配 → 0 (0.621ms)
✔ clearByDateBu — LOWER+TRIM 资金红线 (2.210166ms)
▶ getRowsByDateBu
  ✔ 按 row_index ASC + LOWER/TRIM 匹配 (0.702042ms)
✔ getRowsByDateBu (0.735958ms)
▶ getRowById
  ✔ 已存在 → row (0.777292ms)
  ✔ 不存在 → undefined (0.658792ms)
✔ getRowById (1.915958ms)
▶ listDistinctBus — 保留原值（#A 拍板）
  ✔ 多 BU 按字面值 distinct (0.844125ms)
  ✔ 大小写不同视作 2 个 distinct（#A 拍板设计接受） (0.739042ms)
✔ listDistinctBus — 保留原值（#A 拍板） (1.624333ms)
▶ listImportedDateBuPairs
  ✔ 多 (date, BU) 对，date DESC + BU ASC (0.758041ms)
✔ listImportedDateBuPairs (0.785583ms)
▶ countDistinctDatesByBu / getLatestDateByBu
  ✔ countDistinctDatesByBu (0.771541ms)
  ✔ LOWER+TRIM 匹配 (0.689042ms)
  ✔ 无 BU → 0 (0.633458ms)
  ✔ getLatestDateByBu 取最新日期 (0.689416ms)
  ✔ getLatestDateByBu 无 BU → null (0.634333ms)
✔ countDistinctDatesByBu / getLatestDateByBu (3.466792ms)
▶ subOneDay helper
  ✔ 2026-05-22 → 2026-05-21 (2.100958ms)
  ✔ 跨月 2026-05-01 → 2026-04-30 (0.851875ms)
  ✔ 跨年 2026-01-01 → 2025-12-31 (0.775667ms)
✔ subOneDay helper (4.237917ms)
▶ insertRun / getRunById
  ✔ 正常 insert + getRunById (0.828708ms)
  ✔ stats 缺省 → 0 (0.718375ms)
  ✔ getRunById 不存在 → null (0.642292ms)
✔ insertRun / getRunById (2.263667ms)
▶ v1 Archive run receipt
  ✔ 按 TaskRun 唯一持久、查询并幂等 ack (1.591125ms)
  ✔ 同一 TaskRun 不能产生第二条业务 run receipt (0.962209ms)
  ✔ 同日同规范化 BU 的未 ACK receipt 阻止新 run admission (0.85275ms)
✔ v1 Archive run receipt (3.872958ms)
▶ listRunsByDateBu
  ✔ LOWER+TRIM 过滤 (0.731584ms)
  ✔ 其它日期不返回 (0.796291ms)
✔ listRunsByDateBu (1.567459ms)
▶ updateRunExportPath
  ✔ 更新 export_path (0.833542ms)
✔ updateRunExportPath (0.860208ms)
▶ listSuccessDates
  ✔ 每日期取最新 run（按 MAX(id) GROUP BY date） (0.777167ms)
  ✔ 其它 BU 不返回 (0.665083ms)
✔ listSuccessDates (1.471917ms)
▶ listSuccessDatesInRange
  ✔ 区间过滤 + 排序 ASC (0.732375ms)
✔ listSuccessDatesInRange (0.760625ms)
▶ listReadyDates — 三件齐校验
  ✔ 三件齐 → 返回 date (0.871625ms)
  ✔ 缺 T-2 → 不返回 (1.017583ms)
  ✔ 缺流水 → 不返回 (0.766791ms)
  ✔ 流水 bu_dept 不匹配 → 不返回 (0.751541ms)
  ✔ LOWER+TRIM 流水 bu_dept 匹配 (0.699208ms)
✔ listReadyDates — 三件齐校验 (4.167042ms)
▶ insertDiffRows / getDiffRowsByRun
  ✔ 批量插入 + 查询 (0.662708ms)
  ✔ 空数组 → 0 (0.599ms)
✔ insertDiffRows / getDiffRowsByRun (1.286292ms)
▶ clearRunsAndDiffsByDateBu
  ✔ 删 runs + diff_rows FK 顺序正确 (0.706291ms)
  ✔ 未匹配 → 0/0 (0.836334ms)
  ✔ 未 ACK v1 receipt 在首个 DELETE 前拒绝；ACK 后保持原覆盖行为 (0.991ms)
✔ clearRunsAndDiffsByDateBu (2.58475ms)
▶ clearRunsAndDiffsByDate（流水重导专用 — 资金红线）
  ✔ 清该 date 的全部 BU runs（跨 BU） (0.799292ms)
  ✔ 任一 BU 有未 ACK v1 receipt 时在首个 DELETE 前拒绝 (1.035334ms)
✔ clearRunsAndDiffsByDate（流水重导专用 — 资金红线） (1.869416ms)
✔ flow 契约通过 validateContract（whitelist=null 旁路第 1 层防护） (0.842125ms)
✔ finalizeForCommit 以冻结 seed 写下一版 flow dataset head (1.227042ms)
✔ engine worker contract 边界拒绝 missing 或 malformed v1 seed (0.218875ms)
✔ v0 head 可被首个 v1 transaction 精确覆盖；过期 seed 在业务删除前 fail-closed (1.420959ms)
✔ Flow overwrite 遇同日未 ACK v1 receipt 时 run/diff/import/head 零变化 (1.634167ms)
✔ expectedHeaders = FLOW_HEADERS（28 列，顺序一致） (0.060375ms)
✔ insertSql 与 flow-imports-repository.makeRowInserter byte-for-byte 同源 (0.080042ms)
✔ mapRow 合法行 → 30 参（[data_date, row_index, ...28 列]，列序对齐 insertSql） (0.191125ms)
✔ mapRow 逐格 normalizeCell（trim）→ 对齐 reader-streamed obj[dbCol]=normalizeCell(cell) (0.075458ms)
✔ mapRow 三态：出入方向非法 → { error }（逐字平移 validateFlowRow） (0.089209ms)
✔ mapRow 三态：对账金额非数值 → { error } (0.052583ms)
✔ mapRow 三态：账户编号为空 → { error } (0.050375ms)
✔ 🔴 deleteForOverwrite 先核对 head，再按 diff → run → flow 顺序覆盖 (0.066875ms)
✔ cellsOf 从 30 参 params 逆推 28 列 cells（E4 cells 缺口补丁） (0.049ms)
✔ cellsOf 防御：params 非数组 → 空数组 (0.03425ms)
✔ monthKeyOf 恒返回 null（跨月校验旁路） (0.054083ms)
✔ buildFlowDbRow：values → DB 行对象（snake_case key + _rowIndex） (0.0715ms)
✔ bizOp 成功导入：worker 路径 vs 旧同步路径 入库行数/firstBu/落库内容一致 (240.311667ms)
✔ bizOp worker 落库前 bu_name 改写为 firstBu（trim 保大小写，与同步一致） (147.35375ms)
✔ bizOp 月末 worker 提交前命中下月未 ACK receipt 时两库写集合均零变化 (217.705375ms)
✔ bizOp 月末 worker 成功 COMMIT 时同事务持久 exact copy intent (149.802417ms)
✔ bizOp 校验失败：worker vs 同步 rejected + errorRows 一致 + DB 0 行 + 写报告 (228.722041ms)
✔ bizOp 首行业务方空：worker vs 同步 rejected + errorReportPath=null + DB 0 行 (219.287625ms)
✔ bizOp 空文件（仅表头）：worker rejected 文件无有效数据行 + errorReportPath=null (154.259291ms)
✔ 🔴 bizOp worker 重导 D 后清 D+1/同BU 旧 run（D+1 旧 diff 基于旧 T-2 = 资金事故防线） (322.582833ms)
✔ bizOp 表头不匹配：worker status=error（同步抛同 errorCode FileValidationError） (219.851791ms)
✔ flow 成功导入：worker vs 同步 入库行数一致 + 落库内容一致 (193.139833ms)
✔ flow 校验失败：worker vs 同步 rejected + errorRows 一致 + DB 0 行 (196.99575ms)
✔ 🔴 flow worker 重导清该 date 跨所有 BU 旧 runs（旧 run 基于旧流水 = 资金事故防线） (175.224875ms)
✔ I1 流式中途 INSERT 失败：worker fatal（消息非表头/读取失败）+ DB 0 行（ROLLBACK） (151.32925ms)
✔ I2 错误超 maxRowErrors：result.truncated=true + rowErrorTotal 全量 + 报告标注 (168.088041ms)
✔ I3 大 rejected 包（800 错误行）：worker 刷盘后 session 仍解析出 rejected（不丢结论） (262.48325ms)
▶ β.2-T1 bizOpRecon 流式 reader contract（🔴 与 SheetJS reader byte-level 等价）
  ✔ bizOp 正常（文本数据多行）→ 两 reader 逐行一致 (28.012875ms)
  ✔ bizOp 含空行（isRowMeaningful 跳过 + _rowIndex 对齐）→ 一致 (7.07275ms)
  ✔ bizOp 稀疏行号（显式 r=2 / r=5，跳过 r3-4）→ _rowIndex 用真实行号、两 reader 一致 (6.279375ms)
  ✔ flow 正常（28 列文本）→ 两 reader 逐行一致 (5.962292ms)
  ✔ 中文 + 共享字符串 → 一致 (6.077ms)
  ✔ 多 sheet → 都读第一个 sheet → 一致 (6.1735ms)
  ✔ 表头不匹配 → 两 reader 抛同 errorCode (4.708125ms)
  ✔ 空 sheet（无任何行）→ 两 reader 抛同 errorCode (3.501708ms)
  ✔ 仅表头无数据行 → 两 reader 都返回 0 数据行（非错误） (4.558542ms)
  ✔ 表头列数超出模板（尾部多列）→ 两 reader 抛同 errorCode (4.017791ms)
  ✔ 【已知差异·文档化】number 类型 cell 大数：SheetJS 科学计数法 vs 流式原值 (4.620791ms)
✔ β.2-T1 bizOpRecon 流式 reader contract（🔴 与 SheetJS reader byte-level 等价） (81.946917ms)
▶ 常量
  ✔ AMOUNT_EPSILON = 0.01（1 分钱容差） (0.367917ms)
  ✔ VALID_DIRECTION_IN / OUT (0.044958ms)
✔ 常量 (0.908417ms)
▶ parseAmount
  ✔ 数字直通 (0.093375ms)
  ✔ 字符串数字 → 数字 (0.038917ms)
  ✔ 千分位字符串 → 去逗号 (0.034042ms)
  ✔ null / undefined / 空 → NaN (0.416958ms)
  ✔ 非法字符串 → NaN (0.074125ms)
✔ parseAmount (0.792334ms)
▶ normalizeHeaderCell
  ✔ null/undefined → 空串 (0.074083ms)
  ✔ 字符串 → trim (0.045958ms)
✔ normalizeHeaderCell (0.200916ms)
▶ validateBizOpHeaders — 业务 OP 账单表头
  ✔ 表头完全匹配 → ok (0.122ms)
  ✔ 非数组 → 报错 (0.088667ms)
  ✔ 列数不匹配 → 报错 (0.063834ms)
  ✔ 内容不匹配 → 报错 (0.054125ms)
✔ validateBizOpHeaders — 业务 OP 账单表头 (0.384208ms)
▶ validateFlowHeaders — 流水对账单表头
  ✔ 表头完全匹配 → ok (0.039583ms)
  ✔ 多列差异 → 全列出 (0.038208ms)
✔ validateFlowHeaders — 流水对账单表头 (0.109625ms)
▶ validateBizOpRow — 业务 OP 行双重校验
  ✔ 合法行（双重校验通过）→ ok (0.086ms)
  ✔ 校验 (1) 失败：发生额 ≠ 入 - 出 → ok=false (0.063167ms)
  ✔ 校验 (2) 失败：期末 ≠ 期初 + 发生额 → ok=false (0.0415ms)
  ✔ 字段非数值 → ok=false (0.028959ms)
  ✔ epsilon 边界：差额 0.005 < epsilon 0.01 → ok（在容差内） (0.028416ms)
  ✔ epsilon 边界：差额 0.02 > epsilon → ok=false (0.035ms)
  ✔ 字符串数字（千分位）→ 解析后双重校验 (0.023458ms)
✔ validateBizOpRow — 业务 OP 行双重校验 (0.361292ms)
▶ validateFlowRow — 流水对账单行校验
  ✔ 合法 入 方向 + 数值 + 账户 → ok (0.080875ms)
  ✔ 合法 出 方向 → ok (0.026542ms)
  ✔ 方向带空白 → trim 后允许 (0.027958ms)
  ✔ 方向非法（IN/OUT）→ ok=false (0.025959ms)
  ✔ 方向 null → ok=false (0.024333ms)
  ✔ 金额非数值 → ok=false (0.02575ms)
  ✔ 账户号空 → ok=false (0.029042ms)
  ✔ 账户号 null → ok=false (0.025292ms)
  ✔ 账户号纯空格 → ok=false (0.051125ms)
✔ validateFlowRow — 流水对账单行校验 (0.38325ms)
✔ AppDatabase.close 释放连接、清空句柄并允许重复关闭和重新初始化 (78.610708ms)
✔ archive instance ID conflict-safe get-or-create，root switch 与全部 ready mode 同事务提交 (10.954834ms)
✔ 目录化候选以 artifact id 游标分页，不受单次 5000 上限截断 (8.133792ms)
✔ 任务恢复复用原批次身份，running/failed/cancelled 可重开而 succeeded 闭锁 (8.008584ms)
✔ 新 File Task 仅按 exact owner + manifest 将 interrupted 原子恢复，终态不复活且不发新号 (8.467958ms)
✔ 启动恢复把崩溃遗留 reserved/running 批次终结为 failed，终态批次保持不变 (6.611583ms)
✔ latest issuance 保留已删除批次号与 ID，live status 删除后严格为空且下一号不复用 (6.260333ms)
✔ 建表幂等，批次按模块代码和本地日期生成独立流水号 (6.606459ms)
✔ 新 Blob/目录化副本完成事务写指纹，旧 NULL Blob dedupe 不回填，半指纹 mapper 拒绝返回 (7.003666ms)
✔ VCC 有效数据 business hold 不可被用户解锁、手工删除或 retention 绕过 (7.958583ms)
✔ 删除当天最大批次后流水号不复用，跨模块列表按建批先后倒序 (6.048833ms)
✔ artifact 共享相同 SHA-256 blob，仅最后一个引用删除时释放 blob (8.1475ms)
✔ Blob 元数据按 id 游标分页，供后台 ownership/完整性扫描有界推进 (5.3515ms)
✔ 统计大小只累计 ready artifact 引用，failed/pending 即使残留 blob 引用也不计 (7.499208ms)
✔ 失败和重试保留累计元数据，最终完成后恢复批次完成态 (7.248625ms)
✔ cleanup job 插入与批次/artifact/最后引用 Blob 删除同事务回滚 (6.258166ms)
✔ 过期清理只选中保留日早于当前日且未锁定的批次 (5.810083ms)
✔ 启动修复将断裂 ready 引用改为可重试失败态 (5.685125ms)
✔ 零目标旧批次仍保存删除请求，原子完成凭证可在响应丢失后查询 (5.7915ms)
✔ 受管临时文件先登记创建状态，删除后原计划逐项推进且完成前不能丢弃任务 (6.791083ms)
✔ 计划漏项或加入未归属路径回滚批次、发行标记与引用 (7.002ms)
✔ 损坏或未知版本计划不能空清单成功，旧任务的 JSON 也严格校验 (6.03375ms)
✔ 完成凭证插入和 cleanup job 移除在故障时一起回滚 (5.673125ms)
✔ 等待历史迁移时必须收到同一 journal 的 done 事实才能完成 (6.098542ms)
✔ 历史路径清理计划升级保留原授权范围，不追加其他受管文件 (6.320417ms)
✔ Blob 在删除后被新批次重新引用时按当前 hash 和路径保护新引用 (6.806375ms)
✔ 已核定的第二受管根精确源文件进入原删除事务，不能只传持久计划绕过核定 (7.213625ms)
✔ 第二受管根计划不得更换外部路径、扩大目录、跨批次或替换原件身份 (7.178375ms)
✔ 排除本批次 unresolved source 时保留其他批次的同路径引用 (6.048125ms)
✔ 已证明收口的专属终态 Task 清空业务 metadata，保留身份与幂等控制 (6.751583ms)
✔ 缺少收口证明、共享 Task、有效 lineage 或恢复标记时保留所需 Task 元数据 (23.38875ms)
▶ isManagedBackupFile（白名单）
  ✔ 新格式 backups 文件命中 (0.603417ms)
  ✔ 根目录旧格式命中 (0.098792ms)
  ✔ 主库本体绝不命中 (0.066042ms)
  ✔ WAL / SHM 旁文件绝不命中 (0.055583ms)
  ✔ 未知文件不命中 (0.051625ms)
✔ isManagedBackupFile（白名单） (1.462083ms)
▶ selectBackupsToDelete（纯函数）
  ✔ 不足 2 份（1 份）不删 (0.692625ms)
  ✔ 0 份不删 (0.056292ms)
  ✔ 恰好 2 份不删 (0.06025ms)
  ✔ 3 份保留最近 2 份，删最旧 1 份 (0.090708ms)
  ✔ 混合两类格式合并为一个池子按 mtime 排序 (0.126541ms)
  ✔ 未知文件不入待删清单（即使数量多） (0.393333ms)
  ✔ WAL/SHM/本体绝不入选（即便混在大量备份中） (0.111042ms)
  ✔ keep 参数可配（keep=1 时 3 份删 2） (0.059292ms)
✔ selectBackupsToDelete（纯函数） (1.736542ms)
▶ collectManagedBackupEntries（真实临时目录扫描）
  ✔ 合并 backups/ 与根目录旧格式，过滤本体与旁文件与未知文件 (1.822959ms)
  ✔ 目录不存在时不抛错（返回空数组） (0.570875ms)
  ✔ 端到端：扫描 + 选取 + 真实删除只删最旧、保留最近 2 份、不动本体与旁文件 (1.867709ms)
✔ collectManagedBackupEntries（真实临时目录扫描） (4.324ms)
▶ createBackup
  ✔ 正常路径：生成完整备份 + 文件名含 label + timestamp (3.488542ms)
  ✔ 自动建 backupDir（recursive mkdir） (1.995875ms)
  ✔ 备份过程库可读 + 备份是 snapshot 不含后续写入 (2.047542ms)
  ✔ label 校验：拒绝 SQL 注入字符 (1.190333ms)
  ✔ label 校验：拒绝路径分隔符 (1.477333ms)
  ✔ label 校验：拒绝空字符串 (1.008375ms)
  ✔ label 校验：接受合法字符 [A-Za-z0-9_-] (1.371ms)
  ✔ db 校验：拒绝 null (1.18075ms)
  ✔ db 校验：拒绝无 exec 方法对象 (0.878375ms)
  ✔ backupDir 校验：缺失抛错 (1.206333ms)
  ✔ tmp 文件无残留：成功路径 (1.406459ms)
  ✔ tmp 文件清理：失败路径（mock db.exec 抛错） (1.2575ms)
  ✔ 备份文件大小与库内容匹配 (210.064917ms)
✔ createBackup (229.432917ms)
▶ formatTimestamp
  ✔ 格式 YYYYMMDDTHHmmss (1.219667ms)
  ✔ 单数月/日/时/分/秒补零 (1.103ms)
  ✔ 默认参数 = 当前时间 (1.002834ms)
✔ formatTimestamp (3.38775ms)
▶ bank-deposit 裁列（v2.1.16-beta.3 ②）
  ✔ UT-H1：pickBankDepositFields 输出恰好 14 键 = BANK_DEPOSIT_FIELDS (4.198583ms)
  ✔ UT-H3：裁后对象含 ReconciliationId 与 BillDate (2.823125ms)
  ✔ pickBankDepositFields 非对象入参容错（返回 14 字段全 undefined） (1.270416ms)
  ✔ UT-H2：缺指纹列文件 → detector 不命中 bank-deposit（不会裁列落库脏数据） (14.884042ms)
  ✔ UT-H2b：列错位（打散）文件 → detector 不唯一命中 bank-deposit (5.154375ms)
  ✔ UT-H2c：截断文件 L2 可能 matched，但列数 != 44（handler 44 列 zip 为第二道防线） (5.576583ms)
✔ bank-deposit 裁列（v2.1.16-beta.3 ②） (34.834792ms)
▶ channel-enum-repository（v2.1.16-beta.3 ①）
  ✔ UT-C1：Channel+地区均非空 → 同时落 channel 与 channel-region (76.719583ms)
  ✔ UT-C2：地区空只落 channel，无 JPM- 脏值 (67.487125ms)
  ✔ UT-C3：Channel 空跳过整行（无任何记录） (69.363583ms)
  ✔ UT-C4：去重幂等 — 两批同值不重复行，count 累加，last 刷新，first 不变 (71.895ms)
  ✔ UT-C5：BANK_DEPOSIT_FIELDS 全部 ∈ BANK_STATEMENT_FIELDS（防常量漂移） (68.599542ms)
  ✔ UT-C6：listChannelEnumValues 按 type 过滤（channel 不含 channel-region） (69.479417ms)
  ✔ UT-C7：同批 3 行同 channel 值 → seen_count=3（去重前出现行数累加） (68.480125ms)
  ✔ UT-C8：多地区组合 → channel-region 两条独立，channel 仅一条 JPM (68.094167ms)
  ✔ UT-C9：null/纯空格归一 — 地区空格跳过拼接；Channel 前后空格 trim 合并 (69.44475ms)
  ✔ recordValue：空值（trim 后空）跳过、返回 false (67.216084ms)
  ✔ facade：recordChannelEnumFromBankStatement + listChannelEnumValues（AC1-8） (67.959458ms)
  ✔ recordFromBankStatementRows：非数组 rows 视作空批（不抛、无记录） (69.43775ms)
  ✔ recordFromBankStatementRows：DB 异常上抛（ROLLBACK）— handler 层据此 try-catch 吞 (68.361125ms)
  ▶ extractChannelRegionCombos（v3.0.0 需求1）
    ✔ UT-E1：空数组 / null / undefined → [] (66.872541ms)
    ✔ UT-E2：Channel 空（含空格/null）跳过整行 → [] (68.4905ms)
    ✔ UT-E3：地区空只产出 Channel，不生成带短横脏值 (68.521333ms)
    ✔ UT-E4：Channel+地区均非空 → 产出 Channel-地区 (71.2185ms)
    ✔ UT-E5：多组合去重 + 排序（CITI-HK、JPM-US 混合） (69.095292ms)
    ✔ UT-E6：同 Channel 多地区 + 地区空行混合 (69.029708ms)
    ✔ UT-E7：Channel/地区前后空格 trim 后拼接 (70.78725ms)
    ✔ UT-E8：与 recordFromBankStatementRows 落库 channel-region 口径一致 (69.335917ms)
    ✔ UT-E9：rows 含非对象元素安全跳过 (71.115833ms)
    ✔ facade：appDb.extractChannelRegionCombos 透传一致 (66.989625ms)
  ✔ extractChannelRegionCombos（v3.0.0 需求1） (691.783541ms)
  ▶ isBankDepositChannelFile（v3.0.7 需求2d 路由谓词）
    ✔ UT-BD1：isBankDepositRow — ADM/BOC 忽略地区均 true；JPM+US true、JPM+HK false；Other false (69.662958ms)
    ✔ UT-BD2：纯入金表 ADM(地区空)+BOC(地区CN)+JPM(地区US) → true (66.757667ms)
    ✔ UT-BD3：BOC 地区=CN 单行 → true（旧组合判定 BOC-CN ∉ 白名单会误判 false） (69.726541ms)
    ✔ UT-BD4：含常规渠道 Other / JPM-HK → false (67.913ms)
    ✔ UT-BD5：空 Channel 行（含空格/null）跳过，不影响判定 (67.693083ms)
    ✔ UT-BD6：空文件 / 全空 Channel / 非数组 → false（保守守卫） (66.802833ms)
    ✔ UT-BD7：Channel/地区前后空格 trim 后判定 (66.840291ms)
    ✔ UT-BD8：rows 含非对象元素安全跳过，不抛 (64.489125ms)
    ✔ facade：appDb.isBankDepositChannelFile 透传一致 (62.911667ms)
  ✔ isBankDepositChannelFile（v3.0.7 需求2d 路由谓词） (603.073042ms)
✔ channel-enum-repository（v2.1.16-beta.3 ①） (2198.410084ms)
▶ listChannels
  ✔ 启动期自动有「通用」内置渠道（id=1, displayIndex=1, label=「通用」） (4.07825ms)
  ✔ 多渠道排序：自定义渠道（新增的在前） → 通用最下；displayIndex 1-based (3.074209ms)
✔ listChannels (7.665542ms)
▶ findByNameAndLocation
  ✔ 命中返回 channel 对象 (2.406958ms)
  ✔ 未命中返回 null (2.501042ms)
  ✔ trim 后匹配（含前后空格） (2.886584ms)
✔ findByNameAndLocation (7.90525ms)
▶ getBuiltinGeneral
  ✔ 返回「通用」 (2.335875ms)
✔ getBuiltinGeneral (2.382959ms)
▶ createChannel
  ✔ 正常创建 (2.536625ms)
  ✔ UNIQUE 约束 — 重复 (name, location) 抛错 (3.055542ms)
  ✔ 同名不同地区允许（UNIQUE 是联合键） (2.687125ms)
  ✔ 名称为空抛错 (2.31725ms)
  ✔ 开户地为空抛错 (2.103708ms)
  ✔ 名称超长抛错 (2.462667ms)
✔ createChannel (15.29675ms)
▶ updateChannel
  ✔ 正常修改名称 + 开户地 (2.848167ms)
  ✔ 「通用」内置不可修改 (2.657375ms)
  ✔ 不存在的 id 抛错 (2.368292ms)
✔ updateChannel (7.924042ms)
▶ deleteChannel
  ✔ 正常删除无下属 scenarios 的渠道 (2.992791ms)
  ✔ 「通用」内置不可删除 (2.228709ms)
  ✔ 有下属 scenarios 阻止删除（spec §3.2 b） (3.183959ms)
✔ deleteChannel (8.452ms)
✔ 重复入金 run 镜像从旧表幂等补齐单据文件列 (1.9355ms)
✔ managed committed mirror只重放完全相同的operation post-image (1.57775ms)
▶ ensureFundTransferAccountMappingSupport 建表
  ✔ 重复执行幂等（CREATE TABLE IF NOT EXISTS，不抛错、不丢数据） (3.255209ms)
  ✔ 表含 UNIQUE(mid_account_id) 约束 (0.81275ms)
✔ ensureFundTransferAccountMappingSupport 建表 (4.636167ms)
▶ CRUD
  ✔ 空表 → listMappings 返回 [] (0.788917ms)
  ✔ 保存后读回，按 row_index 升序保留输入顺序 (1.012833ms)
  ✔ 整表覆盖：重存只剩新值（全删 + 重插） (1.180625ms)
  ✔ 保存空数组 → 清空全表 (1.176041ms)
  ✔ 非数组入参 → 视为空，清空全表（不抛错） (1.099208ms)
✔ CRUD (5.398958ms)
▶ 归一化（normalizeCellValue：trim + 数值 String 化）
  ✔ 两侧首尾空白被 trim (0.96025ms)
  ✔ 数值账号被 String 化 (1.192667ms)
✔ 归一化（normalizeCellValue：trim + 数值 String 化） (2.2275ms)
▶ 空值校验
  ✔ 两列皆空的行被跳过（不入库） (1.110334ms)
  ✔ 仅一列为空 → 抛错（且不污染既有数据，校验在事务前） (1.058375ms)
  ✔ 清结算账号一侧为空 → 抛错 (0.674458ms)
✔ 空值校验 (2.892875ms)
▶ UNIQUE(mid_account_id) 约束
  ✔ 同一 mid_account_id 重复 → 违例抛错并回滚（既有数据不变） (1.067375ms)
✔ UNIQUE(mid_account_id) 约束 (1.090292ms)
▶ getMappingMap
  ✔ 空表 → 空 Map (1.085375ms)
  ✔ 返回归一化 Map，键值查得命中 (0.888541ms)
  ✔ 数值键经归一化后可用字符串查得（与派生口径一致） (0.933541ms)
  ✔ 🔴 空键护栏：DB 中 mid_account_id 为空的脏行不进 Map (1.184792ms)
✔ getMappingMap (4.132834ms)
▶ readGatewayBillRowsByChannels（v3.0.7 需求6）
  ✔ ① 只回指定 Channel 行（其它渠道排除） (72.616291ms)
  ✔ ① 全行还原为对象、保留全部字段、ORDER BY id ASC（导入原序） (66.100833ms)
  ✔ ② channels 含空值 → 回「Channel=空串」+「缺 Channel 字段」两种边界行 (67.438125ms)
  ✔ ② channels 不含空值 → 空串行 + 缺字段行都不回 (66.635708ms)
  ✔ ③ 归一化：channels 内值过 trim（前后空格） + 大小写敏感 (66.730666ms)
  ✔ ③ channels 去重 + 含 null/undefined 归一为空值口径 (65.685125ms)
  ✔ ④ 空集 channels → []（不查表） (68.7755ms)
  ✔ 🔴 损坏 raw_json 行被 json_valid 守卫排除、不中断整批（资金红线 run 路径不崩） (65.232042ms)
  ✔ facade database.readGatewayBillRowsByChannels 转发一致 (65.628083ms)
✔ readGatewayBillRowsByChannels（v3.0.7 需求6） (605.715875ms)
▶ readGatewayBillRowPoolsByChannels（v3.0.23 C3 专用大小写不敏感预筛）
  ✔ 一次查询返回 exactRows 与 C3 trim+NOCASE 池，近似渠道不误入 (64.839291ms)
  ✔ exactRows 保留旧空值口径，C3 额外接受网关空白字符串 (66.449416ms)
  ✔ 坏 JSON 跳过且空入参返回两个空池 (65.02375ms)
  ✔ facade 转发双池结果 (66.111542ms)
✔ readGatewayBillRowPoolsByChannels（v3.0.23 C3 专用大小写不敏感预筛） (262.563209ms)
▶ linked-table-repository — 银行对账单入金表按日期范围统计 / 删除（v3.0.5 OPEN-4 T6a）
  ✔ UT-BD-DEL-1：count 闭区间含端点 / null 行不计入 / 无命中=0 / 全覆盖正确 (4.049084ms)
  ✔ UT-BD-DEL-2：delete 闭区间——deleted/剩余/null 行保留/meta 全表重算 (3.091792ms)
  ✔ UT-BD-DEL-3：deletedBizIds 正确（仅被删行 / 去空去重） (2.568959ms)
  ✔ UT-BD-DEL-3b：deletedBizIds 无空键、无重复 (2.296791ms)
  ✔ UT-BD-DEL-4：source_file_name 删后保留不变 (2.07275ms)
  ✔ UT-BD-DEL-5：删空全部有日期行——rowCount 仅剩 null 行、dateMin/Max=null (2.21975ms)
✔ linked-table-repository — 银行对账单入金表按日期范围统计 / 删除（v3.0.5 OPEN-4 T6a） (16.956875ms)
▶ linked-table-repository — 银行对账单入金表跨期命中标记（OPEN-7 / T5a）
  ✔ UT-HIT-1：markBankDepositHits 写入后 last_hit_run/last_hit_at 精确、marked=命中行数 (4.5115ms)
  ✔ UT-HIT-2：仅 UPDATE 已存在行——缺失 BizId 不 INSERT、marked 不计缺失 (2.534625ms)
  ✔ UT-HIT-3：空数组 / 全空键 no-op（marked=0，不改任何行） (2.872709ms)
  ✔ UT-HIT-4：readBankDepositHitMarkers——返回正确 Map、未命中不在 Map、空入参空 Map、归一去重 (2.219ms)
  ✔ UT-HIT-5：clearBankDepositHitMarkersByBizIds——置 NULL、不影响其他 BizId、不动 raw_json/biz_id (2.521667ms)
  ✔ UT-HIT-6：🔴 markBankDepositHits 标记后 upsert 覆盖同 BizId → last_hit 保留不被洗；新 BizId last_hit 为 NULL (2.980083ms)
  ✔ UT-HIT-7：migration 幂等——连跑 ensureLinkedTableSupport 2 次列只加一次、默认 NULL (2.103375ms)
  ✔ UT-HIT-8：last_hit_run/last_hit_at 绝不进任何 UNIQUE 索引 (1.523542ms)
  ✔ UT-HIT-9：readBankDepositHitMarkers 按 chunk 分批——2000 个 BizId 不抛参数上限错、跨批合并 Map 完整正确 (15.005291ms)
✔ linked-table-repository — 银行对账单入金表跨期命中标记（OPEN-7 / T5a） (36.944792ms)
▶ linked-table-repository — 银行对账单入金表幂等 upsert（v3.0.5 需求1）
  ✔ UT-BD-UPSERT-1：幂等——同一 BizId 连导 2 次仅 1 行、值更新为最新 (4.272042ms)
  ✔ UT-BD-UPSERT-2：累加不覆盖——先 {BIZ-A} 再 {BIZ-B} → 2 行，A 仍在 (2.731084ms)
  ✔ UT-BD-UPSERT-3：overwriteCount——{A,B} 后 {B,C} 命中 B → overwriteCount=1、upserted=2 (2.422042ms)
  ✔ UT-BD-UPSERT-4：空键拒入（空串/缺字段/纯空白）；带空格有效键 TRIM 入库 (2.058792ms)
  ✔ UT-BD-UPSERT-5：meta 全表重算——rowCount/dataDateMin/Max 跨两批为全表口径 (2.089625ms)
  ✔ UT-BD-UPSERT-6：流式版——feedRows 喂行与数组版等价（幂等 + 计数） (2.441084ms)
  ✔ UT-BD-UPSERT-7：ROLLBACK（R-6）——流式 feedRows 中途 throw → 整批回滚，表不变 (2.876708ms)
  ✔ UT-BD-UPSERT-8：幂等键是 BizId 而非 reconciliation_id——同 ReconId 不同 BizId 累加 2 行 (1.765541ms)
✔ linked-table-repository — 银行对账单入金表幂等 upsert（v3.0.5 需求1） (21.302958ms)
▶ linked-table-repository — 调拨对账单隐藏表（v3.0.6 需求1 T2）
  ✔ UT-FTR-1：ALL_TABLE_KEYS 不含 fund-transfer-recon（隐藏表） (70.755334ms)
  ✔ UT-FTR-2：listLinkedTableMeta 结果不含 fund-transfer-recon，仍为 5 张可见表 (67.610666ms)
  ✔ UT-FTR-3：replaceFundTransferReconRows → readFundTransferReconRows round-trip（recon 13 字段） (68.084959ms)
  ✔ UT-FTR-4：allocation_no / fund_type / bill_date / recon_id / big_account 列从行派生值落库 (66.903708ms)
  ✔ UT-FTR-5：整表覆盖 — 第二次 replaceFundTransferReconRows 后仅含第二批 (66.119ms)
  ✔ UT-FTR-6：readFundTransferReconRows ORDER BY id ASC 还原 + 损坏 raw_json 行跳过 (72.488417ms)
✔ linked-table-repository — 调拨对账单隐藏表（v3.0.6 需求1 T2） (412.653125ms)
▶ migrations — ensureFundTransferReconSupport 幂等（v3.0.6 需求1 T2）
  ✔ UT-FTR-7：ensureFundTransferReconSupport 连续调 2 次不报错、表结构一致 (65.441416ms)
  ✔ UT-FTR-8：建表 → 写入 → 再 ensure 不丢数据 (66.737084ms)
✔ migrations — ensureFundTransferReconSupport 幂等（v3.0.6 需求1 T2） (132.2825ms)
▶ linked-table-repository — 外汇交割表按日期范围统计 / 删除 + 联动删 BOC（v3.0.5 OPEN-4 T6a）
  ✔ UT-FX-DEL-1：count 闭区间含端点 / null 行不计入 / 无命中=0 / 全覆盖正确 (4.901125ms)
  ✔ UT-FX-DEL-2：delete fx 主表——deleted/剩余/null 行保留/meta 全表重算 (7.654083ms)
  ✔ UT-FX-DEL-3：deletedTxnNos 正确（仅被删行 / 去空去重） (6.64375ms)
  ✔ UT-FX-DEL-4：联动删 BOC 同 transaction_no 行，非同 txn 行保留 (3.5775ms)
  ✔ UT-FX-DEL-5：BOC maturity_date 在删除区间外但 txn 命中 → 仍被联动删（按 txn 非按日期） (3.061667ms)
  ✔ UT-FX-DEL-6：source_file_name 删后保留不变 (2.813917ms)
  ✔ UT-FX-DEL-7：BOC DELETE 失败 → fx 主表 DELETE 整事务回滚（两表回删前态） (3.265ms)
✔ linked-table-repository — 外汇交割表按日期范围统计 / 删除 + 联动删 BOC（v3.0.5 OPEN-4 T6a） (32.511792ms)
▶ linked-table-repository — 外汇交割表幂等 upsert（v3.0.5 需求2）
  ✔ UT-FX-UPSERT-1：幂等——同一交易编号连导 2 次仅 1 行、值更新为最新 (4.489209ms)
  ✔ UT-FX-UPSERT-2：累加不覆盖——先 {A} 再 {B} → 2 行，A 仍在 (3.237208ms)
  ✔ UT-FX-UPSERT-3：overwriteCount——{A,B} 后 {B,C} 命中 B → overwriteCount=1、upserted=2 (2.279625ms)
  ✔ UT-FX-UPSERT-4：空键拒入（合计行/缺字段/非零小数/纯空白）；有效键入库 (1.930542ms)
  ✔ UT-FX-UPSERT-5：meta 全表重算——rowCount/dataDateMin/Max 跨两批为全表口径 (2.3005ms)
  ✔ UT-FX-UPSERT-6：number 类型交易编号正确 String 化为 transaction_no 键 (1.708042ms)
  ✔ UT-FX-UPSERT-7：带尾零小数与纯数字归一同键 → 覆盖（不新增第二行） (2.080208ms)
✔ linked-table-repository — 外汇交割表幂等 upsert（v3.0.5 需求2） (18.6455ms)
▶ linked-table-repository — 网关对账单按日期范围统计 / 删除（v3.0.1 task4）
  ✔ UT-DEL-1：count 闭区间含端点、null 日期行不计入 (4.369833ms)
  ✔ UT-DEL-2：delete 闭区间删除——deleted/剩余/null 行保留/meta 全表重算 (3.000958ms)
  ✔ UT-DEL-3：删空全部有日期行——rowCount 仅剩 null 行、dateMin/Max=null (2.742041ms)
  ✔ UT-DEL-4：source_file_name 删后保留不变 (2.514042ms)
✔ linked-table-repository — 网关对账单按日期范围统计 / 删除（v3.0.1 task4） (13.376042ms)
▶ linked-table-repository — 网关对账单幂等 upsert（v3.0.1 task2）
  ✔ UT-UPSERT-1：幂等——同一 ReconBillBizId 连导 2 次仅 1 行、值更新为最新 (4.789958ms)
  ✔ UT-UPSERT-2：累加不覆盖——先 {BIZ-A} 再 {BIZ-B} → 2 行，A 仍在 (2.941333ms)
  ✔ UT-UPSERT-3：overwriteCount——{A,B} 后 {B,C} 命中 B → overwriteCount=1、upserted=2 (2.37225ms)
  ✔ UT-UPSERT-4：空键拒入（空串/缺字段/纯空白）；带空格有效键 TRIM 入库 (2.045375ms)
  ✔ UT-UPSERT-5：meta 全表重算——rowCount/dataDateMin/Max 跨两批为全表口径 (2.662666ms)
  ✔ UT-UPSERT-6：流式版——feedRows 喂行与数组版等价（幂等 + 计数） (2.73875ms)
  ✔ UT-UPSERT-7：ROLLBACK（R-4）——流式 feedRows 中途 throw → 整批回滚，表不变 (2.8005ms)
  ✔ v1 同一文件重复幂等键时每次物理 upsert 换 nonce，最终来源身份不降级 (2.160292ms)
  ✔ 旧 binary 未换 nonce 的业务列 UPDATE 仅将命中行来源降为 v0 (2.471417ms)
✔ linked-table-repository — 网关对账单幂等 upsert（v3.0.1 task2） (25.702542ms)
▶ linked-table-repository — ADM 银行对账单隐藏表（v2.1.16-beta.5 需求3 PR-1）
  ✔ UT-ADM-1：LINKED_TABLE_DEFS 含 adm-bank-deposit（supported=true）；ALL_TABLE_KEYS 不含 (70.795459ms)
  ✔ UT-ADM-2：listLinkedTableMeta 结果不含 adm-bank-deposit (65.4085ms)
  ✔ UT-ADM-3：replaceAdmBankDeposit → readAdmBankDepositRows round-trip（含 6 新字段） (65.342958ms)
  ✔ UT-ADM-4：reconciliation_id / bill_date / batch_no / channel_order_no 列从行派生值落库 (65.007541ms)
  ✔ UT-ADM-5：整表覆盖 — 第二次 replaceAdmBankDeposit 后仅含第二批 (63.92425ms)
  ✔ UT-ADM-7：writeAdmMatchFlags 整批幂等重写匹配标志/资金对账ID（可重入） (64.392167ms)
  ✔ UT-ADM-8：writeAdmMatchFlags 入参行数 ≠ DB 行数 → 抛错 (64.921458ms)
✔ linked-table-repository — ADM 银行对账单隐藏表（v2.1.16-beta.5 需求3 PR-1） (460.511125ms)
▶ migrations — ensureAdmBankDepositSupport 幂等（v2.1.16-beta.5 需求3 PR-1）
  ✔ UT-ADM-6：ensureAdmBankDepositSupport 连续调 2 次不报错、表结构一致 (68.342833ms)
  ✔ UT-ADM-6b：建表 → 写入 → 再 ensure 不丢数据 (69.645208ms)
✔ migrations — ensureAdmBankDepositSupport 幂等（v2.1.16-beta.5 需求3 PR-1） (138.111292ms)
▶ linked-table-boc-rematch — upsertBocFxLink
  ✔ R1：新键追加 + 同键覆盖 id 不变 + orig_group_no 写入 + 空键拒入 (71.97675ms)
  ✔ R1b：空交易编号 upsert 拒入 + 计数 (65.4225ms)
  ✔ C1：两个无 footer 裸文件分别 scan(offset 续编) → 2 个独立 orig_group（文件=组边界） (64.48075ms)
✔ linked-table-boc-rematch — upsertBocFxLink (202.46425ms)
▶ linked-table-boc-rematch — read/write/max 原子操作
  ✔ R2：readBocFxLinkRowsForRematch 注入 __origGroup + id ASC + raw_json 不含 orig_group_no (64.32125ms)
  ✔ R3：getMaxBocFxOrigGroupNo 空表 0 / CAST 防字符串比较（10 > 9） (64.060958ms)
  ✔ R4：writeBocFxLinkGroupRematch 按 id 回写 group_no/allocation_no + raw_json，不碰 orig_group_no/recon_link_id (65.675375ms)
  ✔ I2：replaceBocFxLink 喂重复 transaction_no last-wins 不报错 + orig_group_no 非 NULL (65.973917ms)
  ✔ I2b：replaceBocFxLink 空交易编号拒入（不落库空键行） (67.6475ms)
✔ linked-table-boc-rematch — read/write/max 原子操作 (327.910583ms)
▶ linked-table-boc-rematch — 🔴 合并等价性 + 幂等 + 一对一消耗
  ✔ R5：分两次导入 ≡ 一次大文件导入（调拨单号/链接ID byte 等价 + 组聚类等价） (70.250583ms)
  ✔ R6：「重置-重匹配」两次幂等（同文件重复导入库内容一致） (67.37125ms)
  ✔ R7：同日同金额一对一消耗不重复（两组同日同额，1 候选只消耗 1 次） (63.854208ms)
✔ linked-table-boc-rematch — 🔴 合并等价性 + 幂等 + 一对一消耗 (201.586917ms)
▶ linked-table-boc-rematch — OPEN-3 migration 清空两表
  ✔ R8：ensureBocFxLinkSupport 加 orig_group_no 时清空两张派生表 + 建 UNIQUE (65.770959ms)
  ✔ I3：半迁移态（有 orig_group_no 列、无 UNIQUE 索引）→ 再跑 ensureBocFxLinkSupport 补建 UNIQUE（自愈） (66.06775ms)
✔ linked-table-boc-rematch — OPEN-3 migration 清空两表 (131.90975ms)
▶ linked-table-boc — 隐藏红线 + DEFS
  ✔ UT-BOC-2：boc 两表入 DEFS 但 ALL_TABLE_KEYS 不含、listLinkedTableMeta 不返回（仍 5 行） (69.032834ms)
  ✔ UT-BOC-8：BANK_DEPOSIT_FIELDS=14 含 Payment Detail，且全部 ∈ BANK_STATEMENT_FIELDS (65.910958ms)
✔ linked-table-boc — 隐藏红线 + DEFS (135.497875ms)
▶ linked-table-boc — replaceBocFxLink / read / writeReconIds
  ✔ UT-BOC-3：replaceBocFxLink 8 列热列派生 + raw_json 剥内部辅助键 (65.931916ms)
  ✔ UT-BOC-3b：readBocFxLinkRows 还原业务行（无辅助键，按 id ASC 保序） (66.636583ms)
  ✔ UT-BOC-5：replaceBocFxLink 整表覆盖 — 第二批替换第一批 (65.655583ms)
  ✔ UT-BOC-4：writeBocFxLinkReconIds 按 id 回写 raw_json + recon_link_id 列 (64.903ms)
✔ linked-table-boc — replaceBocFxLink / read / writeReconIds (263.326208ms)
▶ linked-table-boc — readBankDepositBocCandidates / replaceBocBankDeposit
  ✔ UT-BOC-6：readBankDepositBocCandidates 仅返回 Channel=BOC 行 (65.423875ms)
  ✔ UT-BOC-7：replaceBocBankDeposit 整表覆盖 + 热列派生 (65.837833ms)
✔ linked-table-boc — readBankDepositBocCandidates / replaceBocBankDeposit (131.394291ms)
▶ migrations — ensureBocFxLinkSupport 幂等
  ✔ UT-BOC-1：ensureBocFxLinkSupport 连续调 2 次不报错、两表结构 + 索引一致 (67.21925ms)
  ✔ UT-BOC-1b：建表 → 写入 → 再 ensure 不丢数据 (66.853417ms)
✔ migrations — ensureBocFxLinkSupport 幂等 (134.154917ms)
▶ readBankDepositAdmCandidates / hasLinkedTableRows（v3.0.0 块B/PR-3）
  ✔ readBankDepositAdmCandidates 只返回 Channel=ADM 子集（JPM 等其它渠道排除） (72.94825ms)
  ✔ 🔴 parity：SQL 预过滤 + buildAdmRows == 全量读 + buildAdmRows（admRows/unmatched 逐行一致） (65.607292ms)
  ✔ parity（无 ADM 行）：均为空，两路一致 (64.967958ms)
  ✔ hasLinkedTableRows：空表 false，有数据 true (67.397291ms)
✔ readBankDepositAdmCandidates / hasLinkedTableRows（v3.0.0 块B/PR-3） (271.545625ms)
▶ linked-table-repository — bank-deposit 入金表（v2.1.16-beta.3 ②）
  ✔ UT-L6：ALL_TABLE_KEYS 含 bank-deposit 且排末位 (71.509291ms)
  ✔ UT-L7：LINKED_TABLE_DEFS bank-deposit supported=true，写入不抛模板缺失 (65.140084ms)
  ✔ UT-L5：listLinkedTableMeta 返回 5 行，末位 bank-deposit (65.163209ms)
  ✔ UT-L1：整表覆盖 — 第二次导入后仅含第二批数据 (69.237667ms)
  ✔ UT-L2：键列 reconciliation_id 归一为 String().trim()（含 number 入参） (68.573541ms)
  ✔ UT-L3：bill_date 归一为 YYYY-MM-DD，meta dataDateMin/Max = BillDate min/max (70.247958ms)
  ✔ UT-L4：raw_json 恰好 14 键，无多余列 (81.09475ms)
  ✔ UT-L8：readLinkedTableRows 还原 14 字段对象数组并按 id ASC 保序 (68.66175ms)
  ✔ BANK_DEPOSIT_FIELDS 全部 ∈ BANK_STATEMENT_FIELDS（防常量漂移） (66.945ms)
✔ linked-table-repository — bank-deposit 入金表（v2.1.16-beta.3 ②） (627.438167ms)
▶ iterateGatewayBillRows
  ✔ streams valid rows in id order and preserves projected metadata (1.2665ms)
  ✔ surfaces malformed or non-object JSON as invalid rows without stopping the cursor (0.194792ms)
  ✔ resolves exact raw JSON by id while the streaming cursor remains open (0.168292ms)
✔ iterateGatewayBillRows (2.147125ms)
▶ linked-table-repository.readLinkedTableRows（v2.1.16-beta.2 T1）
  ✔ gateway-bill：还原 2 行，字段完整 + 顺序 = id ASC (75.059167ms)
  ✔ 损坏行（非法 JSON）被跳过，仅返回好行（不抛错） (68.620292ms)
  ✔ raw_json 解析结果非对象（如 JSON 字面量数字 / null）也被跳过 (81.939583ms)
  ✔ 空表 → 返回空数组 (67.724625ms)
  ✔ fx-option（模板缺失 supported=false）→ 返回 []（不查表） (67.745958ms)
  ✔ 未知 tableKey → 抛错（getDef 校验） (67.35025ms)
  ✔ facade database.readLinkedTableRows 等价于仓储函数 (65.911125ms)
✔ linked-table-repository.readLinkedTableRows（v2.1.16-beta.2 T1） (495.191667ms)
▶ replaceLinkedTableStreaming — 流式整表覆盖（v3.0.0 块B/PR-2）
  ✔ 流式落库：rowCount + 日期范围 + 实际写入行数 (73.947ms)
  ✔ 🔴 值口径 parity：同行经 流式 vs 数组路径 → raw_json 还原对象 + meta 字节一致 (70.402958ms)
  ✔ 🔴 整表覆盖原子性：feedRows 中途抛错 → ROLLBACK，旧数据完好（DELETE 也回滚，表未清空） (67.605208ms)
  ✔ 空 feed → 整表覆盖语义：清空旧数据 + rowCount=0 + 仍 upsert meta (68.136417ms)
  ✔ feedRows 非函数 → 抛错（且不破坏旧数据） (67.112625ms)
✔ replaceLinkedTableStreaming — 流式整表覆盖（v3.0.0 块B/PR-2） (347.903708ms)
▶ linked-table-repository — 中台调拨日期范围基于交易时间（v2.1.16 fix）
  ✔ LINKED_TABLE_DEFS：mid-allocation 取值列 dateHeader = 交易时间 (74.592291ms)
  ✔ 交易时间有值 + 业务日期空 → 日期范围基于交易时间（修复核心：用户的 260506/2026-05-06 行） (68.641167ms)
  ✔ 全部业务日期空但交易时间有值 → 范围非空（修复前 bug：旧逻辑会得 null/偏窄） (67.819708ms)
  ✔ 交易时间空的行 → 跳过不参与范围（仍入库；且不再回落业务日期） (68.549791ms)
✔ linked-table-repository — 中台调拨日期范围基于交易时间（v2.1.16 fix） (280.484708ms)
▶ v3.0.4 块 E ensureBocDispatchOrderScenarioSeed
  ✔ ① fresh：补种 1 条，字段正确（enabled=0 / is_builtin=1 / priority=3 / channel_id=1 / 不带 funcCategory / 含 channelName） (8.328917ms)
  ✔ ② 重跑幂等：连跑两次不重复（独立 marker 短路） (6.1655ms)
  ✔ ②bis 凭 subCategory 定位：marker 缺失但场景已在场 → 不重复插（skippedExisting） (6.377167ms)
  ✔ ③ 删除终态保护：补种后用户删除 BOC 场景 → 再跑不复活（独立 marker） (6.112ms)
  ✔ ④ CHECK 未扩到 gateway-recon-id-fix → 跳过不报错、不写 marker（下次重试） (1.860958ms)
  ✔ ⑥ 「功能类别」回退：不带 funcCategory + category=gateway-recon-id-fix → 显示「网关对账单修复」 (6.00725ms)
  ✔ ⑤ UNIQUE(channel_id, name) 撞名（用户已有同名「BOC调拨订单修复」）→ 单条跳过、仍写 marker（不复活） (5.186709ms)
  ✔ ⑦ 排序案：JPM→BOC 依次 seed → gateway 类别子集按 (priority DESC, id ASC) 顺序 = [JPM, BOC]（序号 2 = BOC） (6.286125ms)
✔ v3.0.4 块 E ensureBocDispatchOrderScenarioSeed (47.016875ms)
▶ v2.1.13 builtin-fixed 数据层迁移
  ✔ 最终态库 → 内置提取场景归入 builtin-fixed（category/priority/channel_id）+ config 保持 + 其他场景不变 (9.37175ms)
  ✔ 老库旧名场景 → 迁移后改为新名 + 归入 builtin-fixed/priority 0 (7.380333ms)
  ✔ 用户改过名的内置提取场景 → 按 config 定位仍归入 builtin-fixed（P2-B 不依赖 name） (6.733292ms)
  ✔ 新名已被同渠道占用（nameUpdate 撞 UNIQUE）→ migration 仍按 config 迁内置场景（P2-B + Codex） (7.138916ms)
  ✔ CHECK 扩展：迁移前 INSERT builtin-fixed 抛错；迁移后可成功 (5.6325ms)
  ✔ 幂等：三个新迁移跑两次结果一致，行数不变 (6.390834ms)
  ✔ 老库升级无损：5 值老库（含用户自建场景）经新迁移 → 数据/id 全保留 + 提取场景归类 (7.163792ms)
  ✔ 用户已删提取场景 → ensureBuiltinFixedScenarioMigration 不复活 (6.093208ms)
  ✔ 防御：无 channel_id 列（N5 未完成）→ ensureScenariosCategoryBuiltinFixed 跳过不报错 (2.29475ms)
  ✔ 多对多表：FK + 复合主键可插入/查询，重复插入抛错 (7.176583ms)
✔ v2.1.13 builtin-fixed 数据层迁移 (66.147875ms)
▶ v2.1.13 适用渠道 repository（getApplicable / setApplicable / listBuiltinFixedForChannel）
  ✔ getApplicableChannelIds：无关联 → 空数组（= 全部） (6.252083ms)
  ✔ setApplicableChannelIds：写入后 get 返回升序数组 + 去重 (6.683458ms)
  ✔ setApplicableChannelIds：空数组 → 清空（回到全部语义） (7.146792ms)
  ✔ listBuiltinFixedForChannel：无关联（全部）→ 任意渠道命中 + 含 config (6.319625ms)
  ✔ listBuiltinFixedForChannel：限定渠道 → 仅该渠道命中 (6.54025ms)
  ✔ listBuiltinFixedForChannel：disabled 场景不返回 (6.212167ms)
✔ v2.1.13 适用渠道 repository（getApplicable / setApplicable / listBuiltinFixedForChannel） (39.287375ms)
▶ v3.0.12 批E 修复C ensureC3GwFieldCurrencyCaseRevert
  ✔ 大写存量 Currency → 反转回小写 currency + marker 写入 (3.922375ms)
  ✔ 小写 currency → 跑反向迁移后仍小写（不再被改成大写）+ marker 写入 (1.526708ms)
  ✔ marker 已存在 → no-op（不重复跑、不误改用户后续合法改动） (1.539125ms)
  ✔ 幂等：连跑两次（第二次 already-migrated、数据不变） (2.0545ms)
  ✔ 🔴 仅处理 reconFields[].gwField：assign.gwField / bankField / 其它 gwField 不动 (1.934625ms)
  ✔ 混合多场景：大写改、小写不改，scanned/updated 计数正确 (2.234125ms)
  ✔ 不误伤：非 gateway-recon-join 场景不被扫到 (1.491833ms)
  ✔ scenarios 表不存在（极早期启动）→ skipped-no-scenarios-table 不抛错 (0.7795ms)
  ✔ app_settings 表不存在（极早期启动）→ skipped-no-settings-table 不抛错 (0.71275ms)
  ✔ 非法 JSON config（防御）→ 跳过不抛错、marker 仍写 (1.63725ms)
  ✔ 防回退：migrations 不再 export 旧名 ensureC3GwFieldCurrencyCaseFix (0.370875ms)
✔ v3.0.12 批E 修复C ensureC3GwFieldCurrencyCaseRevert (18.976333ms)
▶ v3.0.6 需求3（T9）ensureDbsChargeFundCheckScenarioSeed
  ✔ ① fresh：补种 1 条，字段正确（enabled=1 / is_builtin=1 / priority=1 / channel_id=1 / config 字段齐全含 chargeSiblingsScope=dbs-only） (9.359167ms)
  ✔ ② 重跑幂等：连跑两次不重复（独立 marker 短路） (6.545916ms)
  ✔ ②bis 凭 subCategory 定位：marker 缺失但场景已在场 → 不重复插（skippedExisting） (7.002417ms)
  ✔ ③ 删除终态保护：补种后用户删除 DBS-Charge 场景 → 再跑不复活（独立 marker） (7.000667ms)
  ✔ ④ CHECK 未扩到 builtin-fixed → 跳过不报错、不写 marker（下次重试） (1.722ms)
  ✔ ⑤ UNIQUE(channel_id, name) 撞名（用户已有同名「DBS-Charge资金校验」）→ 单条跳过、仍写 marker（不复活） (6.610167ms)
  ✔ ⑥ 🔴 资金红线：seed 出来的 DBS-Charge 经 bucketScenarios 落 dbsChargeFundCheck 桶（→ R3.5），不漂 R4/R2 (6.424417ms)
  ✔ ⑩ 「功能类别」标签：funcCategory=dbs-charge-fund-check + category=builtin-fixed → 显示「资金性质校验」（v3.0.6 用户反馈） (6.453625ms)
✔ v3.0.6 需求3（T9）ensureDbsChargeFundCheckScenarioSeed (51.8175ms)
▶ v3.0.6 需求3（T9）retireChargeOutboundOrphans（旧库孤儿每次启动幂等 DELETE + 级联）
  ✔ ⑦ 旧库孤儿（charge-outbound enabled=1）+ 一条关联行 → 场景行被 DELETE（SELECT 不到）+ 关联行级联删；deleted=1 (6.398542ms)
  ✔ ⑧ 重复跑幂等：第二次 deleted=0（无孤儿 no-op，不报错） (6.874458ms)
  ✔ ⑨ 无孤儿（新库）→ no-op（deleted=0，不报错） (6.242584ms)
  ✔ ⑪ 🔴 不误删：DBS-Charge(subCategory=dbs-charge-fund-check) + 一条普通 R4 子场景 → 跑后均仍在 (7.090667ms)
✔ v3.0.6 需求3（T9）retireChargeOutboundOrphans（旧库孤儿每次启动幂等 DELETE + 级联） (26.764334ms)
▶ ensureFundTransferBackfillCanonicalOwner
  ✔ fresh seed 保持兼容 enabled=1、使用完整 config/通用渠道，并清空历史适用渠道 (11.581167ms)
  ✔ 已有单 owner 不覆盖用户启停、名称、优先级或 config (8.108958ms)
  ✔ 仅将精确等于旧系统默认值的 function 幂等更新为当前配置化说明 (8.0535ms)
  ✔ owner 缺失时从当前完整 seed 深拷贝恢复，默认 disabled；重复执行幂等 (8.339375ms)
  ✔ 预定名称冲突时使用固定恢复名；两个名称都冲突则保留 owner=0 (8.031875ms)
  ✔ 多 owner 不自动合并或删除，并清空各自历史适用渠道 (8.432125ms)
✔ ensureFundTransferBackfillCanonicalOwner (53.208291ms)
▶ v2.1.16-beta.2 §FundType ensureFundTypeAchReturnConfigMigration
  ✔ 含 Ach Ruturn 的 C2 打标 markValue → 迁移后变 Ach Return，其它字段不变 (3.072959ms)
  ✔ 同一行多处出现 Ach Ruturn → 全部替换 (1.349792ms)
  ✔ 不含 Ach Ruturn 的行（含正确拼写 Ach Return 的行）→ 完全不动 (1.345916ms)
  ✔ 混合：命中行被改、未命中行不动 (1.51475ms)
  ✔ 无命中 → no-op（status/scanned/updated） (1.60375ms)
  ✔ 幂等：连跑两次稳定（第二次 no-op，数据不再变） (1.41225ms)
  ✔ scenarios 表不存在（极早期启动）→ no-op 不抛错 (0.406334ms)
✔ v2.1.16-beta.2 §FundType ensureFundTypeAchReturnConfigMigration (11.315584ms)
▶ v2.1.16-beta.5 ④ ensureJpmDispatchOrderScenarioSeed
  ✔ ① fresh：补种 1 条，字段正确（enabled=0 / is_builtin=1 / 不带 funcCategory / 含 merchantId） (7.593ms)
  ✔ ② 重跑幂等：连跑两次不重复（独立 marker 短路） (5.587875ms)
  ✔ ②bis 凭 subCategory 定位：marker 缺失但场景已在场 → 不重复插（skippedExisting） (5.718167ms)
  ✔ ③ 删除终态保护：补种后用户删除 JPM 场景 → 再跑不复活（独立 marker） (6.010958ms)
  ✔ ④ CHECK 未扩到 gateway-recon-id-fix → 跳过不报错、不写 marker（下次重试） (1.51825ms)
  ✔ ⑥ 「功能类别」回退：不带 funcCategory + category=gateway-recon-id-fix → 显示「网关对账单修复」 (5.464916ms)
  ✔ ⑤ UNIQUE(channel_id, name) 撞名（用户已有同名「JPM调拨订单修复」）→ 单条跳过、仍写 marker（不复活） (6.150625ms)
✔ v2.1.16-beta.5 ④ ensureJpmDispatchOrderScenarioSeed (38.7455ms)
▶ migrations — linked_bank_deposit biz_id 幂等键 + UNIQUE 迁移（v3.0.5 需求1）
  ✔ UT-BD-BIZ-1：全新 DB → 跑迁移不报错、含 biz_id 列 + UNIQUE 索引、空表 (3.021375ms)
  ✔ UT-BD-BIZ-2：旧库（空/缺/重复/带空格键）→ 迁移不抛错、回填 TRIM、清洗、UNIQUE 强制、meta 重算 (5.960708ms)
  ✔ UT-BD-BIZ-3：旧库连调 2 次 ensureLinkedTableSupport 幂等（不重复清洗） (4.439417ms)
✔ migrations — linked_bank_deposit biz_id 幂等键 + UNIQUE 迁移（v3.0.5 需求1） (13.999542ms)
▶ migrations — linked_fx_settlement transaction_no 幂等键 + UNIQUE 迁移（v3.0.5 需求2）
  ✔ UT-FX-TXN-1：全新 DB → 跑迁移不报错、含 transaction_no 列 + UNIQUE 索引、空表 (2.938625ms)
  ✔ UT-FX-TXN-2：旧库（正常/尾零小数/合计行/缺键/重复键）→ 迁移不抛错、归一回填、清洗、UNIQUE 强制、meta 重算 (5.883334ms)
  ✔ UT-FX-TXN-3：旧库连调 2 次 ensureLinkedTableSupport 幂等（不重复清洗） (4.096667ms)
  ✔ UT-FX-TXN-4：键真撞去重保留 id 最大 + appendModuleLog 记 delDup=1（R-7 资金红线日志可见性） (4.752167ms)
  ✔ UT-FX-TXN-5：number 类型交易编号正确 String 化为 transaction_no 键 (3.266958ms)
✔ migrations — linked_fx_settlement transaction_no 幂等键 + UNIQUE 迁移（v3.0.5 需求2） (21.572417ms)
▶ migrations — linked_gateway_bill recon_bill_biz_id 幂等键 + UNIQUE 迁移（v3.0.1 task1）
  ✔ UT-GW-BIZ-1：全新 DB → 跑迁移不报错、含 recon_bill_biz_id 列 + UNIQUE 索引、空表 (2.768916ms)
  ✔ UT-GW-BIZ-2：旧库（空/缺/重复/带空格键）→ 迁移不抛错、回填 TRIM、清洗、UNIQUE 强制（AC1-6） (5.861708ms)
  ✔ UT-GW-BIZ-3：旧库连调 2 次 ensureLinkedTableSupport 幂等（不重复清洗） (4.3175ms)
✔ migrations — linked_gateway_bill recon_bill_biz_id 幂等键 + UNIQUE 迁移（v3.0.1 task1） (13.527417ms)
▶ migrations — linked_mid_allocation business_date→transaction_date 迁移（块B spec①）
  ✔ UT-MID-RENAME-1：已是 transaction_date 的 DB → 跑迁移 no-op、不报错、列名不变（幂等） (3.638333ms)
  ✔ UT-MID-RENAME-2：business_date 旧表 → 跑迁移 → 列变 transaction_date、索引同步、数据保留 (3.767417ms)
  ✔ UT-MID-RENAME-3：全新 DB（表不存在）→ 跑迁移不报错、建表后为 transaction_date (1.690125ms)
  ✔ UT-MID-RENAME-4：旧表 DB 连调 2 次 ensureLinkedTableSupport 幂等 (3.428833ms)
✔ migrations — linked_mid_allocation business_date→transaction_date 迁移（块B spec①） (13.15675ms)
▶ ensureDiffRowsCascadeMigration_v2_1_10
  ✔ case 1：标志位 = "1" → status=skipped + 不改 schema (4.05725ms)
  ✔ case 2：diff_rows 表不存在 → status=skipped-no-table + 标志位被补写 (1.000416ms)
  ✔ case 3：FK 已含 ON DELETE CASCADE → status=skipped-already-cascaded + 标志位被补写 (2.120459ms)
  ✔ case 4：正常 migrated → 新 schema 含 CASCADE + 备份文件存在 + statusReached=committed + 标志位写入 (8.993041ms)
  ✔ case 5：createBackupFn 抛错 → status=backup-failed + schema 未动 + 标志位不写 (3.853917ms)
  ✔ case 6：rebuild 内 step 失败（DROP TABLE 阶段注入错误） → status=migration-failed + ROLLBACK + 备份保留 (4.8795ms)
  ✔ case 7：conflict-detected（人为 INSERT 漏行）→ status=conflict-detected + ROLLBACK + 不写 flag (5.590666ms)
  ✔ case 8：跨版本 v2.1.7 老 schema → v2.1.10 一步迁（T30 集成后 N4 / N5 / N4-cont-2 三链协同 + 二次幂等） (137.717084ms)
  ✔ case 9：CASCADE 实测 — DELETE run → diff_rows 自动清；DELETE bill_import → diff_rows 自动清 (10.463667ms)
  ✔ case 10：二次跑 skipped + 数据不变 + 不产生新备份 (5.794458ms)
  ✔ case 11：createBackupFn 缺失（兼容老调用方）→ migration 仍跑 + backupPath=null (4.233458ms)
  ✔ case 12：statusReached 在各 status 下符合 8-status state machine (6.579583ms)
  ✔ case 13：pre-migration FK violation → status=pre-fk-violation + 备份保留 + schema 未动（SR-FIX-1 round 2 P1-3） (4.775333ms)
✔ ensureDiffRowsCascadeMigration_v2_1_10 (200.88825ms)
▶ ensureBillRawJsonV2Slim — v2.1.9 N4 重构 (T32e)
  ✔ createBackupFn 被调用并传入 "pre-N4" label (3.868917ms)
  ✔ createBackupFn 抛错 → status=backup-failed + 标志位不写 + 数据未动 (1.648417ms)
  ✔ createBackupFn 缺失（v2.1.8 老调用方兼容） → 跳过备份分支但 migration 继续 (2.077792ms)
  ✔ migration 数据瘦身到 9 字段（与 v2.1.8 N4 行为一致） (2.368042ms)
  ✔ 标志位逻辑：第二次跑 already-migrated (1.810834ms)
✔ ensureBillRawJsonV2Slim — v2.1.9 N4 重构 (T32e) (12.373292ms)
▶ ensureSchemaV2_1_9_N5
  ✔ 首次执行：建 channels 表 + 加 channel_id 列 + backfill「通用」+ 标志位 + 备份文件存在 (4.651542ms)
  ✔ 幂等：第二次执行返回 skipped + 数据不变 (2.44875ms)
  ✔ 备份失败：返回 backup-failed + 不动 schema (1.781291ms)
  ✔ backfill：现有 scenarios.channel_id 全部 = 1 (3.729708ms)
  ✔ 备份文件命名规范 pre-N5 (2.834041ms)
  ✔ createBackupFn 缺失：不报错且跳过备份步骤 (1.908166ms)
✔ ensureSchemaV2_1_9_N5 (17.998542ms)
▶ v3.0.10 需求1 ensureR4DirectionGuardConfigMigration
  ✔ 老库补字段：4 个 R4 子场景缺 requireBankZeroField → 各补对应值（出账 Credit / 入账 Debit） (4.255875ms)
  ✔ 幂等：连跑两次稳定（第二次 updated=0、no-op，数据不再变化） (2.412417ms)
  ✔ 🔴 不覆盖用户已改的值：requireBankZeroField 已存在（被改成另一列）→ 跳过不动 (1.057458ms)
  ✔ 🔴 不覆盖用户已改的值：requireBankZeroField 被用户清空成空串 '' → 仍跳过（用 hasOwnProperty 判存在） (1.063458ms)
  ✔ 混合：部分 R4 缺字段补、部分已有跳过 (1.674125ms)
  ✔ 不误伤：非 R4 场景（subCategory 不在 4 个之列）config 完全不动 (1.395208ms)
  ✔ 不误伤 + 补种共存：4 个 R4 补字段，非 R4 场景不动 (2.162833ms)
  ✔ scenarios 表不存在（极早期启动）→ no-op 不抛错 (0.991916ms)
  ✔ 非法 JSON config（防御）→ 跳过不抛错、不补种 (0.984792ms)
✔ v3.0.10 需求1 ensureR4DirectionGuardConfigMigration (16.652209ms)
▶ v3.0.23 ensureR4StrictDescriptionMigration
  ✔ 老库四个内置场景只刷新 function，保留其它配置并保持幂等 (2.203ms)
  ✔ 不修改非内置、非 fund-nature-check、非法 JSON 或其它 subCategory (1.942167ms)
  ✔ scenarios 表不存在时 no-op (0.396375ms)
✔ v3.0.23 ensureR4StrictDescriptionMigration (4.61675ms)
▶ v2.1.16-beta.2 §8 ensureReconRoundBuiltinScenariosSeed
  ✔ 首次 seed：插入 7 个内置场景，category/is_builtin/enabled/channel_id/priority 正确 (9.636625ms)
  ✔ R5 场景2 config.directions 双方向取值正确（FundTransfer-out / FundTransfer-in） (7.028167ms)
  ✔ 幂等：连跑两次仍是 7 条（marker 短路 + 不重复插入） (7.081125ms)
  ✔ 删除其中一条 → 再跑 → 不复活（marker 终态保护，仿 D14 删除终态） (11.882166ms)
  ✔ 改名一条（用户改名，marker 未写）→ 凭 subCategory 仍能定位、不重复插入、不覆盖名字 (9.181958ms)
  ✔ 改 priority 的用户场景（marker 未写）→ 凭 subCategory 定位跳过、不覆盖 priority (6.976333ms)
  ✔ UNIQUE(channel_id, name) 冲突（用户已有同名场景）→ 单条跳过，不中断其余 (7.08675ms)
  ✔ CHECK 未扩到 builtin-fixed（前置未完成）→ 跳过不报错、不插入 (5.109458ms)
  ✔ CHECK 扩展后重试：第一次跳过、扩 CHECK 后再跑 → 成功插 7 条 (6.686375ms)
  ✔ 🔴 资金红线：seed 出来的 7 条经编排器 bucketScenarios 正确分桶（funcCategory/subCategory 逐字一致实证） (6.542792ms)
  ✔ 老库无损：已有用户自建场景 + 内置提取场景 → seed 后它们不受影响（id 保留） (6.951542ms)
✔ v2.1.16-beta.2 §8 ensureReconRoundBuiltinScenariosSeed (84.979458ms)
▶ v2.1.16-beta.4 ③ ensureRefundBackfillScenarioSeed
  ✔ ① 新库 fresh：ensureReconRoundBuiltinScenariosSeed 已插退款场景 → 本函数幂等跳过；退款 enabled=0、既有 2 条 R5 enabled=1 (9.398667ms)
  ✔ 🔴 N5b 短路坑：旧库（全局 marker=true + 已有 7 条 R4/R5、无退款场景）→ ensureReconRound 短路、ensureRefundBackfill 仍补种 enabled=0 (7.810417ms)
  ✔ ③ 重跑幂等：连跑两次不重复（独立 marker 短路） (14.007417ms)
  ✔ ④ 删除终态保护：补种后用户删除退款场景 → 再跑不复活（独立 marker） (8.119958ms)
  ✔ ⑤ CHECK 未扩到 builtin-fixed → 跳过不报错、不写 marker（下次重试） (5.219375ms)
  ✔ ⑥ UNIQUE(channel_id, name) 撞名（用户已有同名「中台退款订单回填」）→ 单条跳过、仍写 marker（不复活） (7.14075ms)
✔ v2.1.16-beta.4 ③ ensureRefundBackfillScenarioSeed (52.356917ms)
▶ runOneTimeVacuumIfNeeded
  ✔ 首跑：执行 VACUUM + 写标志位 (119.40675ms)
  ✔ 二跑：标志位已存在 → 跳过（already-done） (115.55975ms)
  ✔ 磁盘不足：跳过 + 不写标志位（下次重试） (121.826542ms)
  ✔ 磁盘刚好达标（= DB×1.2）：执行 + 写标志 (131.794542ms)
  ✔ 磁盘检查抛错：fail-open 放行 + 执行 + 写标志 (120.1245ms)
  ✔ 磁盘略低于阈值：跳过 + 不写标志 (111.874958ms)
  ✔ 幂等：第二次实跑（同进程）直接 already-done 不重复 VACUUM (117.181541ms)
✔ runOneTimeVacuumIfNeeded (838.536709ms)
▶ pre-fund-reconciliation 主库 run 镜像
  ✔ 迁移幂等且只保存轻量元数据 (2.226166ms)
  ✔ 旧 mirror 表 additive 升级为 v0/null 并先加列再建 TaskRun 索引 (0.731917ms)
  ✔ running -> success 保存汇总并保持主/侧 run ID 命名空间 (0.525083ms)
  ✔ 失败、进程中断和侧库丢失均可观察 (0.539417ms)
  ✔ v1 TaskRun 唯一定位镜像且 main terminal ACK 幂等 (0.436958ms)
✔ pre-fund-reconciliation 主库 run 镜像 (5.035458ms)
✔ 首次调用加 side_db_rel_path 列 (1.327583ms)
✔ 重复调用幂等 no-op（不抛错、列不重复） (0.455875ms)
✔ 老 runs 行加列后 side_db_rel_path 默认 NULL（双源：NULL=历史主库 run） (0.380417ms)
✔ 新 run 行可写入 side_db_rel_path（侧库 run 标识） (0.418042ms)
▶ canonical owner public write protection
  ✔ public create 拒绝 isBuiltin=true，也拒绝非内置保留签名克隆 (10.823958ms)
  ✔ owner 允许启停和日期配置更新，但禁止身份漂移 (8.763708ms)
  ✔ owner 单删、批删和转移均被底层仓储阻断且不产生部分写 (7.98275ms)
  ✔ owner 的 set-applicable-channels 与 inTx 旁路都强制归一为空 (8.317167ms)
  ✔ 旧非内置保留签名冲突仍可删除；普通场景 update 不得新占用签名 (9.219625ms)
✔ canonical owner public write protection (45.74675ms)
▶ normalizeC2Config — 纯函数
  ✔ 旧单条件 {seq,field,op,value} → conditions:[{...}]（删顶层 field/op/value） (0.947583ms)
  ✔ 已是 conditions 结构 → 幂等 (0.080709ms)
  ✔ 缺字段防御：conditions 内 op/value 缺省补齐 (0.0495ms)
  ✔ 非 C2 / 无 billTypes config → 原样返回（不动） (0.038125ms)
  ✔ billTypes 内含非对象元素 → 原样保留该元素（不崩） (0.04475ms)
✔ normalizeC2Config — 纯函数 (1.645042ms)
▶ C2 DB 往返惰性迁移
  ✔ 旧结构 config 插入 → getScenario 读取得 conditions (4.699916ms)
  ✔ listByChannelIdAndCategory 读取 C2 → 所有 billTypes 已迁移为 conditions（含内置 seed 场景） (3.639292ms)
✔ C2 DB 往返惰性迁移 (8.434ms)
▶ listByChannelIdAndCategory
  ✔ channelId 不存在 → 空数组 (6.40725ms)
  ✔ category 不存在 → 空数组 (4.241792ms)
  ✔ 正常匹配 → 返完整 scenario（含 config + channelId + displayIndex） (4.390417ms)
  ✔ 多个匹配 → 按 priority DESC, id ASC 排序 (6.54075ms)
  ✔ enabled=0 场景被过滤 (4.663333ms)
  ✔ channel 隔离：工商-上海下场景不应返回到招商-北京 (4.909875ms)
  ✔ category 隔离：extract-recon-id 与 offset-bill-mark 不串 (4.392792ms)
✔ listByChannelIdAndCategory (36.212583ms)
▶ listByChannelIdAndCategory 参数校验
  ✔ channelId 非数字 → throw (3.358125ms)
  ✔ channelId NaN → throw (2.964792ms)
  ✔ category 非字符串 → throw (3.615875ms)
  ✔ category 空字符串 → throw (3.154917ms)
✔ listByChannelIdAndCategory 参数校验 (13.198417ms)
▶ transferScenarios
  ✔ 单条转移：A 渠道场景搬运到 B 渠道（D4=a 语义） (4.435917ms)
  ✔ 批量转移：多个场景一次搬运到目标渠道 (5.169834ms)
  ✔ 转移到「通用」渠道也合法（D2=c 兜底场景维护） (4.606959ms)
  ✔ 空数组 → throw 不动 DB (3.570333ms)
  ✔ targetChannelId 不存在 → throw + 事务回滚 (3.664291ms)
  ✔ 其中一条 scenario id 不存在 → throw + 整批回滚 (4.0825ms)
  ✔ targetChannelId 非数字 → throw (3.496417ms)
  ✔ targetChannelId <= 0 → throw (3.417208ms)
  ✔ scenarioIds 含非数字 → throw (3.05225ms)
  ✔ 转移到已有同名的目标渠道 → 抛 friendly error + 事务回滚 (5.346917ms)
✔ transferScenarios (40.990208ms)
▶ batchDelete
  ✔ 单条删除非内置场景 (3.51625ms)
  ✔ 批量删除多条非内置场景 (4.278041ms)
  ✔ 内置场景（is_builtin=1）可删：与单条 deleteScenario 行为对齐（F3 修订） (3.810041ms)
  ✔ 混合内置 + 非内置 → 全部删除（F3 修订后行为） (4.548583ms)
  ✔ 空数组 → throw 不动 DB (3.332542ms)
  ✔ scenarioIds 含 NaN → throw (2.85725ms)
  ✔ id 不存在 → deletedCount = 0（不抛错；DELETE 幂等） (3.029166ms)
✔ batchDelete (25.474709ms)
▶ F1 — createScenario 接受 channelId 入参（spec §16.3.2）
  ✔ 传 channelId=icbc_sh.id → INSERT 落 channel_id=icbc_sh.id (3.139667ms)
  ✔ 不传 channelId → 兜底落 channel_id=1（通用） (3.233541ms)
  ✔ channelId 非有限数字（string）→ 兜底落 channel_id=1 (3.20425ms)
  ✔ channelId=NaN → 兜底落 channel_id=1 (3.317292ms)
  ✔ channelId=cmb_bj.id 跨 channel 创建 → list 查通用应返空 (3.621667ms)
✔ F1 — createScenario 接受 channelId 入参（spec §16.3.2） (16.584916ms)
▶ getScenario channelId 字段（N5 资金红线防回归）
  ✔ 转移到非通用渠道后：getScenario 返回 channelId = 该渠道 id（不是兜底 1） (4.083916ms)
  ✔ 通用渠道场景：getScenario 返回 channelId = 1 (3.808917ms)
✔ getScenario channelId 字段（N5 资金红线防回归） (7.929ms)
▶ listScenarios displayIndex 按渠道分组 1-based（N5 防回归）
  ✔ 同渠道内场景 displayIndex 连续 1-based（按 priority DESC + id ASC） (4.08925ms)
  ✔ 多渠道：每个渠道 displayIndex 都从 1 开始（不是全表 1-N 跨渠道串号） (5.908041ms)
✔ listScenarios displayIndex 按渠道分组 1-based（N5 防回归） (10.037292ms)
▶ listScenarios displayIndex builtin-fixed 置顶（PR#58 P2-3 防回归）
  ✔ 同渠道：builtin-fixed displayIndex=1，普通高优先级场景排其后 (4.76075ms)
  ✔ 返回数组顺序仍是 (priority DESC, id ASC)（manager stable sort 前提不破） (3.991083ms)
  ✔ 多 builtin-fixed 同渠道：按 id ASC 取 1,2…，普通场景接其后 (5.112ms)
✔ listScenarios displayIndex builtin-fixed 置顶（PR#58 P2-3 防回归） (13.92275ms)
▶ listScenarios displayIndex 排除 C4（PR#58 P3-1 防回归）
  ✔ 加入中间优先级 C4 前后：同渠道银行场景 displayIndex 不变（C4 不顶偏） (5.824792ms)
  ✔ C4 自身 displayIndex 有效（自成分区，1-based，不被消费但需稳定非空） (4.784667ms)
  ✔ 漂移守卫：repository C4 副本与 scenario-dispatcher C4_CATEGORIES 一致 (3.00375ms)
✔ listScenarios displayIndex 排除 C4（PR#58 P3-1 防回归） (13.661083ms)
▶ v2.1.9 SR-FIX-1 spec §16.4 — R1/R2/R3 + UNIQUE migration
  ✔ R1：同 channel 同 name 插入 → 抛 friendly error（兼容新旧 UNIQUE 错误） (4.3625ms)
  ✔ R2：跨 channel 同 name 插入 → 双方落库成功（D39） (4.121709ms)
  ✔ R3：findByChannelAndName 跨 channel 同名查询仅返回指定 channel 的记录 (5.479709ms)
  ✔ migration：首次跑 → migrated；标志位写入 + scenarios 表结构改为复合 UNIQUE (4.291542ms)
  ✔ migration：第二次跑 → skipped（标志位幂等） (3.551ms)
✔ v2.1.9 SR-FIX-1 spec §16.4 — R1/R2/R3 + UNIQUE migration (21.909459ms)
▶ ensureAcquiringBillIdleCleanupMinutesSetting (migration T32b)
  ✔ 首次启动：seed 默认值 30 (2.148542ms)
  ✔ 幂等：第二次启动不覆盖用户已改值（INSERT OR IGNORE） (1.55ms)
  ✔ app_settings 表不存在 → 跳过 (1.078083ms)
✔ ensureAcquiringBillIdleCleanupMinutesSetting (migration T32b) (5.319959ms)
▶ getAcquiringBillIdleCleanupMinutes (settings-repository)
  ✔ 未 seed → 回退默认 30 (0.735375ms)
  ✔ 已 seed 默认 30 → 返回 30 (0.962208ms)
  ✔ 用户改成 5（边界下限） → 返回 5 (0.975916ms)
  ✔ 用户改成 180（边界上限） → 返回 180 (1.55425ms)
  ✔ DB 内值非数字 → 回退默认 30（资金红线兜底） (1.3145ms)
  ✔ DB 内值范围外（如 4 / 200） → 回退默认 30（资金红线兜底：never let cleanup never trigger） (1.254334ms)
  ✔ DB 内值空字符串 → 回退默认 30 (0.872292ms)
✔ getAcquiringBillIdleCleanupMinutes (settings-repository) (7.874833ms)
▶ setAcquiringBillIdleCleanupMinutes (settings-repository)
  ✔ 范围内整数 30 → 成功落库 (1.048833ms)
  ✔ 范围外（4 / 181 / 0 / -1） → 抛错（资金红线严校验） (0.806791ms)
  ✔ 非整数（浮点 / null / undefined / NaN / 空字符串 / 非数字字符串） → 抛错 (0.612292ms)
  ✔ 数字字符串如 "30" → 容错接受（前端 input.value 是 string） (0.9255ms)
  ✔ 边界值 5 / 180 成功 (1.186125ms)
✔ setAcquiringBillIdleCleanupMinutes (settings-repository) (4.647458ms)
▶ sqlite UPDATE 后 AppDatabase 重启行为（idle cleanup 阈值）
  ✔ sqlite UPDATE 写合法值 60 后重新 init AppDatabase → getter 返回 60 (81.814583ms)
  ✔ sqlite UPDATE 写范围外非法值（0 / 300）→ 重启 getter 兜底返回默认 30 (83.184125ms)
  ✔ sqlite UPDATE 写非数字 abc → 重启 getter parseInt 解析失败兜底回 30 (76.302542ms)
✔ sqlite UPDATE 后 AppDatabase 重启行为（idle cleanup 阈值） (241.395125ms)
▶ ensureAcquiringBillCurrencyRawJsonRetentionSettings (migration T22 / Phase 4)
  ✔ 首次启动：seed 默认值 7 (2.06ms)
  ✔ 幂等：第二次启动不覆盖用户已改值（INSERT OR IGNORE） (1.614416ms)
  ✔ app_settings 表不存在 → 跳过 (1.1705ms)
✔ ensureAcquiringBillCurrencyRawJsonRetentionSettings (migration T22 / Phase 4) (5.476417ms)
▶ getAcquiringBillRawJsonRetentionDays (settings-repository T22)
  ✔ 未 seed → 回退默认 7 (1.063416ms)
  ✔ 已 seed 默认 7 → 返回 7 (1.31625ms)
  ✔ 用户改成 1（边界下限） → 返回 1 (1.198208ms)
  ✔ 用户改成 30（边界上限） → 返回 30 (1.071833ms)
  ✔ DB 内值非数字 → 回退默认 7（资金红线兜底：clearStaleSuccessfulRawJson 不能用非法 retention） (1.284125ms)
  ✔ DB 内值范围外（0 / -1 / 31 / 100） → 回退默认 7（资金红线兜底） (1.9365ms)
  ✔ DB 内值空字符串 → 回退默认 7 (1.071125ms)
✔ getAcquiringBillRawJsonRetentionDays (settings-repository T22) (9.144334ms)
▶ setAcquiringBillRawJsonRetentionDays (settings-repository T22)
  ✔ 范围内整数 7 → 成功落库 (0.966125ms)
  ✔ 范围外（0 / 31 / -1 / 100） → 抛错（资金红线严校验） (0.913209ms)
  ✔ 非整数（浮点 / null / undefined / NaN / 空字符串 / 非数字字符串） → 抛错 (0.870625ms)
  ✔ 数字字符串如 "14" → 容错接受（前端 input.value 是 string） (1.072125ms)
  ✔ 边界值 1 / 30 成功 (1.488334ms)
✔ setAcquiringBillRawJsonRetentionDays (settings-repository T22) (5.38075ms)
▶ sqlite UPDATE 后 AppDatabase 重启行为（raw_json retention）
  ✔ sqlite UPDATE 写合法值 14 后重新 init AppDatabase → getter 返回 14 (84.176792ms)
  ✔ sqlite UPDATE 写范围外非法值（0 / 100）→ 重启 getter 兜底返回默认 7 (85.213916ms)
  ✔ sqlite UPDATE 写非数字 abc → 重启 getter parseInt 解析失败兜底回 7 (78.703125ms)
✔ sqlite UPDATE 后 AppDatabase 重启行为（raw_json retention） (248.176958ms)
▶ ALL_MODULE_IDS / DEFAULT_ENABLED_MODULES 常量
  ✔ ALL_MODULE_IDS 包含 13 个模块 (1.918208ms)
  ✔ ALL_MODULE_IDS 包含既有模块、前置资金对账和重复入金匹配 (1.091667ms)
  ✔ 前置资金对账默认不启用，由用户从功能收纳中打开 (0.94175ms)
  ✔ 重复入金匹配默认不启用，由用户从功能收纳中打开 (0.790666ms)
  ✔ 平盘对账数据处理默认不启用，由用户从功能收纳中打开 (0.722417ms)
  ✔ DEFAULT_ENABLED_MODULES 是 ALL_MODULE_IDS 子集 (0.693458ms)
✔ ALL_MODULE_IDS / DEFAULT_ENABLED_MODULES 常量 (6.764166ms)
▶ getSetting / setSetting
  ✔ 未 set → null (0.794292ms)
  ✔ set 后能 get (1.574333ms)
  ✔ UPSERT — 覆盖既有值 (1.278834ms)
  ✔ 空字符串值合法 (1.088541ms)
✔ getSetting / setSetting (4.854333ms)
▶ getLastImportDirectory / setLastImportDirectory
  ✔ build key：空 scope 使用 global，非空 scope 加前缀 (0.902875ms)
  ✔ 未设置时返回 null (0.780084ms)
  ✔ 同 scope 优先读 scoped，同时写入 global fallback (1.73075ms)
  ✔ 空目录不写入 (1.205542ms)
  ✔ 空白 scope 等价于全局，不产生双写 (1.014458ms)
  ✔ candidates：scoped 优先、global 兜底、同值去重 (2.562792ms)
✔ getLastImportDirectory / setLastImportDirectory (8.302958ms)
▶ getEnumConfig / setEnumConfig — JSON 序列化
  ✔ 未 set → null (0.68025ms)
  ✔ set 后 get → 反序列化 (1.615584ms)
  ✔ DB 内非法 JSON → null (1.234458ms)
✔ getEnumConfig / setEnumConfig — JSON 序列化 (3.580125ms)
▶ getBackgroundConfig / setBackgroundConfig
  ✔ 未 set → null (0.851ms)
  ✔ set 后 get (1.034584ms)
  ✔ DB 内非法 JSON → null (0.944708ms)
✔ getBackgroundConfig / setBackgroundConfig (2.865458ms)
▶ 自动更新设置
  ✔ 缺失或非法值默认关闭 (1.209ms)
  ✔ 布尔值按 1/0 持久化 (1.572958ms)
  ✔ 拒绝非布尔输入 (0.886958ms)
✔ 自动更新设置 (3.712041ms)
▶ UI Style（W4：恒 Clear + General 迁移）
  ✔ 未 set → getUiStyle 兜底返回 Clear（不再返回 null） (0.709833ms)
  ✔ 老库 ui_style=General → getUiStyle 无声归一为 Clear (0.939791ms)
  ✔ DB 内任意非法值 → getUiStyle 返回 Clear（不抛错） (0.999666ms)
  ✔ ui_style=Clear → getUiStyle 原样返回 Clear (1.066709ms)
  ✔ ensureUiStyleDefault：首次启动 seed Clear (1.127041ms)
  ✔ ensureUiStyleDefault：老库 General → 就地迁移为 Clear（落盘值被改写） (1.285084ms)
  ✔ setUiStyle 写链路已移除（不再导出） (0.909917ms)
✔ UI Style（W4：恒 Clear + General 迁移） (7.099916ms)
▶ getCurrentModule / setCurrentModule
  ✔ 未 set → null (0.805541ms)
  ✔ 合法 module ID set + get (0.99225ms)
  ✔ 非法 module ID → 抛错 (1.421875ms)
  ✔ v2.1.4 bug 防护：bank-bu-recon / biz-op-recon / acquiring-bill-currency 全可 set (1.443459ms)
  ✔ DB 内非法值 → getCurrentModule null (1.038916ms)
✔ getCurrentModule / setCurrentModule (5.76125ms)
▶ getReconIdFixBillCategory / setReconIdFixBillCategory
  ✔ 未 set → null (0.773916ms)
  ✔ set business / gateway (1.240458ms)
  ✔ set null/empty/undefined → 设为空串 → getRichton 返回 null (1.198ms)
  ✔ 非法 category 抛错 (0.596417ms)
✔ getReconIdFixBillCategory / setReconIdFixBillCategory (3.854875ms)
▶ getEnabledModules / setEnabledModules
  ✔ 首次启动 → seed 默认列表 + 返回拷贝 (1.564833ms)
  ✔ set 后 get (0.889625ms)
  ✔ set 自动去重 (0.941333ms)
  ✔ 非法模块 ID → setEnabledModules 抛错 (0.668084ms)
  ✔ 空数组 → 抛错（必须保留至少 1 个） (0.717ms)
  ✔ 非数组入参 → 抛错 (0.637208ms)
  ✔ 非字符串元素 → 抛错 (0.631458ms)
  ✔ DB 内非法 JSON → 回退默认（不阻断启动） (1.300084ms)
  ✔ DB 内 sanitize 后全空 → 回退默认 (1.12525ms)
  ✔ DB 内含合法 + 非法 → 过滤非法 (0.903417ms)
✔ getEnabledModules / setEnabledModules (9.475334ms)
✔ Duplicate result digest覆盖完整结果血缘且按业务顺序稳定、不泄漏敏感行 (5.391125ms)
✔ 重复入金侧库保存双文件导入与结果，保持稳定顺序并可文件级回收 (11.291292ms)
✔ finishRun在事务内物化返回值且receipt-owned run拒绝cleanup删除 (9.194292ms)
✔ 重复入金导入违反 BizId 唯一约束时双文件事务整体回滚 (2.811333ms)
✔ 单据流式写入中途失败时银行、单据和导入记录全部回滚 (3.485791ms)
✔ beforeCommitGuard在异步复核后同步阻断receipt/COMMIT并整体回滚 (2.8715ms)
✔ 重复入金侧库删除失败时显式阻断清理 (2.474375ms)
✔ 重复入金侧库删除后无法校验文件状态时显式阻断清理 (3.04ms)
✔ 重复入金启动回收会删除失去主库文件的 WAL/SHM 旁文件 (1.014666ms)
✔ 重复入金启动回收遇到侧库目录读取失败时显式阻断 (1.120458ms)
▶ FIXED_FIELD_VALUE_PREFIX 常量
  ✔ 值 = __FIXED__: (0.375292ms)
✔ FIXED_FIELD_VALUE_PREFIX 常量 (0.877959ms)
▶ SUPPORTED_EXTENSIONS 常量
  ✔ Set 实例 (0.096583ms)
  ✔ 支持 .xlsx / .xls / .csv (0.048792ms)
  ✔ 不支持 .pdf（v2.1.1 起移除） (0.039166ms)
  ✔ 不支持 .txt / .json (0.0365ms)
✔ SUPPORTED_EXTENSIONS 常量 (0.317209ms)
▶ FileValidationError — 构造
  ✔ 基本构造（仅 code + message） (0.10925ms)
  ✔ options.detailLines 拷贝（不共享引用） (1.077292ms)
  ✔ options.context 拷贝（不共享引用） (0.183125ms)
  ✔ detailLines 不是数组 → 兜底空数组 (0.095708ms)
  ✔ detailLines 缺失 → 默认空数组 (0.12725ms)
  ✔ context 不是 object → 默认空对象 (0.076333ms)
  ✔ context 缺失 → 默认空对象 (0.068459ms)
  ✔ 可被 throw + 捕获 (0.20275ms)
✔ FileValidationError — 构造 (2.130209ms)
▶ normalizeCell — 单元格归一
  ✔ null / undefined → 空串 (0.051375ms)
  ✔ 字符串 → trim (0.026334ms)
  ✔ 数字 → 字符串 (0.024125ms)
  ✔ 空字符串 → 空串 (0.025875ms)
  ✔ 布尔值 → 字符串 (0.023625ms)
✔ normalizeCell — 单元格归一 (0.233709ms)
▶ isRowMeaningful — 判断行非空
  ✔ 全空行 → false (0.050667ms)
  ✔ 至少一个有效单元格 → true (0.023ms)
  ✔ 空数组 → false (0.022083ms)
  ✔ 非数组 → false (0.022542ms)
✔ isRowMeaningful — 判断行非空 (0.160333ms)
▶ trimTrailingEmptyCells — 剥末尾空单元格
  ✔ 末尾全空 → 截到最后有意义单元格 (0.063834ms)
  ✔ 全行空 → 空数组 (0.026292ms)
  ✔ 全部有意义 → 原样 (0.029542ms)
  ✔ 中间有空白 → 保留 (0.030167ms)
  ✔ 非数组 → 空数组 (0.026458ms)
  ✔ 空数组 → 空数组 (0.022167ms)
✔ trimTrailingEmptyCells — 剥末尾空单元格 (0.260083ms)
▶ CAUSE_MAP — 常量结构
  ✔ Object.freeze 锁死 (0.37625ms)
  ✔ 所有 value 是非空字符串 (0.09425ms)
✔ CAUSE_MAP — 常量结构 (0.971ms)
▶ CAUSE_MAP — 银行对账单算法层错误码
  ✔ inconsistent-recon-id-values 已定义 (0.089125ms)
  ✔ single-field-multi-recon-id 已定义 (0.035958ms)
  ✔ one-to-many / many-to-one 已定义 (0.038042ms)
  ✔ multi-gateway-match 已定义 (0.034125ms)
  ✔ overwrite-existing-* 已定义 (0.071583ms)
✔ CAUSE_MAP — 银行对账单算法层错误码 (0.69625ms)
▶ CAUSE_MAP — 文件 schema 错误码（跨模块共用）
  ✔ invalid-column-count / invalid-column-name 已定义 (0.082208ms)
  ✔ missing-sheet / file-not-found 已定义 (0.046666ms)
  ✔ amount-parse-error / date-parse-error 已定义 (0.05775ms)
✔ CAUSE_MAP — 文件 schema 错误码（跨模块共用） (0.2745ms)
▶ CAUSE_MAP — v3.0.23 R4 严格匹配
  ✔ 方向、完整条件、多候选三个错误码均有中文原因 (0.108292ms)
✔ CAUSE_MAP — v3.0.23 R4 严格匹配 (0.134584ms)
▶ CAUSE_MAP — v3.0.24 Payment 多大账号
  ✔ 非法大账号配置错误码有明确中文原因 (0.033333ms)
✔ CAUSE_MAP — v3.0.24 Payment 多大账号 (0.056792ms)
▶ CAUSE_MAP — v3.0.26 R5 Extra Fee 校验
  ✔ 非法手续费错误码有明确中文原因 (0.121041ms)
✔ CAUSE_MAP — v3.0.26 R5 Extra Fee 校验 (0.141875ms)
▶ CAUSE_MAP — v3.1.1 调拨方向与日期防误匹配
  ✔ 方向、日期与 directions 配置错误码均有用户可读原因 (0.055083ms)
  ✔ 日期策略 resolver 的三个非致命告警均说明安全回退与修复方式 (0.036375ms)
✔ CAUSE_MAP — v3.1.1 调拨方向与日期防误匹配 (0.11875ms)
▶ CAUSE_MAP — v3.0.21 DBS-Charge outbound 方向守卫
  ✔ dbs-charge-fund-direction-mismatch 已定义且说明跳过步骤2改写 (0.041916ms)
  ✔ errorCodeToCause 返回完整中文原因 (0.024125ms)
✔ CAUSE_MAP — v3.0.21 DBS-Charge outbound 方向守卫 (0.093667ms)
▶ CAUSE_MAP — 主模块粗粒度
  ✔ FILE_READ / FILE_TYPE 已定义 (0.026458ms)
✔ CAUSE_MAP — 主模块粗粒度 (0.043209ms)
▶ CAUSE_MAP — Pending 严重程度兜底
  ✔ fatal / row 已定义 (0.029833ms)
✔ CAUSE_MAP — Pending 严重程度兜底 (0.062208ms)
▶ errorCodeToCause — 错误码 → 中文描述
  ✔ 已知 code → 对应中文 (0.202458ms)
  ✔ 未知 code → 未知错误（不抛错） (0.037625ms)
  ✔ null / undefined / 空 → 未知错误 (0.033584ms)
  ✔ Pending 严重程度作 code (0.022375ms)
  ✔ 算法层 code (0.021ms)
  ✔ 返回类型必为字符串 (0.02175ms)
✔ errorCodeToCause — 错误码 → 中文描述 (0.414958ms)
▶ parseNumericValue — 数值解析
  ✔ null / undefined / 空字符串 → null (0.377ms)
  ✔ 数字直接透传 (0.04525ms)
  ✔ 千分位字符串 → 去逗号转数 (0.080958ms)
  ✔ 带正负号字符串 (0.035542ms)
  ✔ 非法字符串 → null (0.036708ms)
✔ parseNumericValue — 数值解析 (1.080625ms)
▶ roundAmount / roundAmountHighPrecision
  ✔ roundAmount 保留 2 位小数 (0.0525ms)
  ✔ roundAmountHighPrecision 保留 12 位 (0.048709ms)
✔ roundAmount / roundAmountHighPrecision (0.167042ms)
▶ sanitizeAmountValue — 金额清洗
  ✔ 空值 → 空字符串 (0.078458ms)
  ✔ 数字 → 字符串 (0.0355ms)
  ✔ 剥离非数字字符 (0.068417ms)
  ✔ 多点合并为单点（保留首点） (0.029708ms)
  ✔ 补 0：".5" → "0.5" (0.0235ms)
✔ sanitizeAmountValue — 金额清洗 (0.31575ms)
▶ sanitizeSignedAmountValue — 带符号金额清洗
  ✔ 正号保留 (0.107125ms)
  ✔ 负号保留 (0.026125ms)
  ✔ 混合字符 → 仅保留首符号和数字 (0.021541ms)
  ✔ 数字直接 → 无符号 (0.018584ms)
✔ sanitizeSignedAmountValue — 带符号金额清洗 (0.210917ms)
▶ hasEffectiveAmount — 有效金额判断
  ✔ 空值 / 0 → false (0.044875ms)
  ✔ 非零数值 → true (0.029625ms)
  ✔ 字符串带千分位 → true (0.019792ms)
✔ hasEffectiveAmount — 有效金额判断 (0.12825ms)
▶ splitSignedAmountValue — 带符号金额拆 Credit/Debit
  ✔ 正数 → Credit (0.047083ms)
  ✔ 负数 → Debit（绝对值） (0.023ms)
  ✔ 0 → 双空 (0.022084ms)
  ✔ 空 → 双空 (0.017833ms)
  ✔ 无符号正数（默认正）→ Credit (0.019208ms)
✔ splitSignedAmountValue — 带符号金额拆 Credit/Debit (0.165667ms)
▶ normalizeCurrencyAlias — 别名规范化
  ✔ 英文大小写归一 + 小写 (0.0635ms)
  ✔ 括号剥离（半角 / 全角 / 方括号） (0.067334ms)
  ✔ 分隔符统一为 /（中英文逗号 / 顿号 / 分号 / 全角斜杠） (0.031083ms)
  ✔ 空白全剥 (0.024667ms)
✔ normalizeCurrencyAlias — 别名规范化 (0.217583ms)
▶ extractCurrencyAliases — 提取别名列表
  ✔ 空 → 空数组 (0.560667ms)
  ✔ 单值 → 单元素 (0.072667ms)
  ✔ 多值（斜杠分隔）→ 完整 + 分组 (0.046958ms)
  ✔ 去重 (0.025292ms)
✔ extractCurrencyAliases — 提取别名列表 (0.746333ms)
▶ resolveCurrencyValue — 币种解析（含模糊匹配）
  ✔ 空值 → 空 + 无 issue (0.062417ms)
  ✔ 纯英文（A-Z + 空格 + 横线）→ 直通 (0.0255ms)
  ✔ 中文匹配 → 返回英文 code (0.059625ms)
  ✔ 多映射别名命中 (0.024208ms)
  ✔ 未匹配 → 原值 + issue (0.036541ms)
✔ resolveCurrencyValue — 币种解析（含模糊匹配） (0.2575ms)
▶ normalizeDateExportValue — 日期解析主入口
  ✔ null / undefined / 空 → 空结果 (0.138625ms)
  ✔ Date 实例 → 截到日级别 (0.027458ms)
  ✔ Excel 序列号（数值）→ 日期 (0.11125ms)
  ✔ 字符串 yyyy-mm-dd (0.209166ms)
  ✔ 字符串 yyyy/mm/dd → 保留 displayFormat (0.152209ms)
  ✔ 字符串 yyyymmdd (0.040667ms)
  ✔ 字符串 中文 年月日 (0.189708ms)
  ✔ 字符串 英文月份（22 May 2026） (0.20575ms)
  ✔ 字符串 英文月份（May 22 2026） (0.250792ms)
  ✔ 非法日期（month=13）→ 空 / fallback 解析 (0.042875ms)
✔ normalizeDateExportValue — 日期解析主入口 (1.47025ms)
▶ parseDateValue — 仅返回 date 实例
  ✔ 返回 normalizeDateExportValue 的 date 字段 (0.053417ms)
  ✔ 空 → null (0.031916ms)
✔ parseDateValue — 仅返回 date 实例 (0.119834ms)
▶ stripDateTimeSuffix — 剥时间后缀
  ✔ ISO 8601 时间剥离 (0.038417ms)
  ✔ 空格 + 时间剥离 (0.023667ms)
  ✔ AM/PM 后缀剥离 (0.019292ms)
  ✔ 无时间后缀 → 原样 (0.018541ms)
✔ stripDateTimeSuffix — 剥时间后缀 (0.13ms)
▶ inferDateCellFormat — 格式推断
  ✔ 8 位数字 → yyyymmdd (0.048666ms)
  ✔ yyyy/mm/dd 格式 (0.019167ms)
  ✔ 其他 → yyyy-mm-dd (0.02825ms)
✔ inferDateCellFormat — 格式推断 (0.119208ms)
▶ toExcelSerial — JS Date → Excel 序列号
  ✔ 1900-01-01（Excel epoch 之后） (0.031292ms)
  ✔ 2026-05-22 → 合理范围 (0.021125ms)
✔ toExcelSerial — JS Date → Excel 序列号 (0.075708ms)
▶ isRegexLiteral — 识别 /pattern/flags 字面量
  ✔ 合法字面量 → true (0.058708ms)
  ✔ 非字面量 → false (0.018792ms)
  ✔ 非字符串 → false (0.017542ms)
✔ isRegexLiteral — 识别 /pattern/flags 字面量 (0.12525ms)
▶ compileRegexLiteral — 字面量 → RegExp 实例
  ✔ 合法字面量 → RegExp (0.043916ms)
  ✔ 非法字面量 → 抛错 (0.162958ms)
✔ compileRegexLiteral — 字面量 → RegExp 实例 (0.225208ms)
▶ matchAmountSplitConditionValue — 金额拆分条件匹配
  ✔ 字面量精确匹配 (0.0625ms)
  ✔ 正则字面量匹配 (0.042ms)
  ✔ trim 前后空白 (0.015459ms)
  ✔ 非法正则字面量 → false（不抛错） (0.040791ms)
  ✔ 空值兼容 (0.01875ms)
✔ matchAmountSplitConditionValue — 金额拆分条件匹配 (0.213166ms)
▶ isMemoryLimitError（大文件全量读触顶内存类错误判定）
  ✔ RangeError → true（V8 ArrayBuffer / string / array 上限均抛 RangeError） (0.4515ms)
  ✔ message 命中 OOM 关键字 → true（即便不是 RangeError 实例） (0.144417ms)
  ✔ 普通错误 → false（不误判为大文件） (0.087166ms)
✔ isMemoryLimitError（大文件全量读触顶内存类错误判定） (1.232041ms)
▶ getLogFilePath
  ✔ 路径构造：logs/{YYYY-MM}/{MM-DD}/{level}.log 月+日两层归档 (1.488709ms)
  ✔ level 兜底：未知 level → info (0.443417ms)
  ✔ level 大写兼容：ERROR → error (0.233ms)
  ✔ 自动 mkdirSync recursive：目录不存在自动创建 (0.49875ms)
  ✔ 跨月切换：5 月 → 6 月生成不同 YYYY-MM 目录 (0.574375ms)
  ✔ 跨年切换：自动归到下一年目录 (0.466ms)
✔ getLogFilePath (4.2665ms)
▶ appendStructuredLog
  ✔ JSON Lines 格式：每行一个合法 JSON 对象 (1.052875ms)
  ✔ 字段 schema 完整：ts / level / source / domain / message / details (1.094792ms)
  ✔ 字段兜底：未传 source/domain/details → unknown / [] (0.518333ms)
  ✔ message 兜底：空 message → "未命名操作" (0.355292ms)
  ✔ details 清洗：null / 空字符串过滤 + trim (0.474375ms)
  ✔ stack 可选：传入则附加，未传则不出现 (0.310416ms)
  ✔ ts 自定义：传入则使用 caller 提供的 ts (0.4555ms)
✔ appendStructuredLog (4.397042ms)
▶ appendActivityRecord 写入新结构 JSON Lines（v2.1.12 SR-log-1 删旧 txt 双写后）
  ✔ 仅写新 JSON Lines，不再创建旧 app_activity_log.txt (0.528833ms)
  ✔ 旧 caller 兼容：仅传 level/message/details 不带 source 也能写新结构 (0.415375ms)
  ✔ 新结构写入失败时抛错，交由 caller 兜底（删旧 txt 后不再吞错） (0.469167ms)
  ✔ 永久保留：多次写入 append 累积，不滚动不清理 (0.690834ms)
  ✔ level 分文件：error / warning / info 写到不同文件 (0.691833ms)
  ✔ source + domain + stack 字段透传 (0.4305ms)
✔ appendActivityRecord 写入新结构 JSON Lines（v2.1.12 SR-log-1 删旧 txt 双写后） (3.301792ms)
▶ sanitizeBankName
  ✔ 合法字符不动 (1.034167ms)
  ✔ 非法字符替换为 - (0.249875ms)
  ✔ 空白合并为单 - (0.382125ms)
  ✔ 空值 → unknown-bank (0.407542ms)
✔ sanitizeBankName (2.569625ms)
▶ readOwnAccounts
  ✔ 文件不存在 → 空数组 (0.957792ms)
  ✔ 合法 JSON 数组 → 返回 (1.067542ms)
  ✔ 文件损坏 → 空数组 (0.679708ms)
  ✔ 文件非数组 → 空数组 (0.61975ms)
✔ readOwnAccounts (3.419292ms)
▶ writeOwnAccounts
  ✔ 自动创建目录 (0.5585ms)
  ✔ 写入空数组 (0.64175ms)
  ✔ 文件名 sanitize (0.494084ms)
✔ writeOwnAccounts (1.750167ms)
▶ PENDING_COLUMNS — Pending.xlsx 31 列
  ✔ Object.freeze 锁死 (0.426333ms)
  ✔ 恰好 31 列 (0.054333ms)
  ✔ 字段唯一 (0.045208ms)
  ✔ 字段全非空字符串 (0.06625ms)
  ✔ 第 1 列 = pending类型 (0.040083ms)
  ✔ 包含核心字段 (0.039417ms)
  ✔ 包含 v2.0.0-beta.2 还原后的 pending资金类型（允许任意文本） (0.04225ms)
✔ PENDING_COLUMNS — Pending.xlsx 31 列 (1.284084ms)
▶ createRun
  ✔ 返回新 run id (2.324375ms)
  ✔ ruleSnapshot 缺失 → 序列化为 {} (1.494ms)
✔ createRun (4.351042ms)
▶ updateRunStats
  ✔ 更新 stat_new / missing / changed (1.229041ms)
  ✔ 非数字 → 0 兜底 (0.929417ms)
✔ updateRunStats (2.238125ms)
▶ getRunById
  ✔ 已存在 run → 返回对象 (0.8825ms)
  ✔ 不存在 → null (0.785667ms)
  ✔ ruleSnapshot 非 JSON → null（不抛错） (0.754542ms)
✔ getRunById (2.518459ms)
▶ listAllRuns / listRunsForMonthPair / getLatestRunForMonthPair
  ✔ listAllRuns 按 createdAt DESC 排 (6.5685ms)
  ✔ listRunsForMonthPair 过滤指定月对 (0.881042ms)
  ✔ getLatestRunForMonthPair 返回最新一条 (7.329583ms)
  ✔ getLatestRunForMonthPair 无 run → null (0.909542ms)
  ✔ listAllRuns 空 → [] (0.764083ms)
✔ listAllRuns / listRunsForMonthPair / getLatestRunForMonthPair (16.569209ms)
▶ listDiffRows
  ✔ 返回该 run 全部 diff_rows (0.835167ms)
  ✔ 按 type 过滤 (0.783917ms)
  ✔ upperRowId / lowerRowId 数字化 (0.706375ms)
  ✔ 空 run → [] (0.651166ms)
✔ listDiffRows (3.022583ms)
▶ migration — removed_pending_rows / pending_removal_matches
  ✔ 单次 runMigrations 后 2 新表存在 (1.9675ms)
  ✔ removed_pending_rows 列齐全（raw_json + 6 索引列 + 元信息） (0.865625ms)
  ✔ pending_removal_matches 列齐全 (0.813333ms)
  ✔ 索引存在 (0.774208ms)
  ✔ Archive lineage additive 列、removed head、receipt 唯一索引与 rollback triggers 存在 (0.862709ms)
  ✔ 幂等：连跑 2 次不报错，表/索引仍在 (0.925417ms)
  ✔ 幂等：第 2 次跑不清空已插入数据 (1.92575ms)
  ✔ 不破坏现有表（pending_rows / diff_rows / diff_runs / rule / pending_months 仍建出） (0.793167ms)
✔ migration — removed_pending_rows / pending_removal_matches (9.532083ms)
▶ countRowsInMonth
  ✔ 空月 → 0 (1.951625ms)
  ✔ 插入 N 行后 → N (0.9015ms)
  ✔ count 仅限指定月 (0.757375ms)
✔ countRowsInMonth (4.14475ms)
▶ upsertMonthMeta / getMonthMeta
  ✔ upsert 后 getMonthMeta (2.3025ms)
  ✔ 未 upsert 的月 → null (0.843875ms)
  ✔ upsert 已有月 → 覆盖（ON CONFLICT） (0.903708ms)
  ✔ sourceFiles 非数组 → 空数组 (0.788917ms)
  ✔ archivePath 缺失 → null (1.016958ms)
  ✔ rowCount 非数字 → 0 (0.879333ms)
✔ upsertMonthMeta / getMonthMeta (6.920375ms)
▶ listMonths
  ✔ 空 → [] (0.798792ms)
  ✔ 多月按倒序排列 (0.896959ms)
✔ listMonths (2.127041ms)
▶ deleteMonth
  ✔ 删除月份 + 行数据 (0.913583ms)
  ✔ 删除月份 + 引用 diff_runs / diff_rows (0.896167ms)
  ✔ Finding 1：覆盖导入清该月 removed_pending_rows + 关联 pending_removal_matches (0.984542ms)
  ✔ Finding 1：删除顺序正确（先删 matches 再删 diff_runs，无孤儿残留） (1.033292ms)
  ✔ Finding 1：覆盖导入某月不影响其它月的 removed / matches (0.909958ms)
✔ deleteMonth (4.802667ms)
▶ createRowInserter
  ✔ 插入 31 列 cells → 成功 (0.759792ms)
  ✔ cells 长度不对 → 抛错 (0.824167ms)
  ✔ cells 非数组 → 抛错 (0.686958ms)
  ✔ UNIQUE row_hash + year_month 约束 (0.754875ms)
✔ createRowInserter (3.065542ms)
▶ 常量
  ✔ RULE_GLOBAL_ID = __GLOBAL__ (1.742709ms)
✔ 常量 (2.218791ms)
▶ getRule
  ✔ 空 DB → null (0.821875ms)
  ✔ upsert 后能 get (1.825917ms)
✔ getRule (2.721625ms)
▶ upsertRule
  ✔ INSERT 新规则 (0.862875ms)
  ✔ UPDATE 已有规则（id 固定 __GLOBAL__） (0.770625ms)
  ✔ 过滤非字符串 / 空串 (1.145958ms)
  ✔ payload 缺字段 → 空数组 (0.793291ms)
  ✔ payload 缺省 → 空数组 (0.767125ms)
  ✔ matchFields 非数组 → 当空数组 (0.726875ms)
  ✔ 返回值 = 实际落库值 (0.718167ms)
✔ upsertRule (5.944875ms)
▶ parseJsonArray 兜底（DB 内非法 JSON）
  ✔ match_fields 非法 JSON → 空数组 (1.122042ms)
  ✔ match_fields 是 object → 空数组（非 array） (0.742834ms)
✔ parseJsonArray 兜底（DB 内非法 JSON） (1.905875ms)
✔ pending 契约通过 validateContract（whitelist=null 旁路第 1 层防护） (0.83575ms)
✔ engine worker contract 边界只接受 exact v1 dataset seed 并冻结副本 (0.211875ms)
✔ ordinary import 在同一 transaction 拒绝 stale head，v0 head 精确递增到 v1 (2.007416ms)
✔ expectedHeaders = PENDING_COLUMNS（31 列，顺序一致） (0.053291ms)
✔ mapRow → 33 参（[year_month, row_hash, ...cells31]，列序对齐 insertSql） (0.332542ms)
✔ insertSql 与 month-repository.createRowInserter byte-for-byte 同源 (0.063833ms)
✔ 🔴 deleteForOverwrite 同事务清 7 项并包含 removed dataset head（R-1 红线） (0.10575ms)
✔ 🔴 deleteForOverwrite 在任何业务 DELETE 前拒绝未 ACK v1 run，diff/pending 零变化 (1.296166ms)
✔ finalizeForCommit = upsertMonthMeta（rowCount/sourceFiles/archivePath/importedAt 字段） (0.080375ms)
✔ finalizeForCommit archivePath=null 透传 null (0.083416ms)
✔ dedupeKeyOf 与 mapRow rowHash 同源（computeRowHash）+ 共算一次（memo 复用） (0.098209ms)
✔ formatDuplicateError 文案逐字（发现重复行（hash xxxxxxxx...）） (0.049834ms)
✔ cellsOf 从 33 参 params 逆推 31 列 cells（E5 cells 缺口补丁） (0.065625ms)
✔ cellsOf 防御：params 非数组 → 空数组 (0.033625ms)
✔ monthKeyOf 恒返回 null（跨月校验旁路）；空文件文案逐字 (0.034458ms)
▶ readRemovedPendingFile — 正常解析
  ✔ 46 列表头 + 1 数据行 → 解析出 1 行，raw 含全 46 列 (9.732792ms)
  ✔ 索引字段从 raw 抽到顶层（order_no/recon_id/金额/channel/merchant_id/bank_ref） (2.968292ms)
  ✔ 多数据行 + 中间空行被跳过 (2.391875ms)
  ✔ cell 值前后空白被 trim（normalizeCell） (1.70175ms)
✔ readRemovedPendingFile — 正常解析 (17.340208ms)
▶ readRemovedPendingFile — 数字 sheet 名取第一个 sheet（D-T2-4）
  ✔ sheet 名是大数字 ID 字符串 → 仍取第一个 sheet 正常解析 (1.954708ms)
  ✔ 多 sheet 时取第一个（第二个 sheet 内容被忽略） (2.336375ms)
✔ readRemovedPendingFile — 数字 sheet 名取第一个 sheet（D-T2-4） (4.380166ms)
▶ readRemovedPendingFile — 报错路径
  ✔ 空 sheet（无表头）→ FileValidationError (1.777458ms)
  ✔ 表头列数不足（少 1 列）→ FileValidationError (1.457833ms)
  ✔ 表头内容不符（某列错名）→ FileValidationError (1.541375ms)
  ✔ 文件不存在 → FileValidationError（读取失败） (0.520375ms)
✔ readRemovedPendingFile — 报错路径 (5.416625ms)
▶ readRemovedPendingFile — 真实模板 assets/移除归档Pending账单.xlsx
  ✔ 真实模板表头 46 列校验通过（仅表头无数据 → totalRows=0） (3.977542ms)
✔ readRemovedPendingFile — 真实模板 assets/移除归档Pending账单.xlsx (4.009375ms)
✔ parseRowXml: r 为第一个属性（基线，不回归） (0.762166ms)
✔ parseRowXml: 🔴 s 在 r 之前的 styled cell — 金额不漏读（Critical 回归） (0.067958ms)
✔ parseRowXml: t 在 r 之前的 shared string cell — 类型正确解析 (0.043333ms)
✔ parseRowXml: 多属性任意顺序(s,t,r) + 大额金额精确（资金红线） (0.048041ms)
✔ parseRowXml: 自闭合空 cell <c r=".."/> 不影响相邻列 (0.053083ms)
✔ parseRowXml: 自闭合 cell 属性顺序无关 <c s=.. r=../> (0.046ms)
✔ parseRowXml: <v xml:space="preserve"> 含空格字符串不丢（BUG3 回归） (0.063ms)
✔ parseRowXml: <v> 带属性的数字单元格不漏读（资金红线，<v> 属性容忍） (0.037083ms)
▶ validateHeaders — Pending 31 列表头校验
  ✔ 表头完全匹配 → ok (0.460083ms)
  ✔ 非数组 → 报错 (0.076375ms)
  ✔ 列数不匹配 → 报错 (0.056625ms)
  ✔ 第 1 列不匹配 → 报错具体位置 (0.05725ms)
  ✔ 表头严格相等（不 trim — 与 bank-bu / biz-op 验证不同） (0.381666ms)
✔ validateHeaders — Pending 31 列表头校验 (1.602167ms)
▶ computeRowHash — sha1 行 hash
  ✔ 相同输入 → 相同 hash (0.273375ms)
  ✔ 不同输入 → 不同 hash (0.0535ms)
  ✔ hash 长度 = 40（sha1 hex） (0.055958ms)
  ✔ null / undefined 视作空串 (0.047833ms)
  ✔ 数字转字符串 (0.068584ms)
  ✔ SOH 分隔符防边界混淆：["AB", "CD"] ≠ ["A", "BCD"] (0.043167ms)
  ✔ 空数组 → 仍能算 hash (0.030666ms)
  ✔ 列数不同 → hash 不同 (0.029958ms)
✔ computeRowHash — sha1 行 hash (0.74175ms)
✔ 正常文件：所有 entry 在限内 → 不抛 (6.243292ms)
✔ ≥2^31：中央目录 uncompressedSize 改成 2^31 → 抛 FileValidationError 含中文指引 (1.719958ms)
✔ 损坏 zip：非合法 zip → fail-open 放行（不抛） (0.63475ms)
✔ zip64：32 位字段 0xffffffff + zip64 extra field 真值 ≥2^31 → 抛（走 64 位无符号正解） (1.736916ms)
✔ 多 sheet：目标 sheet 小 + 其他 sheet 超限 + sheetEntryNames 只含目标 sheet → 放行（不误伤） (1.453833ms)
✔ 多 sheet：目标 sheet 本身超限 + sheetEntryNames 含目标 sheet → 仍拦 (1.01125ms)
✔ sharedStrings 恒检：sst 超限 + sheetEntryNames 只含某 sheet → 仍拦（三个调用方都 inflate sst） (0.82725ms)
▶ removal-match — matchRemoval 配对语义
  ✔ ① 单字段命中（order_no 相等） (3.578708ms)
  ✔ ② 多轮 fallback：第一字段不中、第二字段命中 (1.06225ms)
  ✔ ③ missing 有、移除无（部分未配） (0.9865ms)
  ✔ ④ 移除有、missing 无（移除多于 missing） (1.024542ms)
  ✔ ⑤ 空 matchFields → 0 匹配（全部未配） (0.838625ms)
  ✔ ⑥ 空移除数据 → 0 匹配 (0.960458ms)
  ✔ ⑦ 幂等：重复 matchRemoval 先删旧不累积 (1.239333ms)
  ✔ ⑧ listMatchedDiffRowIds / listMatchedRemovedRowIds 正确（混合命中） (1.574875ms)
  ✔ ⑨ 空值跳过：missing/removed 的 key 字段为空不参与配对 (1.112167ms)
  ✔ ⑩ 同 key 多行 → id 升序 1 对 1（min(左,右) 对） (0.965917ms)
  ✔ ⑪ 多轮已配对行移出候选池（不被后续字段重复配） (0.839916ms)
  ✔ ⑫ matchField 非顶层索引列 → 从 raw 取值（慢路径） (0.872708ms)
✔ removal-match — matchRemoval 配对语义 (15.786625ms)
▶ removal-match — C1 数值字段比较 key 归一化（金额千分位/尾零）
  ✔ ⑬ 金额 "1234.5"（pending 入库口径） vs "1,234.50"（removed 显示格式） → 配上 (0.846375ms)
  ✔ ⑭ 金额 "1000" vs "1,000.00" → 配上（整数尾零 + 千分位） (1.007375ms)
  ✔ ⑮ 金额 "0.1" vs "0.10" → 配上（小数尾零） (0.833125ms)
  ✔ ⑯ 金额不同值仍不配（归一化不放宽到错配）：1234.5 vs 1,234.60 (0.838375ms)
  ✔ ⑰ 非数值字段（order_no）千分位形态不归一化：保持字符串严格比较 (1.049333ms)
  ✔ ⑱ 金额配对走多轮 fallback（order_no 不中 → 金额归一化命中） (0.926708ms)
✔ removal-match — C1 数值字段比较 key 归一化（金额千分位/尾零） (5.593125ms)
▶ removal-match — compareMatchedContent 内容核对（compareFields 共用对账规则）
  ✔ ① 配上 + compareFields 全部一致 → 核对无误 (1.258125ms)
  ✔ ② 配上 + 金额带千分位/尾零但数值相等 → 核对无误（复用 C1 归一化，不误报） (0.905958ms)
  ✔ ③ 配上 + 金额真不同 → 核对有差异（差异文字含金额 + 原始值） (0.832209ms)
  ✔ ④ 多字段差异 → 文字含多字段，; 分隔 (0.84725ms)
  ✔ ⑤ 没配上的 missing 行 → 不在返回 Map（writer 据此填 missing有_移除无） (0.864375ms)
  ✔ ⑥ compareFields 为空 → 配上即无误（无可比内容） (0.815708ms)
  ✔ ⑦ 空值核对：missing 有值 vs removed 空 → 有差异（原始值显示空串侧） (0.842583ms)
✔ removal-match — compareMatchedContent 内容核对（compareFields 共用对账规则） (6.43475ms)
▶ v3.1.3 position streaming preflight
  ✔ PR-D 流式来源门禁固定开放四类普通来源 (1.099ms)
  ✔ 五类来源的新 XLSX reader 与旧 SheetJS row/type/hash 等价 (49.197208ms)
  ✔ 1904 日期系统仍保持旧 SheetJS 的 Date 值与 hash (5.560208ms)
  ✔ 银行 49 列逐行读取后投影出的 46 列与旧 reader 等价 (5.567417ms)
  ✔ 公式缓存、布尔、错误、科学计数法、长文本 ID 与负零保持 SheetJS 值类型 (4.716125ms)
  ✔ SST 超过预算切到磁盘 provider，随机读取后 close 清理 spill (5.494625ms)
  ✔ ledger 文件 savepoint 回滚后不污染后序记录身份，并可封存和检出篡改 (11.263458ms)
  ✔ ledger 声明行数与身份表不一致时拒绝封存 (5.837583ms)
  ✔ source preflight 折叠完全重复行并保留同业务主键的不同内容 (19.5175ms)
  ✔ bank preflight 任一文件失败时整批回滚，scope 和已接受文件均不残留 (15.642042ms)
  ✔ child utility dispatcher 只返回 manifest，不传完整行 (207.0445ms)
  ✔ 普通来源等待授权时取消会清理已预检 staging 和 ledger (209.43125ms)
  ✔ 普通来源 apply 授权失败会由 worker 清理预检产物 (208.1525ms)
  ✔ worker 在零提交时被强制终止会由 dispatcher 清理暂存批次 (1290.364167ms)
  ✔ dispatcher 只接受 staging 根目录直属批次作为零提交清理目标 (0.115708ms)
  ✔ dispatcher 零提交清理保留归档重试仍引用的共享暂存批次 (1.260334ms)
  ✔ 五个业务写命令缺持久 owner 时在启动 worker 前拒绝 (0.159292ms)
  ✔ maintenance 写命令以 exact-5 operationContext 启动 worker (0.341292ms)
  ✔ 普通来源 START/PREFLIGHT 不带批次，APPLY_GRANTED 注入父 action batchContext (0.323416ms)
  ✔ 普通来源 mutating APPLY_GRANTED 缺 batchContext 时拒绝且不发送提交授权 (0.44375ms)
  ✔ dispatcher 拒绝重复预检授权并清理第一份预检目录 (1.246542ms)
  ✔ dispatcher 启动作业消息发送失败时终止 worker 并清理空任务目录 (0.807833ms)
  ✔ dispatcher 在 worker 同步提交期间发送不虚增计数的进度心跳 (23.61625ms)
  ✔ dispatcher 不把 worker 拒绝的提交阶段取消记为已确认取消 (0.370959ms)
  ✔ schema-only utility job 原子建立现代来源身份且不推进 checkpoint (207.520083ms)
  ✔ worker 在 PREFLIGHT_READY 后验证 grant 的 manifest、schema 和 checkpoint (414.714209ms)
  ✔ gateway-outbound 生产 writer 保留同主键不同内容并折叠完全重复 (653.508667ms)
  ✔ 四类普通来源流式 writer 保持 0/hidden/visible/双腿派生语义 (456.871792ms)
  ✔ 账户快照单独预检只生成确认 descriptor，不在 prepare 阶段写库 (209.219417ms)
  ✔ 银行 prepare 不写库，确认后整批单事务替换并忽略 49 列审计字段 (1443.856625ms)
  ✔ 银行 apply 只复制 scope 聚合，不再复制全量 BizId 临时键表 (0.348709ms)
  ✔ 普通来源与账户混选时普通来源先提交，账户确认后整表替换 (1025.292708ms)
  ✔ gateway-outbound 后序文件失效时保留前序已提交文件并可恢复 (422.473334ms)
  ✔ 含过滤行的多文件部分提交只恢复已提交文件的独立异常报告 (460.251375ms)
  ✔ 含过滤行的多文件全部提交时保留文件级审计分片和完整批次报告 (451.362125ms)
  ✔ 普通来源部分成功只返回已提交文件依赖闭合的异常报告 (449.942209ms)
  ✔ 仅含重复过滤行的后续文件不产生报告依赖 (444.437375ms)
  ✔ 磁盘门禁使用保守行放大和固定安全边际，无法确认空间时 fail closed (0.782542ms)
  ✔ 默认 disabled 不启动 worker，.xls 主进程调用被拒绝 (0.2035ms)
  ✔ 预置取消标记时 staging 前终止，不生成 sealed ledger (1.358583ms)
  ✔ 非法 staging batchId 在创建或清理目录前被拒绝 (0.328583ms)
  ✔ 大文件复制过程中取消会删除未完成 staging (11.219292ms)
  ✔ 工作表扫描过程中取消保持 position-import-cancelled (4.552625ms)
  ✔ 封存前后 ledger SHA 与 size 可重复验证 (10.622041ms)
  ✔ 3.1.4 白名单异常完整扫描、生成同字节报告并与正常行同文件事务提交 (451.639125ms)
  ✔ 3.1.4 全量过滤文件仍提交墓碑但不生成来源与链接候选 (897.442125ms)
  ✔ 3.1.4 正常行与过滤行业务键碰撞时结果不受文件选择顺序影响 (47.606458ms)
  ✔ 3.1.4 异常报告失败只拒绝含过滤行文件，普通文件继续预检提交 (24.700541ms)
  ✔ 3.1.4 过滤行业务键已存在正常记录时整文件拒绝且不删除旧记录 (21.960375ms)
✔ v3.1.3 position streaming preflight (10181.699ms)
✔ 来源删除按月份分批执行并依赖 FK cascade 清理链接行 (22.82875ms)
✔ 银行删除只提交实际命中 scope，空选择结果不推进 checkpoint (12.359667ms)
✔ FundTransfer 映射重建逐行派生 0/hidden/visible 双腿且取消整体回滚 (15.5075ms)
▶ PreFundReconciliationRunStore
  ✔ deduplicates gateway fingerprint, consumes once, and streams channel outputs (12.440583ms)
  ✔ 未确认 v1 success receipt 禁止删除结果侧库，确认后允许回收 (4.939417ms)
  ✔ mirror handoff 失败只按 TaskRun 精确删除本次 success receipt 及级联结果 (3.000292ms)
  ✔ fails visibly instead of exporting a blank row when result JSON is corrupted (4.280166ms)
  ✔ old five-sheet result DB opens compatibly and lazily gains duplicate audit tables (3.87625ms)
  ✔ corrupted duplicate result JSON fails visibly (3.061791ms)
  ✔ missing kept raw snapshot fails visibly (3.117667ms)
  ✔ corrupted kept or folded raw JSON fails visibly before export (3.500917ms)
  ✔ rejects a kept raw resolver result that does not match the staged candidate hash (2.31575ms)
  ✔ large unique candidate pool never persists raw snapshots; first duplicate resolves kept raw once (105.079584ms)
✔ PreFundReconciliationRunStore (146.408917ms)
✔ run-data-store 注册临时 MPT 模块并建立批次/明细/错误审计表 (4.255292ms)
✔ 旧月侧库 listBatches 先 additive migrate 并回填 v0 UUID，首次导入继续可用 (13.170292ms)
✔ 不同 sourceType+sourceBatch 追加，跨实例可 list，规范行按稳定顺序迭代 (8.969417ms)
✔ 重复入金查询跨全部月份只返回精确 INBOUND-VA 条件且每月份一次批量读取 (14.289458ms)
✔ 重复入金查询的空 reconciliationId 不进入候选池 (3.200917ms)
✔ 重复银行查询键共享有界 MPT 多候选集合，不按 N×K 展开对象 (5.807875ms)
✔ 同文件同 hash 为 no-op；同文件名不同 hash 拒绝且旧数据不变 (6.267916ms)
✔ v1 MPT 同 hash noop 保留原 tag，物理替换才写入新 dataset 并递增 version (6.938416ms)
✔ 同批次更高序号原子替换，更低序号拒绝 (7.041ms)
✔ 替换较早导入批次后仍保持其在其它临时批次之前 (7.2195ms)
✔ 更高序号文件尾部校验失败时，已写批次回滚且旧批次完整保留 (5.035708ms)
✔ 严格导入汇总明细错误并整批回滚，逻辑删除重跑只落有效行和排除审计 (8.178667ms)
✔ 更高序号逻辑删除重跑失败时恢复原批次和原错误审计 (8.652292ms)
✔ 更高序号 gzip 在尾部截断时整批回滚，旧批次保持可用 (5.891041ms)
✔ 分批 DB 写入中途失败时外层事务回滚，旧批次保持完整 (6.0305ms)
✔ 删除单批次不影响其它批次；clear 回收临时月库且不影响独立结果侧库 (8.937583ms)
✔ 按账单月份分库，跨月迭代按 monthKey 稳定排序 (5.70075ms)
✔ 按 sourceDate 闭区间跨月统计/删除，边界命中且范围外批次与非空月库保留 (19.112375ms)
✔ 同月 INBOUND/OUTBOUND 按 sourceType 逻辑隔离统计和删除 (11.42125ms)
✔ 并发导入由共享 mutation lock 串行化，最终保留最高文件序号且不自锁 (5.425459ms)
✔ 主库 linked_gateway_bill 内容不受导入、替换、删除影响 (3.816583ms)
▶ 路径解析
  ✔ sideDbPath / sideDbRelPath / sideDbFileName 形态 (1.209292ms)
  ✔ resolveFromRel 还原绝对路径 (0.507584ms)
  ✔ monthKeyFromFileName 解析与非法名拒绝 (0.473833ms)
  ✔ 非法 module / monthKey 抛错 (0.4885ms)
✔ 路径解析 (3.19425ms)
▶ 建/开/删 + 目录自动建
  ✔ openSideDb 目录不存在自动建 + 文件创建 + DDL 四表 (3.027708ms)
  ✔ DDL diff_rows 含 2 个 FK ON DELETE CASCADE (1.856917ms)
  ✔ FK CASCADE 实际级联：删 runs 行 → diff_rows 自动清 (1.803208ms)
  ✔ openSideDb 幂等：二次打开同库 DDL no-op + 数据保留 (2.235042ms)
  ✔ deleteSideDb 删文件（含 wal/shm 旁文件）+ 幂等 (2.822417ms)
  ✔ openExistingSideDb 文件不存在抛错 (0.334208ms)
✔ 建/开/删 + 目录自动建 (12.229583ms)
▶ 孤儿扫描列表
  ✔ listSideDbFiles 目录不存在返回空 (0.487084ms)
  ✔ 严格恢复清单读取不把目录错误当作空清单，普通扫描保持原语义 (0.442834ms)
  ✔ listSideDbFiles 列出侧库文件、跳过非法名 + wal/shm (3.584625ms)
✔ 孤儿扫描列表 (4.595542ms)
▶ PR-4 biz-op / bank-bu 模块侧库
  ✔ KNOWN_MODULES 含既有模块、前置对账双生命周期模块和重复入金结果模块 (0.87325ms)
  ✔ biz-op 侧库 DDL 建业务表与 dataset heads (3.33125ms)
  ✔ 旧 Biz OP side DB 先 additive migrate receipt 列，再创建新索引 (3.295375ms)
  ✔ bank-bu 侧库 DDL 建 3 表（pending_imports/bank_imports/runs，无 diff_rows） (2.112958ms)
  ✔ 旧 Pre-fund MPT 侧库升级后逐批回填 canonical v0 dataset UUID (3.7715ms)
  ✔ 旧 Pre-fund results 侧库先 additive migrate receipt 列，再创建唯一索引 (2.82025ms)
  ✔ biz-op / bank-bu 侧库文件命名 + 路径 (0.332ms)
✔ PR-4 biz-op / bank-bu 模块侧库 (16.64675ms)
▶ serializeScenarioBundle
  ✔ 单渠道单场景 — 输出结构化 JSON 含 scenarioBundleVersion / channels / scenarios (1.798708ms)
  ✔ 多渠道 — channels 顺序保持入参顺序 (0.082791ms)
  ✔ 空 scenarios — 渠道仍导出（合法空渠道） (0.071541ms)
  ✔ scenarios 入参 sortOrder 缺失时 fallback 到 priority (0.067333ms)
  ✔ configJson 字符串入参 — 解析为对象后再写入 bundle（不嵌入 escaped 字符串） (0.096291ms)
  ✔ 退款流水号模糊匹配开关随场景 bundle 原样导出 (0.068209ms)
  ✔ enabled 字段归一化（boolean / 0 / 1 都接受） (0.062583ms)
  ✔ channels 非数组 — 抛错 (0.525875ms)
  ✔ scenariosByChannel 非对象 — 抛错 (0.076958ms)
  ✔ scenario 缺 config / configJson — 抛错 (0.093ms)
  ✔ isBuiltin 转 1/0 (0.063459ms)
✔ serializeScenarioBundle (3.633792ms)
▶ parseScenarioBundle
  ✔ 合法 bundle — 解析成功 (0.252ms)
  ✔ 空字符串 — 抛错 (0.046584ms)
  ✔ 非字符串 — 抛错 (0.047542ms)
  ✔ 损坏 JSON — 抛错（含友好前缀） (0.052875ms)
  ✔ 数组顶层 — 抛错 (0.042666ms)
  ✔ 缺 scenarioBundleVersion — 抛错 (0.035083ms)
  ✔ 版本号 > SUPPORTED — 抛错（提示升级应用） (0.034417ms)
  ✔ 版本号 < 1 — 抛错（不合法版本） (0.036041ms)
  ✔ 版本号 NaN — 抛错 (0.032417ms)
  ✔ channels 缺失 — 返空数组（兼容） (0.024666ms)
  ✔ channel name 空 — 抛错 (0.0345ms)
  ✔ scenario category 空 — 抛错 (0.034541ms)
✔ parseScenarioBundle (0.773083ms)
▶ detectBundleType
  ✔ 含 scenarioBundleVersion → scenarios (0.050083ms)
  ✔ 含 bundleVersion → template (0.027ms)
  ✔ 都没有 → 抛错 (0.038ms)
  ✔ 同时含两者 → 抛错（拒绝歧义） (0.033625ms)
  ✔ 非对象入参 — 抛错 (0.057958ms)
✔ detectBundleType (0.256166ms)
▶ serialize + parse 往返一致
  ✔ 单渠道单场景往返 — 字段一致 (0.097541ms)
  ✔ detectBundleType 验证 serialize 输出为 scenarios 类型 (0.03275ms)
✔ serialize + parse 往返一致 (0.1545ms)
▶ 缺省/空 SST 目录不能回退到 cwd，溢出时拒绝并保留无关文件
  ✔ undefined (64.170083ms)
  ✔ null (59.326709ms)
  ✔ '' (58.73925ms)
  ✔ ' ' (58.714291ms)
✔ 缺省/空 SST 目录不能回退到 cwd，溢出时拒绝并保留无关文件 (241.700042ms)
✔ 共享 Rich Reader 缺省目录逐任务独立，关闭一个不破坏另一个或 cwd (78.402708ms)
✔ 已存在的显式 SST 目录及 VCC Reader 失败清理均不得覆盖/删除用户文件 (15.747209ms)
✔ 同一路径第二个读取任务拒绝接管，首个 SST 仍能读取和清理 (8.058667ms)
✔ 部分 spill 创建失败也关闭已打开句柄并清理本次目录 (2.734292ms)
▶ SST 解析失败和取消在溢出后清理私有目录
  ✔ parse (7.058208ms)
  ✔ cancel (12.672083ms)
✔ SST 解析失败和取消在溢出后清理私有目录 (19.951583ms)
✔ SST 目录出现无关文件时不递归删除，清理失败重复 close 仍报错 (2.027209ms)
✔ SST 目录被替换时停止清理，显式保留模式仍保留自己的缓存 (2.316334ms)
✔ 候选逐行立即 INSERT，4095/4096/4097 及 finish/close 不关闭调用方连接 (16.931583ms)
✔ sqlite-bind-charge-v1 计费；4MiB 边界及越界预 flush / 单行拒绝 (7.2505ms)
✔ 外层事务已有哨兵时 BEGIN 失败不能回滚、提交或关闭调用方 (0.417417ms)
✔ 两块提交后第三块 INSERT 失败只撤当前块，不重放历史 (0.287625ms)
✔ 非法参数失败均回滚自有活动事务，空 finish 不提交 (1.115333ms)
✔ COMMIT 已生效后反馈失败进入 UNCERTAIN，不猜测回滚或重试 (0.190458ms)
✔ ROLLBACK 失败保留 UNCERTAIN，连接所有者独立收口 (0.1725ms)
✔ 启动失败对话框直接展示恢复明细与去重后的人工恢复路径 (0.664708ms)
✔ 启动失败上报把恢复路径写入日志并在展示后退出 (0.15675ms)
✔ 日志写入失败仍只展示一次 native dialog 并退出 (0.072916ms)
✔ startup phase 的 success/failure/skip 均闭合且失败日志不泄露原始 message (1.459583ms)
✔ startup phase finish 幂等，只生成一个 end record (0.089417ms)
▶ 默认阈值导出
  ✔ N=1000 / maxTotalDistinct=200000 (0.367083ms)
✔ 默认阈值导出 (0.84825ms)
▶ 每列封顶 N
  ✔ 恰好 N 个去重值 → 不截断、全保留 (0.932375ms)
  ✔ N+1 个去重值 → 截断到前 N（首现序） (0.094083ms)
  ✔ 截断后再喂大量该列行 → result 长度恒 = N（内存不增：Set 已丢弃） (9.020458ms)
  ✔ 多列各自独立封顶：高基数列截断、低基数列全保留 (0.148125ms)
✔ 每列封顶 N (10.318834ms)
▶ 首现序
  ✔ 去重保留首次出现顺序（非排序、非末现） (0.087458ms)
✔ 首现序 (0.141417ms)
▶ 空串 / 纯空白不计入
  ✔ null / undefined / 空串 / 纯空白（trim 后空）跳过 (0.086458ms)
  ✔ 数字 / 其它类型按 String(value).trim() 归一 (0.046084ms)
  ✔ addRow 非数组 / 空行不报错 (0.081084ms)
✔ 空串 / 纯空白不计入 (0.285875ms)
▶ 同名表头列索引覆盖（与 toolbox.js 现状一致）
  ✔ 重复同名表头 → 后者覆盖前者的列索引 (0.075167ms)
✔ 同名表头列索引覆盖（与 toolbox.js 现状一致） (0.101583ms)
▶ 全局 maxTotalDistinct 闸
  ✔ 跨所有列去重总数达上限 → 停止所有列新增 (0.091208ms)
✔ 全局 maxTotalDistinct 闸 (0.112917ms)
▶ merge 合并
  ✔ 合并另一累加器：去重 + 首现序（本累加器现状在前，other 追加未见值） (0.11525ms)
  ✔ merge 接受裸 { field: string[] } 快照 (0.032292ms)
  ✔ merge 遵守 N 上限 (0.030458ms)
  ✔ merge 未知列动态新增 (0.031542ms)
  ✔ merge(null / 非对象) 安全无操作 (0.026208ms)
✔ merge 合并 (0.29ms)
▶ 🚩 契约锁：result() 不含截断元数据（前端零改动）
  ✔ result() 只回 { field: string[] }，无 truncated / distinctSeen / totalCapReached 字段 (0.10325ms)
  ✔ 与现状 createValuesByFieldAccumulator.result() 结构同构（同 ≤N 输入下逐字节一致） (0.53ms)
✔ 🚩 契约锁：result() 不含截断元数据（前端零改动） (0.657667ms)
▶ setHeaders 重复调用重置
  ✔ 再次 setHeaders 重置已收集状态 (0.0375ms)
✔ setHeaders 重复调用重置 (0.0555ms)
✔ __proto__ 表头在 Worker 有界累加器中保持 own key (0.039792ms)
▶ T4 large-split-worker · sharedStrings 护栏
  ✔ 阈值常量为 ~1.2GB（1288490188） (0.441625ms)
  ✔ sharedStrings ≥ 阈值 → 抛 ToolboxSharedStringsTooLargeError（name/message/detailLines 契约） (0.343917ms)
  ✔ sharedStrings 远超阈值（2GB）→ 抛错 (0.096209ms)
  ✔ sharedStrings 恰好低于阈值 → 不抛（放行） (0.1085ms)
  ✔ 无 sharedStrings entry（纯 inlineStr）→ 不抛（放行） (0.058708ms)
  ✔ collectEntrySizes 抛异常 → fail-open 放行（护栏不引入新误伤面） (0.132292ms)
  ✔ collectEntrySizes 返回非 Map（异常形态）→ 不抛（放行） (0.062791ms)
✔ T4 large-split-worker · sharedStrings 护栏 (1.822791ms)
▶ T4 large-split-worker · 错误类 / 工具函数契约
  ✔ ToolboxWorkerMemoryLimitError：name 固定 + message 可解释 + detailLines 非空 (0.144459ms)
  ✔ isExplainedError：带 detailLines 的错误视为可解释（不被 heap 兜底覆盖） (0.404625ms)
  ✔ worker 入口在主线程 require 时不挂监听（仅导出元信息） (0.086709ms)
✔ T4 large-split-worker · 错误类 / 工具函数契约 (0.726958ms)
▶ toolbox-xlsx-stream multi-sheet-reader
  ✔ 乱序多 sheet：workbook <sheet> 显示序 ≠ 物理 sheetN.xml 编号 → 按显示序读对（表头 + 数据顺序） (10.42875ms)
  ✔ 重复表头跳过：每个后续 sheet 首行 = 表头 → 仅一次表头回调，数据不含表头 (2.460708ms)
  ✔ 仅首页有表头：后续 sheet 无重复表头行，首行即数据 → 首行也当数据不丢 (1.428542ms)
  ✔ 列序冲突：后续 sheet 首行列数「多于」表头 → 抛 ToolboxHeaderMismatchError（带 name + detailLines） (1.424334ms)
  ✔ 续页参差短行不误报：后续 sheet 无重复表头、首行比表头短（尾部空列）→ 当数据行不丢、不报错 (1.066375ms)
  ✔ 续页首行 = 表头列数（内容不同）仍当数据行（边界：列数相等非冲突） (0.961291ms)
  ✔ 空 sheet 跳过：第一个 sheet 完全为空（无有意义行）→ 表头取下一个非空 sheet 首行 (1.407417ms)
  ✔ 完全无 sheetData 的空 sheet（<sheetData/>）也跳过 (1.352333ms)
  ✔ 跨 sheet rowR 重置：每个 sheet 各自 <row r="1"> 起 → 表头判定按「每 sheet 首个有意义行」而非全局 rowR===1 (1.990041ms)
  ✔ 跨 sheet rowR 重置（数据从非 r=1 起）：后续 sheet 首个有意义行在 r=5 也能被识别 (1.36325ms)
  ✔ 已知边界：数据行恰等于表头 → 被当重复表头跳过（显式记录、不视为 bug） (0.948708ms)
  ✔ 归一化口径：表头 / 值带前后空格被 trim；前导全空行 + 纯空格行视为空行跳过 (0.997541ms)
  ✔ cancelToken：中途取消 → 停止读后续行 / 后续 sheet（不读完全部） (0.974625ms)
  ✔ cancelToken 在 onHeaderRow 内置位 → 当前 sheet 立即停 + 后续 sheet 不读（peek 提前停机制，codex P2） (0.826541ms)
  ✔ 返回 summary：sheetCount / dataRowCount / headerFound 正确 (1.225375ms)
  ✔ 数据行 values 是「按列索引的数组」（非对象）原样透传给 onDataRow (0.9255ms)
  ✔ sharedStrings（t="s"）跨 sheet 共享一次加载：值正确解码 (2.380917ms)
✔ toolbox-xlsx-stream multi-sheet-reader (33.0215ms)
▶ toolbox-xlsx-stream strict workbook sheet tables
  ✔ 每张可见非空 sheet 都回调独立表头，数据按 workbook 显示序透传 (1.806667ms)
  ✔ 隐藏、深度隐藏和空 sheet 跳过；前导空行忽略；仅表头 sheet 仍参与 (1.176125ms)
  ✔ 可见 sheet 关系缺失时 fail closed，不静默跳过 (0.790708ms)
✔ toolbox-xlsx-stream strict workbook sheet tables (3.852375ms)
▶ toolbox-xlsx-stream split-export-filter exportFilter
  ✔ 命中子集正确（多 sheet 源跨页过滤）：matchedCount + 产物 readback 一致 (39.083ms)
  ✔ 多选值：命中任一选中值的行（OR 语义） (9.235125ms)
  ✔ 命中 0 行：matchedCount=0、产物只有表头（无数据行） (8.22975ms)
  ✔ 多文件过滤一次生成交叉子集和零命中表头文件 (20.793666ms)
  ✔ 字段不存在 → 抛 ToolboxSplitFieldNotFoundError（带 name + detailLines） (1.459208ms)
  ✔ 传小 maxRowsPerSheet → 命中超阈值时确定性自动分 sheet；readback 行数 / 内容仍正确 (8.72475ms)
  ✔ 不传 maxRowsPerSheet（生产路径）：单 sheet 产物（命中远小于硬上限） (7.723458ms)
  ✔ peek 表头多 sheet 提前停（codex P2）：S2 列冲突也不被扫到 → peek 不抛错、返回 S1 表头 (1.377833ms)
  ✔ 空文件（无有意义行）→ exportFilter 抛 ToolboxStreamEmptyError（上层归一 failed） (1.590334ms)
✔ toolbox-xlsx-stream split-export-filter exportFilter (98.95925ms)
▶ toolbox-xlsx-stream split-scan-fields scanFields
  ✔ 多 sheet 夹具 → headers + valuesByField 与注入去重集合一致（首现序、去重、跨 sheet） (14.373166ms)
  ✔ valuesByField 键集合 = headers；空串值跳过 (2.638041ms)
  ✔ 封顶 N：单列去重值超 N → 该列 valuesByField 恰为前 N 个（首现序） (15.860917ms)
  ✔ 空文件（无有意义行）→ 统一抛 ToolboxStreamEmptyError (2.016792ms)
  ✔ 🚩 契约锁：valuesByField 只含 { [field]: string[] }，不含 truncated / distinctSeen 等元数据 (1.510417ms)
  ✔ cancelToken 透传：预置取消 → 抛专用取消错误，不返回部分成功 (1.174792ms)
  ✔ cancelToken 中途置位：读到若干数据行后取消 → 停止扫描（不读完全部，子集为已见值） (1.852125ms)
✔ toolbox-xlsx-stream split-scan-fields scanFields (40.085042ms)
✔ VCC 财务OP现有成功动作及解归档/删除结果均已注册 (1.272333ms)
✔ 修改结果写 IPC 计数，调整选项与结果读取保持不计数 (2.0285ms)
✔ 统一删除 IPC 对 result 计“删除结果”，其他目标保留既有“删除数据” (2.468417ms)
✔ A-04 current-five 按 effectiveCalculatedBalance 分类，按 base archive 的反例失败关闭 (8.955583ms)
✔ A-05 真实 v3.1.7 fixture 经 current migration 后精确分类 legacy-four (16.389584ms)
✔ A-06 真实 fixture 副本的单一 Pending effective fact 残留归 inconsistent (14.349375ms)
✔ A-07 input revisions 按对象语义比较，不受 JSON key order 影响 (13.4385ms)
✔ A-08 legacy 严格区分 SQL NULL/空 fingerprint，通用 result violation 直接 inconsistent (14.234334ms)
✔ previousYearMonth 正确跨年 (0.817792ms)
✔ 缺少上月归档时明确阻断且不默认补零 (7.521667ms)
✔ 运行前预检要求四类明细和系统财务OP全部存在且逐表返回结构化状态 (4.499291ms)
✔ 缺表与缺上月归档并存时主 code 保持缺表且一次展示全部门禁 (4.661ms)
✔ 运行前预检返回空表和损坏系统快照，旧 unresolved 失败记录只保留审计 (4.584333ms)
✔ 非法系统快照与首月待初始化并存时先阻断且不写入期初 (4.348875ms)
✔ 迁移诊断与缺表并存时诊断保持最高优先且 issues 不重复 (4.255167ms)
✔ calculateMonth 缺少或伪造 fingerprint 时在事务和写结果前失败关闭 (3.983583ms)
✔ worker 二次预检以输入 fingerprint 阻断预检后的数据变化 (4.101167ms)
✔ 上月归档主体即使本月无发生额也必须延续并校验系统财务OP (5.612042ms)
✔ 首月期初逐主体九币种一次性初始化，同值重试跳过且异值禁止改写 (6.121208ms)
✔ 首月已初始化主体不要求重复提交，新增主体可单独初始化 (6.287041ms)
✔ 新增主体仍必须全部提交，漏交真正缺失主体时整次回滚 (5.094167ms)
✔ 期初初始化拒绝缺币种、超两位小数和不属于当前账期的主体 (3.886209ms)
✔ 首月期初写入与 first_month 同事务，claim 失败时两者全部回滚 (4.180292ms)
✔ 非首月缺少上月归档时预检、计算和人工期初均结构化阻断 (4.125166ms)
✔ 目标账期早于 first_month 时 fail-closed (4.27975ms)
✔ 首月迁移诊断不阻断建库，但阻断预检、计算和期初初始化 (4.3685ms)
✔ 逐主体逐币种精确汇总四类发生额并计算系统差异 (4.313334ms)
✔ storage contract v2 slim effective 保持计算、九币种余额与归档语义 (18.684709ms)
✔ 历史有效明细的 CNH 只读归一为 CNY 且不改原始事实 (3.395333ms)
✔ 旧 unresolved 失败导入不再阻断计算且无需人工处理 (4.276042ms)
✔ 未结束导入批次阻断计算和归档，即使尚未生成原表记录 (4.438166ms)
✔ 归档绑定计算时的数据版本，原表变化后拒绝旧结果归档 (4.63225ms)
✔ 同账期重新计算原子替换未归档草稿 (5.161583ms)
✔ 重算替换审计保留旧 adjustment、Pending、effective 与 fingerprint 全量证据 (8.212ms)
✔ 重算替换注入失败时恢复旧 run 全部子表，并单独记录 rolled_back 审计 (7.667916ms)
✔ 重算 success audit 被 AFTER INSERT 删除时不返回假成功且旧资金事实完整回滚 (8.667584ms)
✔ 旧结果证据采集失败时零删除并记录可诊断的 rolled_back 替换审计 (4.936958ms)
✔ 重算失败审计写入也失败时不掩盖主异常 (5.083834ms)
✔ 确认归档原子写入当月期末余额并统一更新数据状态 (6.942417ms)
✔ 归档强制 revision 门禁，缺失或过期时保留生效结果等待重新核对 (4.707125ms)
✔ 归档拒绝缺失或旧输入 fingerprint，且不存在 run 不污染审计月份 (4.684458ms)
✔ 归档写入人工调整后的九币种余额，并成为下月唯一期初来源 (9.056084ms)
✔ 归档提交后断言发现快照损坏时，九币种快照、run 和五类数据集全部回滚 (6.28ms)
✔ 归档 AFTER INSERT 篡改既有 adjustment 与基础事实时全表指纹回滚且失败可审计 (9.015458ms)
✔ 归档 success audit 被 AFTER INSERT 篡改时不返回假成功且归档资金事实回滚 (6.01575ms)
✔ 下月出现人工期初时归档预检 fail-closed，避免双来源 (4.398875ms)
✔ 聚合后超过 Excel 有效数字上限时在生成可归档结果前阻断 (4.225459ms)
✔ 旧审计表可重复迁移出删除快照列与删除记录表 (8.161708ms)
✔ 旧数据集生成时间优先从最近一次实际新增成功导入完成时间回填 (5.606625ms)
✔ 按账期和目标原表删除有效数据，保留导入审计与人工期初并作废未归档结果 (11.810916ms)
✔ 删除系统财务OP时固化快照对比证据并保留系统导入尝试 (7.044291ms)
✔ 历史系统快照从未重试时删除前补录 accepted 并保留完整双侧血缘 (6.690709ms)
✔ 历史 accepted 回填被 snapshot DELETE trigger 静默篡改时整体回滚 (6.216333ms)
▶ 系统快照删除拒绝不一致、重复或错误双侧快照的 linked accepted
  ✔ incoming 字段不一致 (5.009792ms)
  ✔ 重复 accepted (4.80825ms)
  ✔ 既有侧快照字段非空但错误 (5.089875ms)
✔ 系统快照删除拒绝不一致、重复或错误双侧快照的 linked accepted (15.223ms)
▶ 非 accepted linked attempt 的任一既有侧快照错值都会失败关闭
  ✔ skip balances (4.883125ms)
  ✔ skip raw (4.842666ms)
  ✔ conflict source file (4.577125ms)
  ✔ conflict sheet (5.055ms)
  ✔ rolled back source row (5.103834ms)
  ✔ rolled back import record (5.014375ms)
  ✔ rolled back imported at (5.405583ms)
✔ 非 accepted linked attempt 的任一既有侧快照错值都会失败关闭 (35.221166ms)
✔ 非 accepted linked attempt 空既有侧会完整物化并与本次审计共用事务时间 (6.513458ms)
✔ 明细审计跨月错链不会被本月 source delete 物化或清空 (6.241792ms)
✔ 系统审计跨月错链不会被本月 system snapshot delete 物化或清空 (5.840083ms)
✔ 低层 source delete 无条件要求 preview token 与安全 generation (3.429125ms)
✔ 已归档账期和活动导入均失败关闭 (4.191167ms)
✔ 删除中任一步失败时审计、有效数据、结果和数据集全部回滚 (5.394542ms)
✔ 结果证据损坏时原表、run、调整和数据集零删除并记录失败目标 (4.578167ms)
✔ success 审计写入失败时业务事实不变且仅尽力记录 rolled_back (5.102125ms)
✔ 删除范围严格校验月份和目标表，无有效数据时不可执行 (3.184084ms)
✔ DELETE 被触发器静默忽略时由提交前不变量校验回滚 (5.688125ms)
✔ source delete silent trigger 篡改其他来源内容时指纹阻断并完整回滚 (6.263667ms)
▶ 同长度 raw_json 改写在各保留事实投影中均被精确识别并回滚
  ✔ effective raw_json (5.94925ms)
  ✔ import row raw_json (6.432625ms)
  ✔ import row existing_raw_json_snapshot (6.5955ms)
  ✔ system snapshot raw_json (6.260458ms)
  ✔ system attempt raw_json (7.628083ms)
  ✔ system attempt existing_raw_json_snapshot (6.148333ms)
✔ 同长度 raw_json 改写在各保留事实投影中均被精确识别并回滚 (39.34875ms)
▶ 其他月份 run child 与 import error 通过父月份归属纳入全局回滚边界
  ✔ run child (5.722125ms)
  ✔ import error (6.073417ms)
✔ 其他月份 run child 与 import error 通过父月份归属纳入全局回滚边界 (11.94875ms)
✔ 删除只标记成功类记录，失败记录保留；重导后新旧删除周期彼此独立 (9.988709ms)
✔ 导入记录删除状态被静默忽略时有效数据与删除审计整体回滚 (5.420542ms)
▶ source delete 在后置写入重建目标事实、dataset 或 archived run/child 时最终零残留断言回滚
  ✔ after source delete archived run and child (5.931083ms)
  ✔ after import update target source and dataset (6.807125ms)
✔ source delete 在后置写入重建目标事实、dataset 或 archived run/child 时最终零残留断言回滚 (12.924833ms)
▶ source delete 只允许单一 deletion 记录与物化阶段的 system backfill ID 集
  ✔ success audit trigger 插入 target attempt (5.212166ms)
  ✔ import update trigger 插入额外 target attempt (6.225125ms)
  ✔ import update trigger 插入额外 deletion record (4.706209ms)
✔ source delete 只允许单一 deletion 记录与物化阶段的 system backfill ID 集 (16.354917ms)
▶ source delete 允许的时间字段被非空错值篡改时整体回滚
  ✔ dataset deletion deleted_at (5.154708ms)
  ✔ import record dataset_deleted_at (5.529292ms)
  ✔ system accepted backfill created_at (5.202417ms)
✔ source delete 允许的时间字段被非空错值篡改时整体回滚 (16.089958ms)
✔ 归档月份枚举只返回 run/archive/九币种主体/五数据集完全一致的月份 (12.2025ms)
✔ 归档枚举拒绝多 archived run、archive run_id 和 dataset run_id 错配 (12.588625ms)
✔ 归档余额必须逐主体逐币种等于含调整后的生效结果 (6.052292ms)
✔ 解归档保守阻断所有后续 archived/calculated 月且绝不级联 (4.994958ms)
✔ 后月孤立 archive 即使缺失 run 也作为依赖稳定阻断且不改资金状态 (4.759459ms)
✔ 后月孤立 archived dataset 即使缺失 run 也排序去重阻断且不改资金状态 (4.798959ms)
✔ 尾月解归档原子成功并保留基础结果、Pending 与调整证据 (8.750542ms)
✔ 解归档提交时重算 token；stale 和事务故障均零业务写并留 rolled_back 审计 (7.212292ms)
✔ 低层 unarchive 直接入口拒绝缺失或空白 confirmation generation (4.061333ms)
✔ 解归档 silent trigger 篡改结果子表时提交前指纹阻断并完整回滚 (6.996333ms)
✔ success audit INSERT trigger 篡改旧审计时全局指纹阻断并回滚 (7.229834ms)
▶ 本次 success audit 的唯一行与关键序列化字段在 COMMIT 前逐项断言
  ✔ operation type (6.314875ms)
  ✔ target month (5.978125ms)
  ✔ status (5.877083ms)
  ✔ preview token (5.6445ms)
  ✔ evidence hash (6.445042ms)
  ✔ created at (5.582792ms)
  ✔ extra audit row (5.761458ms)
✔ 本次 success audit 的唯一行与关键序列化字段在 COMMIT 前逐项断言 (42.052625ms)
▶ 删除期初/结果的后置 trigger 新建 archived run 与子表时最终全状态断言回滚
  ✔ opening after audit (5.918708ms)
  ✔ result after delete (5.007875ms)
✔ 删除期初/结果的后置 trigger 新建 archived run 与子表时最终全状态断言回滚 (11.098708ms)
▶ 解归档 run/dataset 事务时间被非空错值篡改时整体回滚
  ✔ run updated_at (5.490292ms)
  ✔ dataset updated_at (5.800208ms)
✔ 解归档 run/dataset 事务时间被非空错值篡改时整体回滚 (11.456166ms)
✔ 失败审计写入异常仅附加到主错误并可跨 worker 边界观测 (5.427792ms)
✔ 删除首月期初整体删除全部期初和 calculated 结果，first_month 与源事实不漂移 (6.118041ms)
✔ 统一删除入口与内部 opening/result 删除均拒绝缺失确认代次 (3.863667ms)
✔ 首月缺少一个已被用户删除的数据集时仍允许删除期初 (5.771625ms)
✔ 首月已归档禁止删期初；事务故障回滚期初/结果并保留失败审计 (6.259917ms)
✔ 删除期初 silent trigger 篡改保留数据集时提交前指纹阻断并完整回滚 (5.742334ms)
✔ 删除结果一次清空同月全部 calculated run/children/adjustments并保持源事实 (6.404333ms)
✔ 已归档结果禁止删除；结果删除故障回滚所有 run 并留失败审计 (4.944916ms)
✔ 删除结果 silent trigger 篡改保留期初时提交前指纹阻断并完整回滚 (5.305125ms)
✔ current v2 解归档忽略旧 unresolved 失败审计并按 N+7 提交 (41.644083ms)
✔ 真实 v3.1.7 fixture 由同一生产写入口按 N+6 解归档且不创建 Pending (17.57275ms)
✔ result delete 显式删除五张 child 后按 1+R+ΣC 删除 runs (25.616209ms)
✔ opening delete 复用五 child 显式预算并保持 module first_month 只读 (25.917ms)
✔ opening delete 对多期初月与 first-month 冲突均在首写前阻断且零 rollback audit (44.205542ms)
✔ detail source delete 在清 FK 前物化 Q 行并按 2+R+ΣC+2Q+E+D+M 删除 orphan facts (28.00125ms)
✔ storage contract v2 slim effective 删除同步清 fallback 与异常引用且不依赖 legacy raw (43.586833ms)
✔ system source delete 先补 B 再物化/清除 A，按固定公式保留唯一 accepted audit (22.146ms)
✔ source delete 在 M=0 时整事务回滚并只写一条受保护 failure audit (21.0655ms)
✔ preview 后真实 run evidence 改变返回 state-changed，业务不删且 failure audit 可追溯 (23.677833ms)
✔ 单一中途 fault 回滚已删五 child 与事务内 success audit (22.315625ms)
✔ 未知 VCC trigger 在首写前阻断 delete 且数据库零 failure audit (20.770416ms)
✔ 外部 VCC import batchId 只接受与 exact7 相同的稳定文本边界 (1.031667ms)
✔ storage contract v2 slim effective 仍可导入、幂等重放并只暂存 fallback (31.484209ms)
✔ 五个内置校验原表模板均与当前导入契约一致 (10.774791ms)
✔ 同一工作簿存在多张校验原表 sheet 时拒绝只读取其中一张 (2.864334ms)
✔ 同一工作簿混有明细原表和系统财务OP时拒绝静默选择 (8.036709ms)
✔ sharedStrings 超过预算时自适应落盘并在关闭后清理 (10.173083ms)
✔ 1904 日期系统在导入前被明确拒绝 (1.868833ms)
✔ 识别和正式导入使用一致的表头搜索范围 (8.57ms)
✔ 统一导入服务预登记多种原表后仍逐类完成有效提升 (9.961125ms)
✔ 分类阶段拒绝新增时仍保留已完成读取的 committing 事件 (8.669375ms)
✔ 多原表后组运行异常仍返回已提交组及全部 record 的部分结果血缘 (11.41825ms)
✔ 同一原表重复导入时第二次全量幂等跳过且有效事实不增加 (7.890417ms)
✔ 历史 CNY content hash 可由同位置 CNH 精确重放，历史行与 raw audit 不改写 (10.990125ms)
✔ 新批次 CNY/CNH 同键只写一行，不同键金额按同一 CNY 分组事实入库并满足行数守恒 (9.422208ms)
✔ 校验表生成时间仅在实际新增有效明细时刷新 (9.297541ms)
✔ 同键异内容阻断整批且不覆盖既有有效行 (7.670375ms)
✔ 混合精确重放、冲突和新行时只过滤异常并提升正常行 (8.359917ms)
✔ 同批跨文件同键同内容只新增一次且幂等跳过仅累计计数 (7.584667ms)
✔ 同批跨文件同键异内容为每条异常保留对端哈希和精确差异字段 (15.965375ms)
✔ 通道明细同键改填公司主体时冲突明细明确标识主体差异 (7.36575ms)
✔ 空键只过滤异常行，正常行落库并满足行数守恒 (6.004333ms)
✔ CNH 后续金额或方向校验失败时 anomaly 仍使用独立可复算的 canonical hash (11.430042ms)
✔ 后续分片损坏时只保留回滚计数和一条文件级失败事件 (6.582417ms)
✔ 协作式取消只保留已读取行汇总和一条文件级失败事件 (6.3945ms)
✔ 导入开始前取消不创建空批次或导入记录 (3.156834ms)
✔ 业务前 handoff 多文件顺序或路径与 worker 首次 hash 不一致时零业务写入 (5.500666ms)
✔ 解析完成后的来源 SHA 不一致时正常行不落库且只留文件级失败 (5.624709ms)
✔ 多文件第二份最终 SHA 不一致时异常精确归属 source id/ordinal/文件名 (7.32675ms)
✔ 文件级失败拒绝关联其他 record 或 batch 的 import source (3.561292ms)
✔ 任一选中分片只有表头时整批回滚并标明空分片文件 (9.069875ms)
✔ Excel 数值日期单元格按 1900 日期系统识别账期 (6.267334ms)
✔ 工作簿中的长文本键可导入，数值型键整批拒绝 (7.812916ms)
✔ 不同原表类型使用独立幂等命名空间 (7.721375ms)
✔ 已归档数据集允许全量幂等回放，但拒绝新增有效事实 (9.484ms)
✔ 整月归档后拒绝首次补入此前不存在的 Pending 数据集 (5.872167ms)
✔ 异常退出恢复不会把暂存行提升为有效事实 (3.895291ms)
✔ 直接升级会接管 v3.1.9 importing 宽行并转换 compact anomaly 后清理 (36.880584ms)
✔ 运行期非预期异常立即收口当前批次且不影响其他导入记录 (6.975625ms)
✔ 异常退出恢复会收口没有导入记录的孤立批次 (3.179709ms)
▶ 系统 OP 异步关闭期间收到取消：不提交当前组，保留前组并停止后续工作
  ✔ 仅系统 OP (64.120875ms)
  ✔ 前组已提交且后组未执行 (49.827416ms)
  ✔ 取消后不再打开下一个文件 (45.369875ms)
✔ 系统 OP 异步关闭期间收到取消：不提交当前组，保留前组并停止后续工作 (160.064458ms)
✔ 系统 OP 最后一次读取进度同步取消，仍先完成 Reader 关闭再收口 (39.501ms)
✔ 同类型跨 Sheet 幂等、多主体通道及混合原件共享；来源 hold 在首行读取前已齐全 (44.887375ms)
✔ RV02：完整甲、八币种乙、充值各 Sheet 独立，系统组精确计数并保留 18 条实际读取行 (43.089417ms)
✔ 系统 OP 无目标账期也保留扫描行数和 Sheet 进度，其他类型照常提交 (40.774416ms)
✔ 失败和解析成功的系统 OP Sheet 跨文件累计读取量，整组回滚也保留计数 (51.575291ms)
✔ 系统 OP 扫描中断仍上报已完成数据行，不把未读尾部或表头计入 (33.966833ms)
✔ 同主体九币种跨 Sheet 拆分，或八币种与完整候选并存，都不能补救该主体 (82.279958ms)
✔ 未知主体按 Sheet 计数；主体成员或持久 metadata 损坏时来源和 hold 创建一起回滚 (45.531834ms)
✔ 不同输入文件同名同内容：存档共用 Blob 后仍按两个物理来源导入和幂等 (41.564084ms)
✔ 系统 OP 日期单元格与旧 Reader 等价，九币种快照正常导入 (47.827292ms)
✔ 表头位于预览窗口外：混合类型导入后原表、校验表仍按持久成员定位 (158.026375ms)
✔ mutation runtime probe 验证 session、trigger、total_changes 与关闭合同 (1.044292ms)
✔ table policy 与 migrated schema exact-match，四张大表不创建 session (5.3155ms)
✔ 未知 VCC 表与 trigger 均在业务写入前失败关闭 (6.934458ms)
✔ storage contract guard 仅在名称、目标表与能力 SQL 全部精确匹配时批准 (23.119667ms)
✔ registry 保持 C1 adjustment 预算为 2 且 C1 operation 零大表 step (3.750458ms)
✔ 未登记 step、大表 fixed scope 不匹配与额外 protected 写入分别失败关闭 (3.238916ms)
✔ 每个 registered SQL step 的 .changes mismatch 均立即回滚 (22.010125ms)
✔ 历史 48 列 Pending 保留 raw_json，迁为 v2 hash 后可被 46 列精确重放 (8.398875ms)
✔ 已有 Pending v2 行再次启动时 hash、版本和 raw audit 保持不变 (4.800708ms)
✔ 3.1.12 新导入 Pending CNH 写 hash v3，后续启动不降级或重算 (4.921166ms)
✔ 未知 Pending raw_json 列数阻断迁移且不修改历史 hash (3.781875ms)
✔ 极老审计表存在 Pending 行但没有 raw_json 时失败关闭 (2.607458ms)
✔ Pending 金标准资产锁定 SHA、46 列、A1:AT1 与表头指纹 (21.0755ms)
✔ Pending 缺列、增列、换序和下划线变化均按最新契约失败关闭 (14.388333ms)
✔ Pending 表头位于后续行时仍拒绝 XFD 远列增列，不受预览列宽截断 (79.624ms)
✔ Pending 重复业务 sheet 与旧 48 列模板均明确拒绝 (5.362208ms)
✔ B-01 schema-ready 只接受现有合同结构，readOnly 连接拒绝一个代表 DML (23.83775ms)
✔ B-02 current archive 集合加载复用 A 合同，并生成稳定 token v2 (15.365209ms)
✔ B-02a 存量 CNH 归档随启动迁移为 CNY 后重新进入解归档列表 (6.497125ms)
✔ B-03 token canonical payload 对集合顺序稳定，generation 变化必改变 token (0.481292ms)
✔ B-04 archive 0/1/100 候选均固定十条 SQL，且不读取禁表 (5.347667ms)
✔ B-05 active months 保留 orphan/失败审计可见性，并使用既有 effective covering index (3.394584ms)
✔ B-06 delete targets 单次九查询派生完整 preview，单目标刷新 token 完全相同 (3.651583ms)
✔ rowKey 严格使用 v1 元数据元组，跨币种稳定且不受金额/run/id/顺序影响 (0.975375ms)
✔ effective result 按主体币种叠加正负调整并保持基础结果不可变 (7.948292ms)
✔ 调整值支持规范千分位与会计负数并拒绝零、非数和超精度 (0.54325ms)
✔ 调整选项由基础事实生成，固定九币种并移除已调整坐标 (4.491ms)
✔ addRunAdjustment 仅按后端 rowKey 事实落元数据并原子递增 revision (5.915292ms)
✔ addRunAdjustment 缺失或陈旧 expectedResultRevision 均 fail-closed (3.550833ms)
✔ 调整原因按 Unicode code point 执行 500 字边界 (9.760208ms)
✔ 同一坐标由唯一事实锁定，不同币种可分别调整一次 (6.635042ms)
✔ 已归档及解归档后的已用坐标保持锁定 (5.672292ms)
✔ revision 更新故障时调整行与 updated_at 全部回滚 (4.543375ms)
✔ 调整 AFTER INSERT 篡改既有 sequence 与基础事实时 exact allowset 回滚整笔事务 (4.472333ms)
✔ effective result 基础行先越过 15 位再抵消时按最终发生额通过，且归档事实只读 (3.815291ms)
✔ effective result adjustment 抵消链只在最终汇总执行 15 位校验 (3.931083ms)
✔ effective result 对真正溢出的基础/adjustment 最终汇总返回稳定坐标错误且不改账本 (6.487084ms)
✔ effective result 对基础加调整的真正最终溢出返回 rowKey/字段上下文且不返回部分 DTO (3.737833ms)
✔ effective result 对跨结果行的生效发生额溢出返回 balance 字段上下文 (3.261417ms)
✔ effective result 对 adjustment sequence 与 result_revision 事实不一致 fail-closed (6.21975ms)
✔ effective result 拒绝伪造调整元数据、不支持币种与非规范金额 (12.211875ms)
✔ effective result 表驱动拒绝零值、三位小数、非有限值与超有效数字金额 (16.779959ms)
✔ effective result 拒绝未知来源和重复基础 rowKey + currency (6.401792ms)
✔ effective result 拒绝基础行与余额坐标脱节及空基础事实 (10.312ms)
✔ effective result 拒绝基础余额公式或基础发生额汇总被篡改 (7.089ms)
✔ effective result 对不存在 run 返回 null，并拒绝无效 run id (3.033209ms)
✔ A-01 合法 current 调整重算 rowKey、revision、基础公式和九币种生效余额 (8.21ms)
▶ A-02 TechDoc 明示的独立 result invariant 各用一个最小反例
  ✔ revision/count (0.351625ms)
  ✔ sequence 断裂 (0.307334ms)
  ✔ rowKey 缺失 (0.237333ms)
  ✔ 基础行 metadata 缺失 (0.212542ms)
  ✔ metadata 错配 (0.243583ms)
  ✔ 币种错配 (0.271042ms)
  ✔ 基础余额公式 (0.332166ms)
  ✔ 九币种缺失 (0.231375ms)
✔ A-02 TechDoc 明示的独立 result invariant 各用一个最小反例 (2.971ms)
✔ A-03 evidence 数组输入顺序不影响稳定结果 (0.543125ms)
✔ 结果模板金标准锁定 SHA、14 列、有效/物理区域和语义布局 (24.992416ms)
✔ sheet、表头、语义锚点和 fill 漂移均失败关闭 (23.574084ms)
✔ 模板缺失、hash 变化和缓存对象污染均不会复用旧契约 (6.652333ms)
✔ ASAR 虚拟 stat 身份变化不拒绝相同字节，缓存仍逐次读取并验证同一 Buffer (4.401292ms)
✔ 模板目录、读取期间删除和权限/I/O 错误使用稳定错误码 (0.66325ms)
✔ 调整血缘 defined name 经 ExcelJS write→reopen 完整保真 (12.28125ms)
✔ 调整血缘只接受完整 v1:64hex 与九币种 (0.190792ms)
✔ adjustment locked plan 精确提交 2 个变化并保留 immutable success evidence (38.527042ms)
✔ archive 忽略旧 unresolved 失败审计并按 N+7 提交生效余额 (27.843666ms)
✔ 成功写入按冻结契约公开五阶段 progress (25.226542ms)
✔ legacy-four calculated 在 plan 前对 adjustment/archive 均返回 recalculation required 且零 DML (34.990083ms)
✔ safe 业务失败只在原事务回滚后写 1 条受保护 rollback audit (27.332459ms)
✔ audit-only 失败不覆盖原业务错误，也不留下 fallback audit (26.395459ms)
✔ unsafe trigger policy 失败数据库零 failure audit (24.307125ms)
✔ node:sqlite ERR_SQLITE_ERROR 的不安全 primary errcode 均禁止 rollback audit (152.488458ms)
✔ 业务连接 createSession 不可信时返回 guard-unavailable 且数据库零 audit (23.222375ms)
✔ 金额输出坚持精确往返和页面显示：15 位、16 位、极小数、正负零、尾零及科学计数法 (1.5625ms)
✔ 所有主体按页面行序展开；四个汇总位于明细与调整之后，零差异显示短横线 (0.99975ms)
✔ 原表文本不推断类型；公式缺缓存或历史值类型不可验证时拒绝 (0.312875ms)
✔ 非通道明细保留前导零业务键，并按 in/out 生成有符号发生额 (1.969958ms)
✔ 通道 CITI 使用交易金额，非 CITI 按 billdate 月末分支取值 (0.31975ms)
✔ Pending credit/debit 两侧金额方向和错币标识符合 spec (0.224916ms)
✔ 零值、负值、空金额和未知 Pending 类型按显式公式或异常处理 (0.309084ms)
✔ 空业务键、跨账期、未知方向和非标准大小写币种进入互斥异常类别 (0.1565ms)
✔ 非通道 CNH 在业务层归一 CNY，raw audit 保留原值且规范哈希兼容 CNY (0.114125ms)
✔ 通道只归一实际参与业务的交易、清算或结算币种列 (0.68525ms)
✔ VCC 参与币种字段矩阵仅接受 trim 后大写 CNY/CNH (0.721167ms)
✔ 通道实际币种列一旦可确定，common 与分支后续失败也使用规范哈希 (0.726375ms)
✔ 通道规范哈希保留导入指定主体边界，同主体 CNY/CNH 相同、换主体冲突 (0.174875ms)
✔ 通道 invalid_key 在实际币种列可确定时仍形成 canonical anomaly hash (0.166291ms)
✔ Pending 双侧 CNH/CNY 归一后不判错币，raw audit 与规范哈希各守边界 (0.138417ms)
✔ 历史读取边界只把精确 CNH 映射为 CNY，不放宽其他非规范币种 (0.060166ms)
✔ 金额超过两位小数或 Excel 有效数字上限时进入格式异常且不做舍入 (0.099209ms)
✔ 账期字段接受 YYYY-MM、YYYYMM 和 Excel 数值日期字符串 (0.176375ms)
✔ 超长文本业务键无损保留，数值型业务键明确拒绝 (0.060875ms)
✔ PR2 schema 首次建库与重复迁移均幂等 (6.134792ms)
✔ 存量小型 CNH 派生资金事实一次性迁为 CNY 且大表原始行审计保持不变 (6.071708ms)
✔ 同一坐标同时存在 CNY 与 CNH 时迁移失败关闭且零 DML (4.152459ms)
✔ 存量单一期初月份回填 first_month 且运行列兼容旧表 (0.719ms)
✔ 存量多个期初月份不改资金数据、不阻断启动，并持久化幂等诊断 (0.834333ms)
✔ 多期初月份诊断不阻断 AppDatabase.init，启动后保留诊断供 VCC 门禁读取 (80.649875ms)
✔ 既有 first_month 与期初月份冲突时保持原值并阻断运行 (0.72575ms)
✔ 畸形 opening 月份不回填 first_month 且重复迁移诊断幂等 (0.689084ms)
✔ 畸形 first_month 不会被合法期初月份覆盖 (1.009084ms)
✔ 调整账本约束坐标与序号唯一且随 run 级联删除 (3.424709ms)
✔ 真实 v2 增量迁移保留全部业务行、来源 ID 与精度，支持共享原件且阻止旧连接写入 (42.167708ms)
✔ v3 迁移各持久断点均完整回滚，关闭连接后可以安全重试 (152.734209ms)
✔ 提交后故障报告持久 v3，后续新连接校验不能伪称回滚 (31.217167ms)
✔ 坏 guard、错误索引及未来 marker 在迁移首写前拒绝 (72.330042ms)
✔ generic 初始化拒绝未迁移 v2；v3 缺 guard 时不能靠 IF NOT EXISTS 自动修补 (30.957584ms)
✔ v2 side tables 把永久异常、临时 staging、fallback 与输入来源分离 (5.474166ms)
✔ staging 自引用 partial index 对 fresh/既有 v2 幂等安装并支撑外键清理 (14.106416ms)
✔ slim effective schema 不再永久保存 raw_json、原始键或重复文件路径 (0.252875ms)
✔ storage contract marker 仅显式写入并拒绝未来版本 (11.12925ms)
✔ 正式启动把 fresh/empty v1 经 v2 原子升级为空 v3 并保持二次幂等 (11.910042ms)
✔ 已有结构但业务行为空的 v1 升级时保留 effective 自增高水位 (10.415917ms)
✔ 非空 v1 在首笔兼容迁移前 fail-closed 且不写 marker (3.433292ms)
✔ AppDatabase 正式启动接入非空 v1 门禁并保留原业务行 (46.63975ms)
✔ 非空 first_month 也属于 v1 业务状态并阻止自动升级 (3.304666ms)
✔ 空 v1 升级末端校验失败时回滚 slim schema、marker 和 guards (4.875958ms)
✔ v1 历史终态记录没有 source 时标记 unavailable，不冒充待存档 (3.230417ms)
✔ contract-v3 连接能力触发器允许新版连接并阻止 v3.1.9 真实 repository 降级写 (75.734916ms)
✔ system snapshot import_source_id 补列后建立部分索引且迁移幂等 (3.991667ms)
✔ 系统财务OP导入结果保留全部异常计数供界面汇总 (0.769917ms)
✔ 系统财务OP正式资产逐列表头与识别契约一致 (19.431791ms)
✔ 系统财务OP按正式行式模板读取主体、九币种和完整原始血缘 (10.423542ms)
✔ 系统财务OP财务余额严格优先使用 Excel raw 数值并记录显示差异 (4.94125ms)
✔ 系统财务OP raw-first 覆盖大额两位小数、公式缓存、文本会计负数和横线零值 (3.614542ms)
✔ 系统财务OP直接按 worksheet v token 拒绝正负超精度值，避免 SheetJS Number 先吞分币 (12.142917ms)
✔ 系统财务OP通过 workbook relationship 定位 worksheet，并保留合法精度边界 lexical 证据 (4.390791ms)
✔ 系统财务OP缺少 OOXML lexical 时仅允许可证明分币安全的 Number fallback (0.106583ms)
✔ 系统财务OP worksheet 重复财务余额 cell 时稳定失败关闭而不回退 Number (4.044083ms)
✔ 系统财务OP worksheet XML 为空或结构损坏时返回稳定精度错误及定位上下文 (0.2725ms)
✔ 系统财务OP raw 数值超过两位小数或安全范围时拒绝且不舍入 (5.671291ms)
✔ 系统财务OP表头位于第 20 行之后时识别和正式导入仍使用同一范围 (5.297625ms)
✔ 系统财务OP缺列、多列或调换顺序均给出正式模板差异提示 (8.027583ms)
✔ 旧 YYMMOP 横表不再被系统财务OP宽松识别 (1.641833ms)
✔ 同一工作簿存在多处系统财务OP表头时拒绝静默选第一处 (3.33775ms)
✔ 系统财务OP正式导入二次拒绝 1904 日期系统 (2.051667ms)
✔ 系统财务OP按所选账期筛选，并支持一个文件形成多个主体快照 (10.93275ms)
✔ 系统财务OP拒绝非法日期、非VCC部门、空主体和空财务余额 (9.606375ms)
✔ 系统财务OP缺失规范币种仍拒绝，CNH 作为 CNY 业务行且原始审计保留 CNH (8.327583ms)
✔ 系统 OP 同主体 CNY+CNH 归一后仅拒绝该主体，其他完整主体继续 (6.942417ms)
✔ 系统 OP 跨文件同主体 CNY+CNH 无论余额是否相同均主体级拒绝，完整其他主体继续 (22.117ms)
✔ 系统 OP 跨文件软错主体仍参与 CNY/CNH 并集且完整同主体不会旁路提升 (10.702708ms)
✔ 系统 OP 模板外列异常先保留标准列审计并拒绝同主体全部快照 (7.605ms)
✔ 系统 OP 非目标月、非法日期或目标月空主体的模板外列保持单条 unknown 基线异常 (18.365833ms)
✔ 系统 OP 跨文件纯 CNY 或纯 CNH 重复维持既有幂等分类，不误判归一双写 (18.771166ms)
✔ 系统 OP 历史 CNY 与新 CNH 规范余额相同则幂等跳过且不改历史审计 (8.269166ms)
✔ 系统财务OP同账期同主体同内容跳过，异内容冲突不覆盖 (10.741667ms)
✔ 系统财务OP校验表生成时间只随新增主体快照刷新 (9.129542ms)
✔ 系统财务OP归档后允许精确重放但拒绝新增主体快照 (13.053333ms)
✔ 同批同主体系统财务OP异内容冲突互相关联以供双侧核对 (8.1105ms)
✔ 系统快照混合精确重放、冲突和新主体时只过滤冲突并提升新主体 (14.567125ms)
✔ 系统快照同主体的精确重放与异内容在失败批次内分别归类 (11.064916ms)
✔ 系统财务OP跨文件格式异常只过滤异常数据并提升完整快照 (8.043334ms)
✔ 系统财务OP同文件多主体部分格式错误时提升完整主体并过滤异常主体 (9.010333ms)
✔ 系统 OP 多文件第二份最终 SHA/size 不一致时 failImportBatch 精确关联失败来源 (12.643875ms)
✔ A-09 unarchive gate 固定按 inconsistent → active → later → allowed (22.791542ms)
✔ A-10 active/later 只改变 gate，旧 unresolved evidence 不再阻断 (13.383333ms)
✔ 相同字节替换文件仍使预检计划过期，不只比较 hash 与大小 (20.981291ms)
✔ 五类表头精确匹配优先，缺列、错序和额外列均无说明页排除资格 (4.108375ms)
✔ 多 Sheet 计划包括隐藏、空白和说明页，按 Sheet 补主体且 public DTO 不泄露路径和 hash (13.388916ms)
✔ 预览范围之后的第二表块也在提交前被发现，坏表不能通过排除绕过 (9.374667ms)
✔ 同名物理文件不合并，排除说明后没有业务 Sheet 时不创建任务 (6.344875ms)
✔ 显式 Sheet 定位可共用读取上下文，保留真实行号且不读取另一张同类型表 (3.69875ms)
▶ bank-statement op-lock — 源码接线 (v3.0.11 至 v3.1.0)
  ✔ 统一互斥锁定义存在（一把锁，含 inFlight/operation） (0.457625ms)
  ✔ 既有、前置资金、重复入金和平盘动作均 acquire 同一把锁 (4.2465ms)
  ✔ 争用返回 { status:"failed", message:"正在处理中…" } (0.3545ms)
  ✔ 直接 handler 与平盘统一包装都在 finally 释放锁 (0.192583ms)
✔ bank-statement op-lock — 源码接线 (v3.0.11 至 v3.1.0) (5.828791ms)
▶ bank-statement op-lock — 互斥语义 (三动作并发被挡)
  ✔ 安装过渡开始后拒绝新动作且不占用业务锁 (0.893625ms)
  ✔ import 持锁时 run / export 并发被挡 (0.104792ms)
  ✔ 释放后另一动作可重新获取（不死锁） (0.0875ms)
  ✔ 全部已登记动作两两互斥（共享同一把锁） (0.9985ms)
  ✔ run/export 持锁期间 account-mapping-save 被拒（防清 processingResult 后被 stale run 覆盖） (0.100667ms)
✔ bank-statement op-lock — 互斥语义 (三动作并发被挡) (2.319625ms)
▶ adm-bank-deposit-fields 常量（v2.1.16-beta.5 PR-1）
  ✔ CHANNEL_VALUE / ADM_MERCHANT_ID 锚定值 (0.386334ms)
  ✔ ADM_FUND_TYPES 精确字面值（含 &FX 后缀，大小写敏感） (0.565792ms)
  ✔ ADM_EXTRA_FIELDS = 6 新字段（顺序 + 字面值） (0.056958ms)
  ✔ FIELD_MAP 跨表字段名大小写显式（防同名误用） (0.056166ms)
  ✔ 🔴 gwTypeIndex 指向 GATEWAY_BILL_FIELDS Type 超长缺括号列（R-1/R-3 护栏） (0.069917ms)
✔ adm-bank-deposit-fields 常量（v2.1.16-beta.5 PR-1） (1.747583ms)
▶ BANK_STATEMENT_FIELDS — 46 列固定字段
  ✔ Object.freeze 锁死 (0.475375ms)
  ✔ 恰好 46 列 (0.065958ms)
  ✔ 包含「合并单号」「合并状态」两个新增字段 (0.041083ms)
  ✔ 顺序：「合并单号」「合并状态」紧跟在 Transaction Description 之后 (0.1165ms)
  ✔ 包含核心字段（账户主体 / Credit Amount / Debit Amount / ReconciliationId） (0.056709ms)
  ✔ 包含 v2.1.9 N5 关联字段（Channel / 地区） (0.042959ms)
  ✔ 字段名无重复 (0.049208ms)
  ✔ 字段名全非空字符串 (0.069709ms)
  ✔ 顺序：账户主体 = 第 1 列 (0.052083ms)
  ✔ 顺序：拆分信息 = 第 46 列（最后） (0.075125ms)
✔ BANK_STATEMENT_FIELDS — 46 列固定字段 (1.698708ms)
▶ BANK_STATEMENT_VIRTUAL_AMOUNT_ABS — 虚拟字段
  ✔ 值 = "发生额绝对值" (0.046ms)
✔ BANK_STATEMENT_VIRTUAL_AMOUNT_ABS — 虚拟字段 (0.130666ms)
▶ BANK_STATEMENT_FIELDS_FOR_C3 — 46 + 1 虚拟字段
  ✔ Object.freeze 锁死 (0.472167ms)
  ✔ 恰好 47 列 (0.044583ms)
  ✔ 前 46 项 = BANK_STATEMENT_FIELDS (0.043792ms)
  ✔ 第 47 项 = 发生额绝对值（虚拟字段） (0.028167ms)
  ✔ 字段名无重复 (0.045958ms)
✔ BANK_STATEMENT_FIELDS_FOR_C3 — 46 + 1 虚拟字段 (0.725208ms)
▶ loadFundTypeEnum
  ✔ 读真实 assets/FundType枚举值.xlsx → 契约 12 个值（有序） (5.73775ms)
  ✔ FUND_TYPE_ENUM_FILE_NAME 常量正确 (0.091292ms)
  ✔ 临时 fixture：有序 + 跳表头 (5.517292ms)
  ✔ 临时 fixture：去空行 + 去重（保持首次出现顺序） (1.711834ms)
  ✔ 文件缺失 → 降级空数组（不抛错） (0.284709ms)
  ✔ 缓存命中：删文件后再读同路径仍返缓存值（未 reset） (1.858416ms)
  ✔ 缺省路径（不传 filePath）→ 走默认 assets 路径 (0.579917ms)
✔ loadFundTypeEnum (16.42975ms)
▶ GATEWAY_BILL_FIELDS — 31 列
  ✔ Object.freeze 锁死 (0.376792ms)
  ✔ 31 列 + 包含 reconciliationId (0.052583ms)
  ✔ 字段无重复 (0.044083ms)
✔ GATEWAY_BILL_FIELDS — 31 列 (0.95675ms)
▶ CHANNEL_BILL_FIELDS — 16 列
  ✔ Object.freeze 锁死 (0.045583ms)
  ✔ 16 列 + 包含 reconciliationId（小写 c）+ receiveAmount (0.045125ms)
✔ CHANNEL_BILL_FIELDS — 16 列 (0.1505ms)
▶ ORDER_REPAIR_FIELDS_GATEWAY — 14 列（不含 SubBizType）
  ✔ Object.freeze 锁死 (0.052167ms)
  ✔ 恰好 14 列 (0.039041ms)
  ✔ 不含 SubBizType（与 business 模式 ORDER_REPAIR_FIELDS 15 列区分） (0.041666ms)
✔ ORDER_REPAIR_FIELDS_GATEWAY — 14 列（不含 SubBizType） (0.212375ms)
▶ RECON_RESULT_FIELDS_GATEWAY — 19 列
  ✔ Object.freeze 锁死 (0.03975ms)
  ✔ 19 列 (0.062791ms)
✔ RECON_RESULT_FIELDS_GATEWAY — 19 列 (0.140667ms)
▶ sheet 名常量
  ✔ GATEWAY_BILL_SHEET_NAME = 网关账单 (0.08675ms)
  ✔ CHANNEL_BILL_SHEET_NAME = 渠道账单 (0.050959ms)
  ✔ ORDER_REPAIR_SHEET_NAME_GATEWAY = 订单修复 (0.040666ms)
  ✔ RECON_RESULT_SHEET_NAME_GATEWAY = 对账结果 (0.048792ms)
✔ sheet 名常量 (0.315291ms)
▶ GATEWAY_RECON_FIELDS — 31 列固定字段
  ✔ Object.freeze 锁死 (0.623625ms)
  ✔ 恰好 31 列 (0.073833ms)
  ✔ 包含核心字段（BillDate / OrderId / Amount / reconciliationId） (0.05525ms)
  ✔ 字段名无重复 (0.049167ms)
  ✔ 字段全非空字符串 (0.062666ms)
  ✔ 顺序：第 1 列 = BillDate (0.038041ms)
  ✔ 未包含 v2.1.8 N2 sentinel "__CUSTOM__"（防 sentinel 冲突） (0.037084ms)
✔ GATEWAY_RECON_FIELDS — 31 列固定字段 (1.58275ms)
▶ loadGatewayReconHeaders
  ✔ 读真实 assets/网关对账单.xlsx → 31 列表头（有序）、不含 __CUSTOM__ (8.297583ms)
  ✔ GATEWAY_RECON_HEADERS_FILE_NAME 常量正确 (0.083708ms)
  ✔ 临时 fixture：取表头行整行（有序） (5.766833ms)
  ✔ 临时 fixture：去空列 + 去重（保持首次出现顺序） (2.013667ms)
  ✔ 🔴 资金红线：表头含 __CUSTOM__ → 必须剔除 (1.661625ms)
  ✔ 文件缺失 → 降级 fallback 到旧硬编码 GATEWAY_RECON_FIELDS（非空，不抛错） (0.271125ms)
  ✔ 空表头 fixture → 降级 fallback 到旧硬编码 (1.755667ms)
  ✔ 缓存命中：删文件后再读同路径仍返缓存值；reset 后重读降级 fallback (1.59275ms)
  ✔ 缺省路径（不传 filePath）→ 走默认 assets 路径 (1.863875ms)
✔ loadGatewayReconHeaders (23.985042ms)
▶ RECON_RESULT_FIELDS — 18 列
  ✔ Object.freeze 锁死 (0.390667ms)
  ✔ 恰好 18 列 (0.055667ms)
  ✔ 字段无重复 (0.040667ms)
  ✔ 包含核心字段 (0.040333ms)
✔ RECON_RESULT_FIELDS — 18 列 (1.045291ms)
▶ BUSINESS_BILL_FIELDS — 23 列（主边）
  ✔ Object.freeze 锁死 (0.06475ms)
  ✔ 恰好 23 列 (0.045583ms)
  ✔ 包含 reconId / Amount / BizType (0.038166ms)
✔ BUSINESS_BILL_FIELDS — 23 列（主边） (0.222333ms)
▶ OPPONENT_BILL_FIELDS — 22 列（从边，少 1 列）
  ✔ Object.freeze 锁死 (0.058875ms)
  ✔ 恰好 22 列 (0.034958ms)
  ✔ 比 BUSINESS_BILL_FIELDS 少 "订单创建来源" 字段 (0.057292ms)
✔ OPPONENT_BILL_FIELDS — 22 列（从边，少 1 列） (0.228625ms)
▶ ORDER_REPAIR_FIELDS — 15 列（含 SubBizType）
  ✔ Object.freeze 锁死 (0.126375ms)
  ✔ 恰好 15 列 (0.043417ms)
  ✔ 含 SubBizType（与 gateway 模式 ORDER_REPAIR_FIELDS_GATEWAY 14 列区分） (0.043ms)
✔ ORDER_REPAIR_FIELDS — 15 列（含 SubBizType） (0.308917ms)
▶ sheet 名常量
  ✔ RECON_RESULT_SHEET_NAME = 对账结果 (0.07525ms)
  ✔ BUSINESS_BILL_SHEET_NAME = 业务部门账单 (0.031458ms)
  ✔ OPPONENT_BILL_SHEET_NAME = 对手部门账单 (0.024709ms)
  ✔ ORDER_REPAIR_SHEET_NAME = 订单修复 (0.060291ms)
✔ sheet 名常量 (0.286166ms)
▶ REFUND_BANK_COLUMNS — 银行 12 字段（v3.0.10：10→12 加 Extra Information + Drawee Name）
  ✔ 恰好 12 列 (0.409166ms)
  ✔ 12 列全部 ∈ BANK_STATEMENT_FIELDS（防常量漂移） (0.073084ms)
  ✔ 含 Debit Amount，不含 Credit Amount（✅Q4：金额列只放 Debit Amount） (0.04575ms)
  ✔ v3.0.10：含新增的 Extra Information + Drawee Name 两列 (0.405208ms)
  ✔ v3.0.10 列序：CustomerRef → Extra Information → Payment Detail → Drawee Name（按 BANK_STATEMENT_FIELDS 模板序） (0.073959ms)
  ✔ 精确顺序（v3.0.10 12 列） (0.585792ms)
  ✔ Object.freeze 锁死 (0.038208ms)
✔ REFUND_BANK_COLUMNS — 银行 12 字段（v3.0.10：10→12 加 Extra Information + Drawee Name） (2.182625ms)
▶ REFUND_RO_COLUMNS — 中台退款订单 15 字段（O4 新增）
  ✔ 恰好 15 列 (0.063333ms)
  ✔ 精确顺序（按用户列序） (0.051875ms)
  ✔ 15 列全部 ∈ ZHONGTAI_REFUND_ORDER_SIGNATURE.expectedHeaders（防常量漂移） (0.092083ms)
  ✔ Object.freeze 锁死 (0.042083ms)
✔ REFUND_RO_COLUMNS — 中台退款订单 15 字段（O4 新增） (0.351667ms)
▶ REFUND_TEMPLATE_HEADERS — sheet1 33 列（v3.0.10：31→33，银行段 10→12）
  ✔ 恰好 33 列（6 + 12 + 15） (0.056167ms)
  ✔ A~F 固定列顺序：退款单号/状态/渠道流水号/渠道退款时间/命中类型/匹配命中详情（O1 加命中类型列） (0.042167ms)
  ✔ E 列（第 5 列）= 命中类型；F 列（第 6 列）= 匹配命中详情 (0.048125ms)
  ✔ 第 7 列起 12 列 = REFUND_BANK_COLUMNS (0.0515ms)
  ✔ 第 19 列起 15 列 = REFUND_RO_COLUMNS (0.026458ms)
  ✔ Object.freeze 锁死 (0.01925ms)
  ✔ 表头列名无重复（「流水号」≠「退款单号」，内容重复但表头互异） (0.024625ms)
✔ REFUND_TEMPLATE_HEADERS — sheet1 33 列（v3.0.10：31→33，银行段 10→12） (0.337041ms)
▶ REFUND_BACKFILL_FIELD_MAP — 跨表映射单一真相
  ✔ Object.freeze 锁死（含嵌套 uniqueKey/backfill/s1/s2/s2b/s3/s4/jpm/filter） (0.064292ms)
  ✔ 唯一值映射（✅Q1）：bankAccount=MerchantId / roAccount=银行大账号 / roAmount=退款金额 (0.0265ms)
  ✔ 回填动作映射（§5.1.3） (0.022542ms)
  ✔ S1：roKey=银行打款流水号，bankFields=[ChannelOrderNo, CustomerRef] (0.02625ms)
  ✔ S2：bankExtract=Extra Information，roField=附言 (0.019958ms)
  ✔ S2b（R2 守卫，D6/D7）：memoFields / blacklist / minRefLength (0.033292ms)
  ✔ S3 按位映射（✅Q8b）：付款人名称↔Drawee Name / 付款卡号↔Drawee CardNo / 虚拟卡号↔Payee CardNo (0.038291ms)
  ✔ S4（R4）：bankDate=BillDate / roDate=valueDate / toleranceDays=21 (0.024333ms)
  ✔ S3b（R5）：draweeNameField / DESC DATE 正则 / depositDateField=ValueDate (0.031833ms)
  ✔ S3c（R6）：DTD/FOR 正则 + currency=USD + 入金日期/金额/币种列 (0.026083ms)
  ✔ JPM 映射（✅Q7/Q8 + D8 中性命名）：HK 单字段=银行打款流水号 / 二跳键 OR + CustomerRef (0.031625ms)
  ✔ 筛选映射（§5.1.2）：SUBMITTED / Ach Return (0.022084ms)
✔ REFUND_BACKFILL_FIELD_MAP — 跨表映射单一真相 (0.451209ms)
▶ 提取参数
  ✔ MTX_FEATURE = {MTX, 19, 22} → /MTX\d{19}/ (0.061083ms)
  ✔ R1：T54_REFUND_RE 形态 = /T54[A-Z]{4}\d{6}/g（替代旧 T54SWIC_FEATURE） (0.020958ms)
  ✔ R1：旧值 T54SWIC494867 仍被新正则匹配（存量零漏配 / 真子集） (0.06525ms)
  ✔ R1：T54LCIC/T54CCBT 新前缀也命中（实测三前缀 SW/LC/CC） (0.026708ms)
  ✔ R1：T54 + 3 字母（位数不足）不匹配（形态严格 4 字母 6 数字） (0.024959ms)
✔ 提取参数 (0.24ms)
✔ 先订阅事件，新事件先到时较晚的 app:get-info 旧快照不能覆盖主题 (1.371292ms)
✔ 加载前与非法配置禁止保存，不发出 IPC (0.299084ms)
✔ 保存中防止重复请求，成功后应用完整快照并释放 saving (0.187542ms)
✔ 保存失败与 IPC 拒绝保留原主题和配置，同时允许后续重试 (0.125625ms)
✔ 保存期间收到较新事件，较旧但合法的保存回包不能反向覆盖 (0.084708ms)
✔ 编辑开始时间期间其他窗口关闭并修改结束时间，提交保留外部修改且不重新启用 (0.380541ms)
✔ 慢保存期间连续编辑两个时间，旧回包不覆盖草稿且后续请求合并最新值 (2.612167ms)
✔ 保存失败不打断活动时间框，离开后回读已保存时段并可重试 (0.362542ms)
✔ 保存回包不能清除更新的非法草稿，排队关闭仍使用已保存时段 (0.421125ms)
✔ 无效时间草稿不阻止直接关闭，销毁后不发送队列里的后续编辑 (0.213083ms)
✔ 关闭排队后新时间继续保存，关闭成功不吞后续编辑 (0.887583ms)
✔ 关闭后新非法草稿保留且不阻止关闭请求成功 (0.30175ms)
✔ 关闭排队后新时间继续保存，关闭失败不吞后续编辑 (0.234458ms)
✔ 关闭后新非法草稿保留且不阻止关闭请求失败反馈 (0.167333ms)
✔ 无效事件快照被拒绝，不能将默认关闭配置与深色状态拼接 (0.097791ms)
✔ status ok 但缺少 revision、主题或合法配置的回包报错并保留当前状态 (0.154084ms)
✔ 销毁取消事件订阅和通知，正在保存的回包不再重绘；快照副本不共享配置 (0.062542ms)
✔ 严格方向·out：Credit 录反行失败关闭，Debit 正确行才可被 FundTransfer-out 命中 (1.69225ms)
✔ 严格方向·in：Debit 录反行不能被 FundTransfer-in 命中 (0.087792ms)
✔ 只有账号/币种/金额已近似匹配才产生方向告警，金额不等不制造全表噪声 (0.068ms)
▶ 重复入金匹配 UI / preload / IPC 接线
  ✔ 页面复用三按钮布局且初始状态正确 (0.565792ms)
  ✔ renderer 注册默认关闭模块的状态、按钮和 preview 路径 (1.068792ms)
  ✔ preload 的 4 个 invoke、3 个进度通道与 main handlers 对齐 (1.239333ms)
  ✔ startup在freeze前同时注册manual与duplicate恢复链，再允许getter构造Service (0.678583ms)
  ✔ main handlers 对取消、失败、进度和锁释放执行真实契约 (2.945958ms)
  ✔ startup未完成或active Hold时所有legacy入口fail closed且不打开文件选择器 (0.581209ms)
✔ 重复入金匹配 UI / preload / IPC 接线 (7.7275ms)
✔ Payment 不再读取 mid-allocation 原始订单或注入 midAllocationContext (0.598083ms)
✔ Payment 开启时强制加载 fundTransferReconContext 工作副本 (0.15325ms)
✔ Payment 开启时派生失败必须阻断，不能读取陈旧持久表降级 (0.082709ms)
✔ Payment 预检阻断的 code 和明细从 main 透传并在运行弹框显示 (0.11325ms)
✔ 新一轮运行开始即清空旧 processingResult，预检失败后不能导出上一轮结果 (0.046334ms)
▶ peekImportTarget prepare 只读边界
  ✔ 目标侧库不存在时返回 0，且不创建目录或数据库 (73.21875ms)
  ✔ 目标侧库存在时只读查询，不调用会执行 DDL 的 openSideDb (69.524708ms)
✔ peekImportTarget prepare 只读边界 (143.293292ms)
✔ 启动扫尾保护集合只采信侧库可恢复 run 的 exact-seven batchContext (110.703375ms)
✔ fresh run prepare 可读取绑定原批次的可恢复 run，legacy/no-context 不冒充所有权 (108.611041ms)
✔ resume 只接受显式 runId，不按月份选 latest/partial 候选 (69.710083ms)
▶ crash/resume archive identity
  ✔ side 新格式恢复复用精确身份，worker 保持 dbPath/chunk offset，成功只补 main mirror (202.474708ms)
  ✔ legacy no-owner 以新 File Task CAS 接管，重放不能覆盖新 owner/progress/output intent (110.514ms)
  ✔ owner transfer 在 progress 或 output intent 变化时原子拒绝，不回填新 owner (105.810625ms)
  ✔ cancelled owner 的手工 resume 新建 File Task，CAS 后保持 parent 但不复用旧号码/owner (148.708334ms)
  ✔ failed owner 也只能 CAS 转移到新 File Task，旧批次终态不变 (106.701167ms)
  ✔ side complete 崩溃恢复零 worker 替换旧镜像并复用原批次，exact 镜像严格 no-op (137.143375ms)
✔ crash/resume archive identity (811.67875ms)
✔ acquiring export 从主镜像唯一定位 side/main run 并固定稳定 parent identity (69.938083ms)
▶ 孤儿双向兜底（reconcileOrphans，spec §B.6）
  ✔ 正常配对（文件+镜像）→ 不删不标失效 (67.886625ms)
  ✔ 有文件无元数据 + 空壳（无 flow/bill imports）→ 删文件 (68.069584ms)
  ✔ 🔴 codex P1：有文件无元数据 + import-only（有 flow/bill 数据）→ 不删（防丢导入数据） (68.134458ms)
  ✔ 有元数据无文件 → 标记 run 失效（status=side-db-missing，不崩溃） (66.21ms)
  ✔ 再次 reconcile 已失效 run 不重复标记（幂等） (66.75925ms)
  ✔ 双向并存：A 空壳文件无元数据 + B 元数据无文件 → 同时处理 (67.743541ms)
✔ 孤儿双向兜底（reconcileOrphans，spec §B.6） (405.0245ms)
▶ retention 文件级二态分流（B-D4）
  ✔ 整文件删（deleteMonthSideDb）：删侧库文件 + 主库镜像行 (68.364041ms)
  ✔ 仅保留 diff（trimMonthSideDbKeepDiff）：删 flow_imports，保留 bill + diff (70.343917ms)
  ✔ 仅保留 diff：侧库文件不存在 → skip 不报错 (66.113667ms)
✔ retention 文件级二态分流（B-D4） (204.925041ms)
▶ 双源读路径（B-D2）
  ✔ listMonthsDualSource 合并侧库 month + 主库旧表 month (71.099125ms)
  ✔ getSessionStatusDualSource 侧库存在 → 读侧库 readiness + 主库镜像 run (69.95925ms)
  ✔ getSessionStatusDualSource 侧库不存在 → 读主库旧表（历史 run 零变化） (67.915708ms)
✔ 双源读路径（B-D2） (209.074792ms)
▶ runCheckCore byte-for-byte contract
  ✔ 主进程直调 vs worker pool dispatch — diff_rows + stats byte-for-byte 一致 (535.160709ms)
  ✔ runCheck 和 runCheckCore 是同一函数引用（alias） (0.091125ms)
  ✔ runCheckCore 直接 throw（monthKey 缺失） (193.861708ms)
  ✔ T13.1 — 不传 cancelToken（向后兼容；runCheckCore 行为不变） (174.639917ms)
  ✔ T13.2 — cancelToken.cancelled=true 在 stage 1 (clearing-old-runs) → CancelError + ROLLBACK + DB 无锁残留 (181.154167ms)
  ✔ T13.3 — cancelToken 在 stage 4 chunked 边界（chunk 0 之前）→ throwIfCancelled + 无 diff_rows 残留 (169.466708ms)
  ✔ T13.4 — cancelToken 在 stage 5 (写盘前；chunked 全部完成后) → CancelError 但 DB 数据已落库 (168.716709ms)
  ✔ T13.5 — createCancelToken 接口（cancelled / cancel / throwIfCancelled） (0.140333ms)
  ✔ 写盘失败保留 data-complete；恢复后两份文件发布完成才切 complete (175.562166ms)
  ✔ writer 已提交后退出时 resume 复用同一耐久目标，不遗留第二份输出 (171.336375ms)
  ✔ 路径/complete 收口失败原子回滚，run 仍为 data-complete 可恢复 (176.116584ms)
  ✔ T13.6 — CancelError 类（name + stage 字段 + 继承 Error） (0.0985ms)
  ✔ T19-session.1 — resumeFromRun 中途 cancel 后 resume → 与全新 run byte-for-byte 一致 (357.27075ms)
  ✔ T19-session.2 — resumeFromRun.runId 不存在 → throw (175.893375ms)
  ✔ T19-session.3 — resumeFromRun.runId month_key 不匹配 → throw (179.683833ms)
  ✔ T19-session.4 — chunkSize 默认 100000（不传时）vs 显式传值 (177.94375ms)
  ✔ T19-session.5 — Round 5 G1：setRunChunkProgress(in-progress) 在 COMMIT 后立即写入（COMMIT → 首 await 之间窗口期 0 缝隙） (172.367875ms)
  ✔ T19-session.6 — Round 6 H1：setRunChunkProgress 与 INSERT runs 同事务原子提交（COMMIT 前写入） (179.065833ms)
  ✔ T19-session.6b — 初始 progress/context 更新失败时 run 插入一并回滚 (171.608542ms)
  ✔ T19-session.8 — Round 6 H4：chunkSize 持久化到 chunk_progress（正常 + cancel partial） (346.642791ms)
  ✔ T19-session.9 — Round 6 H4：partial chunk_progress.chunkSize 字段在 resume 后保留 (175.5355ms)
  ✔ T19-session.7 — Round 6 H1：cancel at inserting-run（COMMIT 之前）→ safeRollback runs + chunk_progress 同事务回滚 (167.926459ms)
✔ runCheckCore byte-for-byte contract (4051.542375ms)
▶ β.1-T2 多 worker contract（Group A：repository 级 byte-for-byte）
  ✔ A1.[~50 行 / chunkSize 10（5 chunks 跨边界）] M=2 🔴 多 worker == 单 worker 逐行一致 (27.258625ms)
  ✔ A1.[~50 行 / chunkSize 10（5 chunks 跨边界）] M=4 🔴 多 worker == 单 worker 逐行一致 (22.901709ms)
  ✔ A1.[500 行 / chunkSize 100（5 chunks 跨边界）] M=2 🔴 多 worker == 单 worker 逐行一致 (24.52175ms)
  ✔ A1.[500 行 / chunkSize 100（5 chunks 跨边界）] M=4 🔴 多 worker == 单 worker 逐行一致 (25.096959ms)
  ✔ A1.[500 行 / chunkSize 50（10 chunks 喂饱 M=4）] M=2 🔴 多 worker == 单 worker 逐行一致 (30.754667ms)
  ✔ A1.[500 行 / chunkSize 50（10 chunks 喂饱 M=4）] M=4 🔴 多 worker == 单 worker 逐行一致 (30.724416ms)
  ✔ A1.[5000 行 / chunkSize 500（10 chunks）] M=2 🔴 多 worker == 单 worker 逐行一致 (59.676667ms)
  ✔ A1.[5000 行 / chunkSize 500（10 chunks）] M=4 🔴 多 worker == 单 worker 逐行一致 (55.443791ms)
  ✔ A1.[5000 行 / chunkSize 137（非整除边界）] M=2 🔴 多 worker == 单 worker 逐行一致 (108.979417ms)
  ✔ A1.[5000 行 / chunkSize 137（非整除边界）] M=4 🔴 多 worker == 单 worker 逐行一致 (101.632125ms)
  ✔ A2. 单 chunk（chunkSize >= 总行数）🔴 byte-for-byte 一致 (16.620417ms)
  ✔ A3. 0 diff（全匹配）→ 两路均 0 行 + totalChunks/lastCompletedChunkIndex 一致 (23.695791ms)
  ✔ A4. 空表（0 bill 行）→ totalChunks=0 / lastCompletedChunkIndex=-1（与单 worker 一致，不起 worker） (2.135583ms)
  ✔ A6. 🔴 worker crash（reader 阶段）→ reject + 本 run diff_rows 清空（不留半套数据） (15.601125ms)
  ✔ A7. 🔴 失败清理范围：DELETE 仅清本 run（runId=2），不误伤 runId=1 的有效 diff (17.345125ms)
  ✔ A5. 三方一致：单 worker vs M=2 vs M=4 同一份数据 diff_rows 逐行相等 (111.85975ms)
✔ β.1-T2 多 worker contract（Group A：repository 级 byte-for-byte） (675.348875ms)
▶ β.1-T2 多 worker contract（Group B：runCheckCore 级 gate）
  ✔ B1.[60 bill] 🔴 runCheckCore 多 worker(M=2) == 单 worker baseline 逐行一致 (426.704625ms)
  ✔ B1.[600 bill] 🔴 runCheckCore 多 worker(M=2) == 单 worker baseline 逐行一致 (610.154708ms)
  ✔ B4. 🔴 C2：resume(从 chunk 0)重跑前清本 run 残留 diff_rows（MW 崩/cancel mid-merge 不致翻倍） (207.999583ms)
  ✔ B2. gate 回退：workerCount=4 但无 dbPath → 走单 worker（结果正确 + chunk_progress complete） (194.049625ms)
  ✔ B3. default workerCount（不传）== 显式 workerCount=1（都单 worker，diff_rows 一致） (383.964333ms)
✔ β.1-T2 多 worker contract（Group B：runCheckCore 级 gate） (1823.111417ms)
✔ E13-C Acquiring action 分类、运行时拓扑和 legacy binding 精确分离 (1.251834ms)
✔ E13-C copy 冻结普通文件并异步复制到 task staging，结果逐字节一致 (82.966625ms)
✔ E13-C copy 对 source 内容变化、symlink 和取消全部 fail closed (72.905166ms)
✔ E13-C regenerate 只接受 complete success run，使用只读 DB 生成并回读 workbook (106.258084ms)
✔ E13-C Supervisor 按 action 分别执行 inline copy 与 thread-single regenerate (272.861208ms)
✔ E13-C regenerate 精确解析 per-month side DB 镜像并在侧库只读生成 (81.494333ms)
✔ E13-C regenerate 拒绝 partial、data-complete、progress 缺失和 source 漂移 (75.442834ms)
✔ E13-C managed export 在执行、校验、发布边界三次复核 source 且 Publisher 单次调用 (71.855583ms)
✔ E13-C action/source 交叉输入与 Publisher 失败均不得被兼容或伪造成功 (71.294ms)
✔ E13-C main 保留 legacy copy 且 managed branch 只绑定 copy action (1.827792ms)
▶ buildAdmRows - 筛选（Channel=ADM ∧ FundType 白名单）
  ✔ Channel=ADM ∧ FundType=Fundtransfer-out → 进 ADM (1.088209ms)
  ✔ FundType=Fundtransfer-out&FX（含 &FX 后缀）→ 进 ADM (0.224ms)
  ✔ 白名单两值都覆盖（与常量一致） (0.599708ms)
  ✔ Channel≠ADM（BANK）→ 不进 (0.055667ms)
  ✔ Channel 大小写敏感：adm（小写）→ 不进 (0.047417ms)
  ✔ FundType 不在白名单（Fundtransfer-in）→ 不进 (0.037916ms)
  ✔ FundType 大小写敏感：fundtransfer-out（小写）→ 不进 (0.038875ms)
  ✔ Channel / FundType 前后空格：trim 后等于 → 进（normCell trim） (0.064041ms)
  ✔ FundType 内部多空格（不可 trim 掉）→ 不进（精确等于） (0.057583ms)
  ✔ 非对象行 / null 行 → 跳过不崩 (0.107ms)
✔ buildAdmRows - 筛选（Channel=ADM ∧ FundType 白名单） (2.950625ms)
▶ buildAdmRows - ADM 行结构（13 + 6 字段初值）
  ✔ 6 新字段：匹配标志初始 0、其余空串；保留 13 银行字段 (0.115708ms)
  ✔ 派生不修改源行（浅拷贝隔离） (0.046917ms)
✔ buildAdmRows - ADM 行结构（13 + 6 字段初值） (0.215958ms)
▶ assignBatchNo / normalizeBillDateIso - 批次号
  ✔ normalizeBillDateIso 多格式归一同一 YYYY-MM-DD (0.490666ms)
  ✔ 同 ChannelOrderNo 组：混合日期格式不分裂（统一首个可解析 BillDate 归一） (0.044708ms)
  ✔ Excel 序列号 BillDate 可解析，不分裂 (0.087708ms)
  ✔ 组内取首个可解析 BillDate：首行不可解析则用首个可解析者 (0.289417ms)
  ✔ ChannelOrderNo 空 → 批次号空（不阻断） (0.030625ms)
  ✔ ChannelOrderNo 为 number → String 化归批 (0.033167ms)
✔ assignBatchNo / normalizeBillDateIso - 批次号 (1.037667ms)
▶ matchAdmToMidAllocation - 唯一匹配（两侧任一重复=冲突）
  ✔ clean（两侧都唯一）→ 回填调拨号 / Fundtransfer-in金额（原值） (0.062375ms)
  ✔ mid-duplicate：同渠道流水号对多条中台行 → 冲突、不赋值 (0.04425ms)
  ✔ adm-duplicate：ADM 侧同 CustomerRef 多行 → 两行都冲突、不赋值 (0.035333ms)
  ✔ no-mid-match：中台无对应渠道流水号 → 冲突、不赋值 (0.025667ms)
  ✔ empty-customerref：ADM 行 CustomerRef 空 → 冲突、不赋值 (0.026292ms)
  ✔ normKey 大小写敏感：CustomerRef=cr1 ≠ 渠道流水号=CR1 → no-mid-match (0.023125ms)
  ✔ 中台侧渠道流水号空键不入索引（不误判 ADM 空 ref 命中） (0.028833ms)
  ✔ Fundtransfer-in金额 取中台收款金额原值（不数值化） (0.032208ms)
✔ matchAdmToMidAllocation - 唯一匹配（两侧任一重复=冲突） (0.334167ms)
▶ buildAdmRows - 部分成功 + midEmpty 端到端
  ✔ 部分成功：admRows 全部落库（含未匹配行留空），unmatched 正确 (0.106ms)
  ✔ midEmpty=true：中台表为空 → 全部 no-mid-match，midEmpty 置位 (0.041042ms)
  ✔ midEmpty=false：中台表非空时不置位 (0.027958ms)
  ✔ 全匹配成功：unmatched 空 (0.030958ms)
  ✔ 空入参（无银行行）→ 空结果不报错 (0.027291ms)
  ✔ 入参非数组 → 防御为空 (0.024875ms)
✔ buildAdmRows - 部分成功 + midEmpty 端到端 (0.303208ms)
▶ AppUpdaterService
  ✔ 模块加载阶段不解析 electron-updater (42.9535ms)
  ✔ CommonJS 可直接加载，初始化写入全部生产安全配置与完整状态契约 (0.958708ms)
  ✔ NSIS 未显式传 enabled 时默认关闭，避免未来调用方意外开启更新 (0.097125ms)
  ✔ 开发版与 portable 发行版不加载 electron-updater，并明确标记 unsupported (0.200542ms)
  ✔ 初始化失败后手动检查不绕过错误状态调用残缺 updater (0.147833ms)
  ✔ 初始化延迟 loader 支持 electron-updater 模块形态及 CancellationToken (1.132917ms)
  ✔ 启动自动检查每次进程至多一次，重复调用共享进行中的检查且没有轮询 (0.166833ms)
  ✔ 关闭时启动检查不执行且机会被消费，手动检查仍不受开关限制 (0.150667ms)
  ✔ 关闭使自动检查失效后，立即检查排队为新的 manual 请求且只排一次 (0.193916ms)
  ✔ 失效检查收尾时重新开启会排队新的 toggle 检查 (0.159084ms)
  ✔ 排队的 toggle 检查在再次关闭后失效 (0.095542ms)
  ✔ 手动检查在关闭状态可进入 available，并记录目标版本和检查时间 (0.076542ms)
  ✔ 无事件的检查结果也能回退到 available/up-to-date 状态 (0.099833ms)
  ✔ 只接受严格升版的 stable SemVer，拒绝同版、降级和预发布 (0.1355ms)
  ✔ 下载进度受控更新，update-downloaded 后开放 restart (0.170542ms)
  ✔ 优先复用 checkForUpdates 返回的 CancellationToken 下载和取消 (0.095875ms)
  ✔ 手动取消通过 CancellationToken 收敛回 available，不把预期取消记为 error (0.145875ms)
  ✔ 关闭会取消进行中的自动下载并保持 disabled，迟到完成结果不能覆盖状态 (0.114833ms)
  ✔ 自动下载完成后关闭开关会隐藏旧安装动作，重新开启回到 idle (0.109792ms)
  ✔ 关闭自动更新不取消用户手动触发的下载 (0.21825ms)
  ✔ 手动下载期间开启自动更新保留下载状态且不重复检查 (0.285458ms)
  ✔ 关闭后尚未开始的自动下载不会启动 (0.075666ms)
  ✔ 没有 CancellationToken 时可回退 fake updater.cancelDownload (0.109625ms)
  ✔ 自动下载失败保留开关并返回错误状态，手动下载失败继续 reject (0.783708ms)
  ✔ 手动检查失败只向状态暴露脱敏错误，原始原因写日志并保留 reject (0.14275ms)
  ✔ 启动后台检查失败只写日志，不把错误状态广播给设置页 (0.066291ms)
  ✔ 并发 manual 加入 startup 检查时保留 startup 来源 (0.065ms)
  ✔ 状态订阅立即给快照，退订后不再接收且外部修改不污染内部状态 (0.073666ms)
  ✔ 无活跃操作时迟到的 updater 事件只记录错误，不改写已完成状态 (0.066ms)
  ✔ restartAndInstall 先执行业务忙检查，忙时不清理也不退出 (0.215667ms)
  ✔ restartAndInstall 安装闸门合并并发调用，退出清理和 quitAndInstall 均只执行一次 (0.107416ms)
  ✔ 退出清理失败时不调用安装器，保留 canRestart 供修复后重试 (0.109334ms)
  ✔ quitAndInstall 抛错时释放主进程过渡闸门并保留重试能力 (0.114167ms)
✔ AppUpdaterService (50.465584ms)
✔ 显式 parent 优先，且不查询持久 anchor (1.272458ms)
✔ 新流程先建立 parent，稳定业务 identity 可在后续任务恢复 parent (0.217166ms)
✔ operation token 使用独立来源标签 (0.078167ms)
✔ 月份、文件 hash 和 renderer state 不能冒充稳定 identity (0.177208ms)
✔ 锚点冲突 fail-closed，不回退新流程 (0.425792ms)
✔ 显式新流程不查询或继承相同 identity 的旧 anchor (0.071583ms)
✔ 历史稳定 run 首次无 anchor 时建立并绑定新 parent，重建 resolver 后继承 (0.100459ms)
✔ 续接流程没有稳定 identity 时仍 fail-closed (0.1125ms)
✔ startsNewFlow 必须显式，且新流程不能同时继承 parent (0.079834ms)
✔ tracker sink 建批次、归档文件并向 UI 映射批次号与文件字段 (2.123916ms)
✔ tracked batch 无候选文件时不建批次、不发 pseudo batch 且不写 outbox (1.3945ms)
✔ 保留期默认 60 天并支持新增枚举，既有合法值保持兼容 (0.156167ms)
✔ 模块期限设置返回完整设置，未知模块拒绝，继承不改全局默认 (0.238458ms)
✔ 旧 sink 新建批次按模块期限，显式期限和已持久 outbox 快照优先 (32.354292ms)
✔ operation owner 终态 outbox 只重放 Task Run CAS，不创建空 batch (12.163625ms)
✔ operation owner 取消终态重放后执行 finalizer，失败时保留 outbox 供二启重试 (12.189166ms)
✔ Position terminal route 拒绝空 operationToken 且不写 outbox (0.724709ms)
✔ Pending operation terminal route 以 TaskRun identity 持久并在重放后调用 finalizer (12.849209ms)
✔ Pre-fund terminal route 只规范非空 TaskRun identity (10.389875ms)
✔ operation/file owner cancel-wins 时迟到 success 不 finalizer、不移除 outbox (17.417375ms)
✔ failed/no-receipt terminal outbox 重放只收口 TaskRun，Pending/Biz finalizer 均无业务副作用 (22.404333ms)
✔ 控制器启动时将有效、损坏和空模板排除设置统一归一化为空数组 (0.161875ms)
✔ 存储根 manager 先于 service 初始化，设置/变更透传且 maintenance 阻止删除重试 (0.745ms)
✔ 公开统计 DTO 精确投影 ready 总量、运行次数、不可回退 latest 与迁移状态 (0.163583ms)
✔ 模板排除控制器方法与 main/preload IPC 桥接已移除 (2.157583ms)
✔ 单个文件归档失败保留批次并返回可见告警，不抛业务异常 (0.126583ms)
✔ 另存为取消不写文件，成功时使用原文件名作为默认名 (0.239667ms)
✔ 批次元数据已删除但物理清理失败时保留部分成功语义 (0.327ms)
✔ 业务完成后源文件已变化的批次要求重新执行业务，不提供无效重试 (0.061625ms)
✔ 未产出 output 与业务失败但归档输入完整均提示从原入口重跑 (0.280959ms)
✔ 源文件变化但保留业务摘要时允许选择等价副本，且不向页面暴露摘要 (0.355666ms)
✔ 普通可重试错误保持原路径重试模式 (0.087708ms)
✔ 混合重试部分成功时返回计数和明确提示 (0.115208ms)
✔ controller 使用真实 ArchiveService 拒绝错误副本并接受同字节副本 (62.575333ms)
✔ 存档主库暂不可用时写入 outbox，跨重启重放后解除源文件保护 (44.641792ms)
✔ 已永久删除 operation 的 outbox 跨重启后明确丢弃且不复活批次 (81.592041ms)
✔ outbox 重放为部分失败正式批次时不得释放失败文件源路径 (21.45375ms)
✔ outbox 重放在附件元数据登记前失败时保留任务和源文件 (25.785209ms)
✔ 部分附件 ready 且后续登记失败时终态保持不完整，原附件恢复后才完成 (63.218458ms)
✔ 终态 outbox 按附件、原 task CAS、业务 finalizer、remove 顺序重放且不建 ghost batch (101.608584ms)
✔ legacy outbox 无 owner/target 且 files=[] 时拒绝发号并保留诊断记录 (9.444541ms)
✔ 正式建批或追加的 artifact 与 outbox 同时失败时不得宣称可重试 (0.309833ms)
✔ 同一平盘恢复操作重复登记时复用 outbox 并补齐新文件 (22.554458ms)
✔ 启动先重放持久终态，再扫尾无终态任务；未重放终态的目标批次保持 active (23.053083ms)
✔ 启动先给模块 owner 恢复原批次，再仅扫尾无人认领任务 (0.774125ms)
✔ 模块 owner 恢复失败时保留其原批次且仍扫尾其他孤儿任务 (0.692875ms)
✔ 多个模块 owner 逐项 settle，失败互不短路且分别上报 (0.255125ms)
✔ 模块恢复聚合错误保留内部资源明细和恢复路径，启动对话框及日志均可见 (0.738959ms)
✔ post-owner flush 成功后二次 outbox inventory 读取失败仍阻断 sweep/VCC (0.207958ms)
✔ startup hook 严格位于 owner/outbox/flow/sweep/interrupted artifact 状态收口后，物理维护不进入启动 (0.33175ms)
✔ 无 StorageRootManager 时 defer 初始化后只完成安全恢复并返回 PR4 维护边界 (0.173625ms)
✔ 首次 entry maintenance 立即返回、同进程去重并按 version=1 八阶段顺序完成 (3.732416ms)
✔ entry maintenance 失败仅允许离开后以新 visit 重试 (0.731625ms)
✔ 公开 entry maintenance 的历史 Blob inventory 每页拒绝被链接替换的 managed ancestor (26.493292ms)
✔ ownership scan 的 failed status 不得误报 completed，新 visit 才可重试 (0.712583ms)
✔ retention 轻门禁拒绝缺失 VCC 成功证据、outbox intent 与活动任务且不二次 reconcile (0.6755ms)
✔ 存档 root unavailable 或 ok:false 均在 outbox/窗口 admission 前 fail-closed (0.140041ms)
✔ 恢复批次清单读取失败时跳过通用扫尾并 fail-closed 阻止启动 (0.66325ms)
✔ outbox remaining 与 interrupted sweep 失败均 fail-closed 且不进入 VCC gate (0.14375ms)
✔ 永久删除预检只读，凭证绑定窗口和批次且缺失凭证不可执行 (0.166083ms)
✔ 永久删除重复确认共用本次执行；未明确 fullyDeleted 时不得显示成功 (0.10425ms)
✔ 终态通知未 ACK 时预检阻止；预检后新增目标通知也阻止提交且不隐式 flush (9.947208ms)
✔ 恢复清单损坏与未结束迁移 journal 均拒绝永久删除预检 (0.15725ms)
✔ 待完成删除独立于批次可见性列出并重试，保留任务身份和严格完成条件 (0.245333ms)
✔ 原 owner 收口凭证持久化完整身份，异终态和异 afterTerminal 不可覆盖 (35.610291ms)
▶ 已删 File Task 仅在实例、完整 owner、终态和后处理证明匹配时 ACK 迟到重复通知
  ✔ complete (39.492625ms)
  ✔ pending-cleanup (19.764458ms)
  ✔ missing-proof (26.762875ms)
  ✔ different-status (22.856833ms)
  ✔ different-route (35.712625ms)
  ✔ different-instance (16.751583ms)
✔ 已删 File Task 仅在实例、完整 owner、终态和后处理证明匹配时 ACK 迟到重复通知 (161.847875ms)
✔ 终态已写但原 afterTerminal 失败时不记录收口证明、不 ACK (30.424541ms)
✔ 真实 FileTask 正常完成后由原生命周期登记证明，删除后迟到重复终态安全 ACK (135.662375ms)
✔ 匿名后处理尚未完成的持久通知不误认成无需后处理，内部标记不进入 Task metadata (16.806875ms)
▶ artifact 未耐久时 eager/deferred 都保留原后处理责任，具备恢复路由才可自动收口
  ✔ eager/anonymous (114.355042ms)
  ✔ eager/routed (75.199666ms)
  ✔ eager/none (46.875459ms)
  ✔ deferred/anonymous (49.125542ms)
  ✔ deferred/routed (49.637875ms)
  ✔ deferred/none (51.48075ms)
✔ artifact 未耐久时 eager/deferred 都保留原后处理责任，具备恢复路由才可自动收口 (387.315709ms)
▶ 工具箱真实发布恢复在清理完成后记录 owner 凭证，凭证和 receipt 收尾中断均可重启恢复
  ✔ none (202.295ms)
  ✔ before-cleanup (205.971666ms)
  ✔ before-proof (265.980667ms)
  ✔ after-proof (234.708625ms)
  ✔ routed-outbox (244.411ms)
  ✔ routed-proof (228.523333ms)
  ✔ unknown-owner (190.735333ms)
✔ 工具箱真实发布恢复在清理完成后记录 owner 凭证，凭证和 receipt 收尾中断均可重启恢复 (1574.935458ms)
✔ publication owner 仅匹配 Main 登记的精确 taskKey/moduleId，不认未知共享 Publisher 入口 (1.49525ms)
▶ VCC 与只读导出真实 policy 的临时归档失败由原 publication 恢复，匿名通知安全 ACK 后可初始化和删除
  ✔ vccFinancialOp:data-manager:export (168.891625ms)
  ✔ vccFinancialOp:export:import-audit (178.320625ms)
  ✔ vccFinancialOp:export:result (167.299833ms)
  ✔ pending:error:export-report (207.577958ms)
  ✔ pending:diff:export-single (182.756833ms)
  ✔ pending:diff:export-aggregate (158.169041ms)
  ✔ bizOpRecon:export:date (157.821208ms)
  ✔ bizOpRecon:export:date-range (166.458083ms)
  ✔ pre-fund-reconciliation:export (154.275333ms)
  ✔ acquiringBillCurrency:export (221.45675ms)
✔ VCC 与只读导出真实 policy 的临时归档失败由原 publication 恢复，匿名通知安全 ACK 后可初始化和删除 (1763.871584ms)
✔ 输入摘要随冻结 manifest 和批次原子保存，重启前源文件清理后仍保留原证据 (24.075875ms)
✔ 不完整或与原快照不符的输入摘要在归档发号前拒绝 (6.476ms)
✔ 输入摘要持久化失败回滚整个发号事务，重试才生成完整批次 (8.336333ms)
✔ 已有缺摘要批次不因重复 reserve 被回填或重新认领源文件 (11.259958ms)
✔ Task Run 是无编号 exact-5 owner，建立本身不写 batch/issuance/sequence (12.678042ms)
✔ LineageIntentV1 在 lifecycle 边界排序并深冻结，v0 producer 只能为 null (0.248166ms)
✔ Task Run 与 planned lineage 同事务建立，replay 集合一致幂等、不同则冲突 (10.191666ms)
✔ lineage planned/terminal 写入故障与 Task Run 同事务回滚 (6.299375ms)
✔ Task Run terminal 与 lineage 同事务提交；interrupted 保留 planned 且仅它可恢复 (6.621792ms)
✔ related 以 visible seed 做 same-parent 与 pivot run 一跳查询，不沿共享输入递归扩散 (19.12675ms)
✔ v0/null producer lineage 不按日期、月份或 latest 伪造输入关联 (11.449292ms)
✔ legacy 空 parent seed 不会把所有空 parent 历史批次关联在一起 (9.075084ms)
✔ File Batch 与非空 pending manifest 原子创建，同 manifest replay 幂等 (14.015708ms)
✔ deferred Task Run 已 running 时 promote 原子建立 running File Batch (6.922375ms)
✔ manifest 首批 artifact 插入失败时 batch、issuance、sequence 全部回滚 (7.55575ms)
✔ visible query 在 SQL 分页前排除零 artifact，并保留 failed-only (11.5835ms)
✔ public visible 查询只复用一个 repository SQL predicate fragment (0.640584ms)
✔ filePlan boundary 接受零字节普通文件，拒绝目录、symlink 和 input/output alias (12.463375ms)
✔ FilePlan由Main冻结direct target parent identity并拒绝rename+ordinary replacement (7.707416ms)
✔ FilePlan direct parent identity覆盖grandparent replacement并允许原对象移回 (15.296042ms)
✔ FilePlan把0 dev/ino标记unsupported，generic freshness仍兼容 (12.038583ms)
✔ FilePlan reserve 后 freshness 只复核冻结 input 与 target identity (12.523458ms)
✔ FilePlan input 可继承 picker snapshot，并只在最终 freshness 使用定制失败合同 (9.262916ms)
✔ 提供 picker snapshot 时 normalize 不读源，最终 freshness 恰好比较一次 (8.47575ms)
✔ supplied snapshot 的父目录消失时仍形成 plan，并保留多输入与 alias 防护 (6.882041ms)
✔ FilePlan 拒绝非法 picker snapshot，未提供 snapshot 的旧调用保持 normalize 时捕获 (5.754666ms)
✔ task-owned 与 batch-owned flow intent 跨表幂等复用且不产生双 owner (12.167542ms)
✔ eager 新任务 running 中断按原责任恢复，同一身份可删除或到期清理 (79.324375ms)
✔ eager 新任务 after-terminal 中断按原责任恢复，同一身份可删除或到期清理 (86.891334ms)
✔ eager anonymous 不登记普通责任，原后处理不会被通用恢复跳过 (75.92825ms)
✔ eager routed 不登记普通责任，原后处理不会被通用恢复跳过 (114.716459ms)
✔ eager route-only 不登记普通责任，原后处理不会被通用恢复跳过 (77.5935ms)
✔ eager 责任 INSERT 失败回滚批次、manifest、issuance与流水，文件副作用不开始 (10.053334ms)
✔ deferred 新任务 running 中断按原责任恢复，同一身份可删除或到期清理 (58.312667ms)
✔ deferred 新任务 after-terminal 中断按原责任恢复，同一身份可删除或到期清理 (94.164333ms)
✔ deferred anonymous 不登记普通责任，原后处理不会被通用恢复跳过 (75.38125ms)
✔ deferred routed 不登记普通责任，原后处理不会被通用恢复跳过 (104.213625ms)
✔ deferred route-only 不登记普通责任，原后处理不会被通用恢复跳过 (87.295833ms)
✔ deferred 责任 INSERT 失败回滚批次、manifest、issuance与流水，文件副作用不开始 (36.600292ms)
✔ normal completion INSERT 后责任 DELETE 失败必须原子回滚，可再次恢复 (76.188667ms)
✔ startup completion INSERT 后责任 DELETE 失败必须原子回滚，可再次恢复 (73.463541ms)
✔ 错 instance 的持久责任拒绝恢复并保留原记录 (29.2425ms)
✔ 错 owner 的持久责任拒绝恢复并保留原记录 (26.648458ms)
✔ 受保护或未终态的原 owner 保留责任；解除保护后同一任务再恢复 (32.499583ms)
✔ 未完成匿名终态 intent 不被普通责任恢复消费 (24.063ms)
✔ 旧批次重新 reserve 和 schema 幂等升级均不补造无后处理责任 (49.168875ms)
✔ Acquiring 原 owner 合法 resume 原子撤销新协议 interrupted proof，再成功完成原批次 (85.149833ms)
✔ 合法 resume 在 insert-responsibility 失败时回滚 Task、proof 和新责任，可原样重试 (39.2505ms)
✔ 合法 resume 在 delete-proof 失败时回滚 Task、proof 和新责任，可原样重试 (18.552625ms)
✔ resume 不撤销 legacy-proof 的证明、不重新登记责任 (58.184417ms)
✔ resume 不撤销 different-route 的证明、不重新登记责任 (29.527208ms)
✔ resume 不撤销 different-instance 的证明、不重新登记责任 (26.003333ms)
✔ resume 不撤销 manifest 的证明、不重新登记责任 (31.170333ms)
✔ resume 不撤销 owner 的证明、不重新登记责任 (12.382708ms)
✔ 旧 completion schema 加 provenance 列幂等，旧普通证明不被标记为新恢复证明 (110.034375ms)
✔ Acquiring running 的 side-db 恢复证据不可读时，启动和删除保持原 owner (55.199625ms)
✔ Acquiring running 的 json 恢复证据不可读时，启动和删除保持原 owner (20.350667ms)
✔ Acquiring running 的 batch-context 恢复证据不可读时，启动和删除保持原 owner (82.302791ms)
✔ Acquiring running 的 inventory 恢复证据不可读时，启动和删除保持原 owner (37.64ms)
✔ Acquiring after-terminal 的 side-db 恢复证据不可读时，启动和删除保持原 owner (69.814792ms)
✔ Acquiring after-terminal 的 json 恢复证据不可读时，启动和删除保持原 owner (122.237042ms)
✔ Acquiring after-terminal 的 batch-context 恢复证据不可读时，启动和删除保持原 owner (68.210917ms)
✔ Acquiring after-terminal 的 inventory 恢复证据不可读时，启动和删除保持原 owner (114.987625ms)
✔ Acquiring recovered 的 side-db 恢复证据不可读时，启动和删除保持原 owner (43.985916ms)
✔ Acquiring recovered 的 json 恢复证据不可读时，启动和删除保持原 owner (30.496834ms)
✔ Acquiring recovered 的 batch-context 恢复证据不可读时，启动和删除保持原 owner (78.658625ms)
✔ Acquiring recovered 的 inventory 恢复证据不可读时，启动和删除保持原 owner (47.901917ms)
✔ 单次 BigInt stat/fstat 保留相邻高位身份和原小数毫秒，不接受已舍入 Number (1.509333ms)
✔ 高位 dev/ino 可持久删除和只读副本；共享 Blob 保留，重启后低位不同的同内容替换仍拒绝 (193.868375ms)
✔ 普通函数 handler 无 prepare，参数原样进入 execute (1.344625ms)
✔ 对象 handler execute 稳定收到冻结 taskContext 与 artifact barrier (0.109125ms)
✔ prepare 必须显式声明 proceed，禁止把业务 status 猜成门禁结果 (0.208375ms)
✔ prepare stop 原样返回 result，输入输出路径角色分离 (0.091625ms)
✔ prepare 是普通 eager FilePlan 的唯一规范化冻结边界 (2.490042ms)
✔ IPC 保留 Main 冻结 authority，但不信任复制或外部注入的目标快照 (1.678625ms)
✔ PR3-Toolbox 保持 13 个 primary 并新增唯一 utility scope (1.201ms)
✔ 内部 alias 解析到 primary，但不增加可见筛选 scope (0.113583ms)
✔ registry 导出不可被调用方改写 (0.168ms)
▶ stateless archive operation tracker
  ✔ 只接受 append sink，不提供成功后建批能力 (0.744333ms)
  ✔ 每次只向显式当前 batch 追加，不记忆或回退 latest (0.836792ms)
  ✔ 无文件 action 仍正常结束当前任务，不建批或猜历史批次 (0.070625ms)
  ✔ 资金对账批量导入只登记本次成功处理的输入 (0.135625ms)
  ✔ 资金对账导出按白名单排除错误报告 (0.083ms)
  ✔ runtime input descriptor 的解析快照和 SHA 优先保留 (0.118917ms)
  ✔ 普通输入可附加调用时捕获的 source snapshot (0.107042ms)
  ✔ 收单、场景与 Pending 导入从 prepared 解析已选择输入文件 (0.130667ms)
  ✔ savePath 与 prepare.outputPaths 不进入 beforeStart 输入快照，覆盖后采集新输出 (4.507084ms)
  ✔ 预存目标文件在 execute 失败时不得因 prepared.outputPaths 被当作本任务输出 (0.576666ms)
  ✔ 临时 MPT 按结果下标筛选，同名文件不互相冒充成功 (0.070916ms)
  ✔ 输入和输出均只归入同一个当前批次 (0.10825ms)
  ✔ Pending writer 保留 path 同时返回 filePath 后会追加真实成功输出 (0.072916ms)
  ✔ skipArchive 明确跳过本次文件登记但保留任务批次 (0.044583ms)
  ✔ append sink 异常向 lifecycle 传播，由 lifecycle 统一记录 failure/warning (0.192416ms)
  ✔ PR3 tracker 同时支持 VCC 财务与 toolbox 文件动作 (0.041791ms)
  ✔ toolbox 同一批登记全部真实输入与最终输出，并保留 writer 摘要 (0.101042ms)
  ✔ VCC财务导入优先登记全部终态证据，旧调用仅登记成功组；三个export登记writer全部输出 (0.567416ms)
✔ stateless archive operation tracker (9.213334ms)
✔ 存档 outbox 跨实例保留文件并支持幂等追加和删除 (43.873167ms)
✔ 同 operation 的文件 outbox 原子合并同批次终态且稳定拒绝冲突 (40.083459ms)
✔ 磁盘 record v1 与 owner terminal payload v2 是独立版本层 (8.602583ms)
✔ 存档 outbox 内容被改写但未同步完整性哈希时必须 fail-closed (15.884041ms)
✔ 存档 outbox 拒绝非字符串及空白文件路径 (0.642916ms)
✔ 受管原件、输出与已打开只读副本实际清理，外部源/另存文件不变；响应丢失可查完成凭证 (69.582125ms)
✔ 多个模块共用永久删除；共享 Blob 最后一个引用释放后才删除 (63.49275ms)
✔ 文件占用保留可见清理任务，重启重试实际完成且不重新生成批次 (41.056708ms)
✔ 重试时同路径替代文件保留，不能把新对象删除后宣告成功 (39.558834ms)
✔ 预检后状态变化使确认失效；提交前 owner 复核失败时元数据和文件完整 (39.619083ms)
✔ 存档盘离线不等于文件已经删除；重新上线按原身份重试 (42.3565ms)
✔ 清理计划提交失败回滚所有元数据与引用，文件不受影响 (37.832542ms)
✔ 旧计划损坏与未知版本不转为空清单，不产生完成凭证 (43.172292ms)
✔ 登记为不存在的只读临时路径出现新对象时拒绝删除 (43.456167ms)
✔ 并发重试共享同一完成结果，不用过期 job 再次报未完成 (40.649459ms)
✔ 物理删除后进度写入失败，原持久计划可按缺失对象恢复 (37.582ms)
✔ 旧计划缺少历史对象身份时保留文件和诊断，即使同路径内容相同 (35.727042ms)
✔ 旧计划原目标均已缺失时按原范围升级，并发重试返回同一完成身份 (40.186333ms)
✔ 失败输出只有预分配路径时不能认领现存未知文件，预检和提交保留批次与文件 (44.536041ms)
✔ 无归属指纹的预分配路径安全缺失时允许删除并支持重复请求 (40.988167ms)
✔ 历史 hardlink 的目录文件和 Blob 都能删除，预检不改变 inode 或权限 (57.52ms)
✔ hardlink unlink 后进度尚未落库便中断，重启仍按冻结身份完成 (57.648708ms)
✔ hardlink 的目录文件占用而 Blob 已删除时，重试完成剩余原对象 (43.567042ms)
✔ hardlink 同路径出现相同内容的新对象时，重试仍保留替代文件 (43.090375ms)
✔ hardlink 没有计划内链接缺失时，ctime 改变仍拒绝删除 (41.746542ms)
✔ 多个历史 hardlink 输出共用另一有效批次的 Blob，删除只释放当前批次路径 (77.126042ms)
✔ hardlink 受管链接删除后保留外部链接内容与权限 (41.4785ms)
✔ 未知外部 hardlink 变化不能冒充计划内链接减少 (44.864167ms)
✔ 共享 hardlink 在 unlink-before-progress 中断后完成恢复，其他批次仍可读取和删除 (63.706083ms)
✔ 共享 hardlink 在 fingerprint-before-progress 中断后完成恢复，其他批次仍可读取和删除 (71.888375ms)
✔ 共享 hardlink 的同组目录文件被占用时不能提前完成 Blob 指纹收口 (65.479125ms)
✔ 共享 hardlink 的其他批次原指纹冲突时 CAS 保留诊断且不刷新 Blob (64.239333ms)
✔ Blob 的内容摘要不能代替目录文件缺失的原对象身份 (38.246208ms)
✔ 旧清理失败后同 SHA 的 Blob 被新批次重新发布，重试保留新引用并完成 (63.504792ms)
✔ 共享 hardlink 的前批次清理挂起时阻止新删除，原任务恢复后再删除下一批次 (68.3995ms)
✔ 历史共享硬链接清理挂起时 read-other 延后脱钩，原删除重试仍可收口 (79.669458ms)
✔ 历史共享硬链接清理挂起时 maintenance 延后脱钩，原删除重试仍可收口 (84.616416ms)
✔ 旧硬链接清理后的同 SHA 新 inode Blob 有新持久引用时保留新对象并收口 (93.8975ms)
✔ 原 Blob 已删且同 SHA 被新批次发布后，EBUSY 目录残留在当前进程重试收口 (80.947875ms)
✔ 原 Blob 已删且同 SHA 被新批次发布后，EBUSY 目录残留在重启重试收口 (72.84425ms)
✔ 原 Blob 已删且同 SHA 被新批次发布后，EACCES 目录残留在当前进程重试收口 (66.677833ms)
✔ 原 Blob 已删且同 SHA 被新批次发布后，EACCES 目录残留在重启重试收口 (68.555916ms)
✔ 同 SHA 新 Blob 不能替代原链接的完整删除证据：unreferenced (42.534917ms)
✔ 同 SHA 新 Blob 不能替代原链接的完整删除证据：missing-fingerprint (68.139209ms)
✔ 同 SHA 新 Blob 不能替代原链接的完整删除证据：mismatched-fingerprint (69.649709ms)
✔ 同 SHA 新 Blob 不能替代原链接的完整删除证据：original-inode-reappeared (68.465833ms)
✔ 同 SHA 新 Blob 不能替代原链接的完整删除证据：parent-replaced (86.056625ms)
✔ 同 SHA 新 Blob 不能替代原链接的完整删除证据：original-content-changed (92.77ms)
✔ 同 SHA 新 Blob 不能替代原链接的完整删除证据：extra-link-removed (88.858417ms)
✔ 同 SHA 新 Blob 不能替代原链接的完整删除证据：unpersisted-progress (92.782625ms)
✔ 同 SHA 新 Blob 不能替代原链接的完整删除证据：forged-memory-progress (87.753583ms)
✔ 同 SHA 新 Blob 不能替代原链接的完整删除证据：different-plan (82.143958ms)
✔ 同 SHA 新 Blob 不能替代原链接的完整删除证据：already-missing (89.100541ms)
✔ 同 SHA 新 Blob 不能替代原链接的完整删除证据：preserved-shared (87.923958ms)
✔ 历史 Blob 无持久指纹时拒绝同 SHA 替代对象 (43.067083ms)
✔ 历史 Blob 无持久指纹时安全缺失仍可幂等删除 (47.281084ms)
✔ 共享硬链接 unlink 进度落库前中断，维护不提前刷新指纹，原删除仍可重放 (72.497625ms)
✔ 正常硬链接脱钩遇共享指纹冲突时先保留原 inode，修正冲突后可读和删除 (75.73525ms)
✔ 正常硬链接已脱钩但指纹事务失败时保留旧凭证，重启维护同原 inode 后恢复 (69.355334ms)
✔ 维护不能把同 SHA 不同 inode 的替代对象刷新成原 Blob 的持久身份 (36.86175ms)
✔ 旧硬链接遇新引用但 missing-new-fingerprint 时不能跳过原计划核验 (64.635042ms)
✔ 旧硬链接遇新引用但 returned-original-link 时不能跳过原计划核验 (67.795334ms)
✔ 共享硬链接 first 项脱钩后指纹落库失败，维护逐步恢复全部引用 (114.923ms)
✔ 共享硬链接 last 项脱钩后指纹落库失败，维护逐步恢复全部引用 (119.379958ms)
✔ 真实 streaming 账户确认先删 apply 批次，重启后历史共享来源仍由 prepare 批次最终清理 (1068.862084ms)
✔ 真实 FilePlan 共享来源被同内容新 inode 替换时，重启删除仍保留替代对象 (984.002167ms)
✔ 新 Position manifest attempt-recording 后原证据持久保留，重启可删除受管来源 (47.404625ms)
✔ 新 Position manifest interrupted-before-settle 后原证据持久保留，重启可删除受管来源 (36.782792ms)
✔ 其他批次 sha256 冲突不能把同源引用放宽为共享保留 (90.508833ms)
✔ 其他批次 size 冲突不能把同源引用放宽为共享保留 (73.130791ms)
✔ 其他批次 snapshot 冲突不能把同源引用放宽为共享保留 (83.491292ms)
✔ 其他批次 owner-instance 冲突不能把同源引用放宽为共享保留 (90.635875ms)
✔ 其他批次 owner-identity 冲突不能把同源引用放宽为共享保留 (82.857625ms)
✔ 其他批次 owner-missing 冲突不能把同源引用放宽为共享保留 (71.427375ms)
✔ 其他批次 task-running 冲突不能把同源引用放宽为共享保留 (84.095084ms)
✔ 持久删除计划后新增同源批次仍阻止物理删除，后者释放后原计划按missing重放 (111.606625ms)
✔ 共享引用不豁免活动/恢复保护；provider两个路径数组必须完整合法 (66.230375ms)
✔ 真实过滤行报告 原源仍存在 后重开库，原批次可永久删除 (1463.336125ms)
✔ 真实过滤行报告 业务删除并由Main清理 后重开库，原批次可永久删除 (1406.172792ms)
✔ 报告 attempt-recording 后原SHA和target身份已在reserve耐久保存，重启可按原owner删除 (44.649625ms)
✔ 报告 settle-before-exit 后原SHA和target身份已在reserve耐久保存，重启可按原owner删除 (28.638292ms)
✔ 报告reserve写入失败原子回滚发号，旧普通output不能因重试获得报告归属 (13.591334ms)
✔ 报告证据拒绝错producer、原snapshot、大小及普通预分配输出，Repository同样拒绝绕normalizer (13.329208ms)
✔ 报告 replacement 不得成为无引用或可清理来源 (44.446541ms)
✔ 报告 producer-key 不得成为无引用或可清理来源 (38.481709ms)
✔ 报告 missing-database 不得成为无引用或可清理来源 (44.4675ms)
✔ 报告 foreign-checkpoint 不得成为无引用或可清理来源 (47.262791ms)
✔ 报告 broken-schema 不得成为无引用或可清理来源 (41.28325ms)
✔ 报告job保留原operation/双artifact身份，metadata删除后新增冻结引用及不可读侧库仍阻止重试 (59.741084ms)
✔ 只读副本保留创建身份并及时关闭句柄，重启后真实确认令牌可完成删除 (153.570167ms)
✔ 只读副本 after-create 替换拒绝登记，重启后保留原 creating 责任及替代文件 (112.433583ms)
✔ 只读副本 after-rename 替换拒绝登记，重启后保留原 creating 责任及替代文件 (112.70875ms)
✔ 只读副本 after-capture 替换拒绝登记，重启后保留原 creating 责任及替代文件 (113.907375ms)
✔ 只读副本 parent-after-capture 替换拒绝登记，重启后保留原 creating 责任及替代文件 (114.941917ms)
✔ 只读副本读流失败关闭创建句柄后，错误收尾不得关闭其他文件复用的 fd (40.236875ms)
✔ 模块未覆盖时兼容旧默认值，永久与无效设置分别解析 (0.787792ms)
✔ 14 个模块独立覆盖，默认值修改不覆盖已设置模块，inherit 恢复动态继承 (0.233125ms)
✔ code 和附属别名归属 canonical 模块，不生成独立设置行 (0.100292ms)
✔ 损坏 map 与非法字段安全继承默认，合法模块覆盖独立保留且读取不写入 (0.664333ms)
✔ 未知模块与非法期限拒绝保存，已有配置保持不变 (0.248959ms)
✔ preview 后源文件变化时 apply fail-closed，且 bundle 只来自主进程 context (5.812833ms)
✔ 缺失渠道必须带确认，成功 consume 后 token 一次性失效 (4.099916ms)
✔ File Task 收口凭证核对批次及 TaskRun 完整身份，拒绝冲突且正常记录幂等 (46.680708ms)
✔ deferred 零输出不占号，跨日 promote 以实际建批日形成 running batch (9.317167ms)
✔ Bank Statement run TaskRun 与重启后重复 export File Batch 持久继承 parent，rerun 新建 parent (57.835667ms)
✔ public list/detail 剔除 manifest、alias、snapshot 与 target parent identity (16.217541ms)
✔ public VCC File Task 隐藏与 taskRunId 同值的 metadata.batchId，保留 raw 与业务异值 (32.158875ms)
✔ File Batch 保留期由 service 统一应用默认、永久与显式天数语义 (10.251459ms)
✔ manifest settle 只接受已登记 key，并以 publication SHA/size 校验输出 Blob (49.221166ms)
✔ manifest settle 在 attempt 前耐久保存 evidence，失败后的无参 retry 继续校验 (13.760875ms)
✔ 显式 settle 的 eager output 未形成时耐久记为 OUTPUT_NOT_PRODUCED 并允许业务成功终结 (9.982917ms)
✔ Bank Statement 多输出 graceful 子报表失败时其 artifact failed、其余 ready，业务仍 succeeded (50.057334ms)
✔ stageFile/archiveFile 流式发布并按内容去重，最后引用删除才移除本体 (52.103375ms)
✔ 无 DB owner 的同 SHA canonical 文件阻断发布且不读不删，移除后任务可恢复 (31.3085ms)
✔ ready artifact 复用时本次 expected SHA/size 不一致必须显式冲突且保留旧 artifact (29.016292ms)
✔ createBatch(files) 走原子 manifest，形成后拒绝 append 未登记 artifact (49.372875ms)
✔ legacy createBatch(files) 空清单拒绝，首批 artifact 故障不出 ghost 且不消耗批次号 (30.686166ms)
✔ legacy createBatch(files) settle 失败耐久为 incomplete 并终结 Task Run (9.283958ms)
✔ legacy outbox 的持久 sourceSnapshot 不会按当前文件静默重建基线 (10.2355ms)
✔ 默认启动只校验 Blob/layout 元数据，显式 verifyHashes 才流式读取全部内容 (32.667292ms)
✔ 5001 个缺失 v2 layout 也只占用首块共享预算并由同一后台队列耗尽 (20.667ms)
✔ 5001 个 canonical Blob 的启动元数据校验只读取首块并由后台耗尽 (404.442583ms)
✔ 后台尚未物化的尾部 artifact 仍以 canonical SHA/size 强校验并按需修复打开 (108.290417ms)
✔ 后台块中断后重启从 DB 状态与 artifact_id cursor 重新耗尽且不跳项 (221.606917ms)
✔ v2 layout 缺失与 legacy 候选共享前台预算，显式强校验仍全量修复 (208.19125ms)
✔ task 批次服务保留预留幂等、状态更新、latest 与 parent 关联 DTO (77.755917ms)
✔ task retentionUntil=undefined 按未提供处理，显式保留期与永久语义保持不变 (24.867834ms)
✔ 模块期限解析覆盖 task 与 legacy 创建，显式快照及已有批次不被新设置改写 (65.104125ms)
✔ File Task 期限使用真实 taskRun 模块，显式期限优先且永久合法 (17.03875ms)
✔ 手工删除与 cleanupExpired 共用 active 授权，任务终结后原批次可清理 (19.270708ms)
✔ Recovery overlay active 阻断手工/retention 删除，resolved 显式删 overlay 且保留事件与 owner (18.61425ms)
✔ 批量复制开始前先登记整批文件，进程中断后不会丢失后续重试线索 (118.644375ms)
✔ 存档失败以明确结果返回且不泄露绝对路径，修复源文件后可按批次重试 (46.492125ms)
✔ 源文件在存档成功后释放，手动删除不运行源路径回调 (41.022208ms)
✔ 同一源文件仍被其它未完成 artifact 引用时不得提前释放 (85.697958ms)
✔ 源释放回调失败不把已完成存档回滚为失败 (42.000708ms)
✔ 业务完成后源文件发生变化时拒绝错存，并保留明确失败审计 (16.963042ms)
✔ 源 stat 与当前文件一致但 SHA 不等于业务解析摘要时仍拒绝存档 (50.066ms)
✔ 有业务 SHA 时，同字节文件即使 inode/ctime/mtime 变化仍可按原路径重试 (48.667875ms)
✔ 有业务 SHA 时允许同字节替代路径，仍拒绝同长度不同字节 (94.053917ms)
✔ 有业务 SHA 时仍拒绝存档读取期间发生变化且不留下 part 或 blob (17.298208ms)
✔ known Blob dedupe 完整 SHA 读取期间变化时不提交新的 artifact 引用 (65.343834ms)
✔ cleanupExpired 按本地日清理，保留日当天不删且锁定批次跳过 (98.65175ms)
✔ 业务引用锁在 Service 与公开 DTO 中不可被解锁、强制删除或 retention 绕过 (54.44775ms)
✔ 后台筛查保留无 durable owner 的 staging/只读副本和 SHA 形状孤儿，仅收口 DB 已知缺失 Blob (96.9835ms)
✔ 后台孤儿目录清单在 before-scan 过期后可正常暂停 (27.145584ms)
✔ 后台孤儿目录清单在 before-readdir 过期后可正常暂停 (13.186083ms)
✔ 后台孤儿目录清单过期处理仍拒绝 offline-root (11.484375ms)
✔ 后台孤儿目录清单过期处理仍拒绝 denied-readdir (7.776709ms)
✔ 后台孤儿目录清单过期处理仍拒绝 symlink-prefix (10.849917ms)
✔ 后台孤儿目录清单过期处理仍拒绝 offline-on-readdir (11.7615ms)
✔ 后台孤儿目录清单过期处理仍拒绝 symlink-on-readdir (11.397583ms)
✔ 后台孤儿目录清单过期处理仍拒绝 file-on-readdir (7.617666ms)
✔ 后台孤儿目录清单过期处理仍拒绝 directory-on-readdir (12.245875ms)
✔ 后台指纹快路仅对新指纹候选按变化做 SHA，旧 NULL same-size 不读不回填 (42.622084ms)
✔ 分页维护在页间释放 root tail，list 不等待整个 blob 阶段 (95.608208ms)
✔ 三页维护的失败页不推进 cursor、不访问后页，新 visit 从失败页重试 (22.810542ms)
✔ retention 按页释放 root tail，返回精确 deletedBatchIds (111.436375ms)
✔ 候选 SHA 期间文件变化时不持久化 pre-hash 指纹 (34.549709ms)
✔ recoverStartupSafety 只收口中断状态，不删除未知 staging/readonly、cleanup job 或 Blob (36.002041ms)
✔ openReadonlyCopy 和 saveAs 只复制存档内容，不暴露或改写 blob (98.788083ms)
✔ 打开与另存即使 storage 指纹相同仍执行完整 SHA 校验 (60.436375ms)
✔ 另存目标经目录链接指向存档根时仍拒绝写入 (62.800834ms)
▶ canonical ancestor 被目录链接替换后 open/save/delete/publish 均 fail-closed
  ✔ open/save (65.386083ms)
  ✔ delete (45.748417ms)
  ✔ publish (22.30425ms)
✔ canonical ancestor 被目录链接替换后 open/save/delete/publish 均 fail-closed (133.97225ms)
▶ root/.staging/.readonly 被目录链接替换时 stage/open 不进入外部目录
  ✔ root (12.639708ms)
  ✔ .staging (10.230916ms)
  ✔ .readonly (62.869542ms)
✔ root/.staging/.readonly 被目录链接替换时 stage/open 不进入外部目录 (86.035542ms)
✔ 发布 rename 失败时不 reject、不留下 staging 或半成品 blob (47.879459ms)
✔ Windows 语义下 publish 与 materialized copy 以可写句柄 fsync 后再设为只读 (60.086916ms)
✔ blob 已发布但元数据提交失败时不自动收编无 owner 文件，人工移除后可恢复 (82.15125ms)
✔ 存档目录暂不可写时仍登记失败批次，目录恢复后可重试 (61.406417ms)
✔ 初始化后的存档根离线时 open/attach fail-closed，不改 DB 或重建 split root (63.975667ms)
✔ 根已建立但初始化子目录 EIO 后，archive/attach 不得把离线根当作首次 bootstrap 重建 (44.713ms)
✔ 数据库初始化不可用也只返回 unavailable，不向业务 Promise 抛错 (4.216125ms)
✔ inode 使用无损十进制 token，并兼容旧数字型快照 (1.193209ms)
✔ bigint Stats 与普通 Stats 严格等价，允许普通 Stats 省略不可靠 inode (1.336416ms)
✔ 大 epoch 纳秒以商余数转换，且严格比较不引入容差 (0.109791ms)
✔ 收集业务输入与结果路径，并在返回业务结果时记录文件身份 (1.217375ms)
✔ layout v2 精确使用 local_date/真实批次号，同批输入输出稳定分配文件名 (2.697583ms)
✔ Windows 非法字符、保留名、尾点空格与长文件名得到稳定安全名称 (0.416959ms)
✔ Windows 路径预算按 UTF-16 code units 截断 emoji，过长根路径 fail-closed (0.305958ms)
✔ 目录化始终生成独立 copy，大小/hash一致且只读 (15.827708ms)
✔ 独立 copy 的 I/O 错误 fail-closed，失败后不留下空业务目录 (2.296167ms)
✔ layout 父目录链接不能把物化写出 root containment (7.752916ms)
✔ 无 ready artifact 不建业务目录，后续同批输入输出按真实批次号创建 (102.533416ms)
✔ 目录化能力失败保留 ready Blob，读取时对同 artifact 修复且不新建批次 (65.760292ms)
✔ copy materialized 被篡改后从 valid canonical 修复，artifact/Blob identity 不变 (84.3185ms)
✔ 修改一个批次目录 copy 不污染 canonical 或复用同 Blob 的其它批次 (154.440042ms)
✔ 历史 hardlink 在启动扫描时脱钩为独立 copy (67.596041ms)
✔ 历史 ready artifact 重启后按旧批次号续跑目录化 (59.753625ms)
✔ 共享 Blob 仅最后引用回收，manual/retention 清理批次目录与空年月日层级 (77.920416ms)
✔ 目录清理失败保留单一 cleanup-pending，启动幂等续跑且元数据不复活 (72.613ms)
✔ fixture 与生产 manager 使用相同的 native canonical path identity (5.015833ms)
✔ legacy 根经 DB 全集/hash 证明后 bootstrap；未知文件阻止自动认领 (149.743375ms)
✔ legacy 根仅兼容空的两位 SHA 分片残留，分片内未知内容仍 fail-closed (166.797666ms)
✔ 正常迁移只流式复制 canonical，目标重新 materialize 并原子切 setting/delegate (304.987291ms)
✔ canonical 父目录 fsync 故障注入兼容 Windows drive/extended/UNC 路径表示 (0.25375ms)
▶ 目标 canonical 文件或父目录 fsync 失败时绝不切换 setting
  ✔ file (146.933417ms)
  ✔ parent (152.661875ms)
✔ 目标 canonical 文件或父目录 fsync 失败时绝不切换 setting (299.96ms)
✔ 迁移源的未知 staging/readonly 文件阻断切换且不复制不删除 (100.229208ms)
✔ 带有效 marker 的目标 transient 未知文件阻断迁移且绝不递归清理 (183.960583ms)
✔ fresh target 同相对 canonical 文件无 journal owner 时即使同 SHA 也阻断且保留 (73.03375ms)
✔ pre-switch 续跑不打开或覆盖 journal 未发布的同相对 layout 文件 (208.91975ms)
✔ journal 已发布 canonical/layout 后中断，重启精确复用 owner 并迁移成功 (404.461416ms)
✔ 暂停后台维护时 orphan drain 不删除未知 SHA，随后迁移按未知内容阻断 (71.660833ms)
✔ 切换后旧根 transient 出现未知文件时保留文件与 cleanup-pending journal (294.288541ms)
✔ precommit Blob 失败保持 source/setting，重启从 journal 幂等续跑 (396.960208ms)
✔ pre-switch 失败释放维护锁后仍拒绝新删除，恢复收口后才允许删除 (306.72975ms)
✔ DB commit 后 journal switched 前崩溃以 setting 为 truth，重启只认 target (240.260917ms)
✔ 旧根删除后、done journal 前崩溃凭 durable removal checkpoint 收口 (240.676ms)
✔ configured root 离线不创建 configured/default，也不静默 fallback (6.831375ms)
✔ switched 后旧根清理失败保持新根唯一可用，cleanup-pending 重启续跑 (281.840959ms)
✔ maintenance 先关闭新 admission/第二迁移，再 drain 现有 archive tail (212.238875ms)
✔ entry maintenance lease 阻止新归档与迁移，但 list 仍可进入分页间隙 (51.17575ms)
✔ 到期删除仅接受当前 entry lease 的内部 owner，拒绝伪造、过期及迁移维护凭据 (79.986292ms)
✔ 真实入口维护通过 owner guard 删除到期批次，并继续后续维护阶段 (79.304125ms)
✔ noncritical ownership 对真实 layout ancestor 链接失败返回显式 ok:false (43.628625ms)
✔ 启动不跑目录化维护，迁移对缺失 layout 只做非破坏完整性失败 (62.690959ms)
▶ target current/ancestor/descendant/foreign marker/probe/capacity 按真实边界 fail-closed
  ✔ current (61.929292ms)
  ✔ ancestor (56.481084ms)
  ✔ descendant (53.466917ms)
  ✔ foreign-marker (75.562542ms)
  ✔ probe (66.335583ms)
  ✔ capacity (68.44875ms)
✔ target current/ancestor/descendant/foreign marker/probe/capacity 按真实边界 fail-closed (382.808ms)
▶ marker-present 活跃根仍逐级拒绝内部 symlink，不删外部文件
  ✔ .staging (42.631291ms)
  ✔ blobs (60.48225ms)
✔ marker-present 活跃根仍逐级拒绝内部 symlink，不删外部文件 (103.360458ms)
✔ 有效 marker 的活跃根只验证固定祖先，不读取全库 evidence (64.012583ms)
✔ 目标 Service 只在 root setting 已原子切换后才运行可修改 initialize (237.346ms)
✔ pre-switch 自动续跑的永久目标故障不清空已恢复的 source delegate (132.306333ms)
✔ cleanup-pending 释放维护锁后仍拒绝新删除，恢复旧根后才允许删除 (291.71825ms)
✔ 历史 pre-switch journal 与 cleanup job 重叠在 after-delete-waiting-migration 中断后按耐久顺序收口 (266.502333ms)
✔ 历史 pre-switch journal 与 cleanup job 重叠在 after-migration-done 中断后按耐久顺序收口 (256.182709ms)
✔ 历史 pre-switch journal 与 cleanup job 重叠在 after-migration-delete-completed 中断后按耐久顺序收口 (266.877333ms)
✔ waiting-migration 缺失原 journal 时保留 job 且不伪造完成凭证 (184.33075ms)
✔ 历史 V1 job 只有路径摘要而无原对象身份时保留两类恢复记录和两根文件 (148.033625ms)
✔ 历史 post-switch 原根计划由迁移 inventory 收口两根后才生成凭证 (276.812917ms)
✔ post-switch 交叠 replacement 在任何两根清理前拒绝并保留原恢复证据 (326.066042ms)
✔ post-switch 交叠 same-content-replacement 在任何两根清理前拒绝并保留原恢复证据 (254.551084ms)
✔ post-switch 交叠 source-replacement 在任何两根清理前拒绝并保留原恢复证据 (254.506666ms)
✔ post-switch 交叠 legacy-journal 在任何两根清理前拒绝并保留原恢复证据 (244.901833ms)
✔ post-switch 交叠 legacy-target-map 在任何两根清理前拒绝并保留原恢复证据 (232.819916ms)
✔ post-switch 交叠 legacy-source-map 在任何两根清理前拒绝并保留原恢复证据 (270.685209ms)
✔ post-switch 交叠 legacy-job 在任何两根清理前拒绝并保留原恢复证据 (255.674334ms)
✔ post-switch 交叠 unsupported-job-item 在任何两根清理前拒绝并保留原恢复证据 (279.26875ms)
✔ pre-switch 旧 journal 缺少源 inventory 时不得将现存路径当作新增身份证据 (108.246083ms)
✔ pre-switch 旧目标无身份时保留两根，目标安全缺失后按原计划幂等收口 (269.767208ms)
✔ pre-switch 正常复用不重复 chmod，进度写入失败后保留原 inode/ctime 并可再次恢复 (492.077042ms)
✔ pre-switch 冻结源身份后 read 保留原证据并可诊断恢复 (331.618416ms)
✔ pre-switch 冻结源身份后 retry 保留原证据并可诊断恢复 (402.357042ms)
✔ pre-switch 冻结源身份后 background 保留原证据并可诊断恢复 (350.163166ms)
✔ pre-switch 冻结源身份后 missing-read 保留原证据并可诊断恢复 (162.098292ms)
✔ pre-switch 冻结源身份后 unreadable-journal 保留原证据并可诊断恢复 (316.782375ms)
✔ 迁移源历史硬链接自身清理中断后只按冻结 inventory 的链接减少恢复 (292.747292ms)
✔ 未完成删除 job 拒绝发起新迁移，原计划清理后才放行 (219.73375ms)
✔ 迁移 journal 损坏时只读删除门禁拒绝且保留原文件 (81.157208ms)
✔ 已切换后旧根离线必须保留 cleanup-pending，不得当作删除成功 (299.166333ms)
✔ 同进程失败后的未决 journal 禁止被第二次迁移覆盖 (107.379042ms)
✔ blocked root 的 symlink/realpath 别名与目标使用同一 canonical 比较 (71.906875ms)
✔ 迁移操作前 source root 被链接替换时 fail-closed，不跟随或改 setting (55.568292ms)
✔ 选择的 target root 本身是链接时拒绝，不解析后迁移 (62.415ms)
✔ 切换后 old root 本身被链接替换时保留真实旧根并维持 cleanup-pending (208.650583ms)
✔ 删 marker 后根目录 rmdir EBUSY 必须恢复 marker 并可重启续跑 (256.616375ms)
✔ 目标 canonical 在 after-materialize-artifact 被同 SHA 的新 inode 替换后保留两根且重启不认领 (222.367791ms)
✔ 目标 canonical 在 before-commit 被同 SHA 的新 inode 替换后保留两根且重启不认领 (223.685334ms)
✔ 目标 materialized 在 after-materialize-artifact 被同 SHA 的新 inode 替换后保留两根且重启不认领 (224.622958ms)
✔ 目标 materialized 在 before-commit 被同 SHA 的新 inode 替换后保留两根且重启不认领 (209.093375ms)
✔ canonical 在复制后被替换时禁止目录化消费，即使其 SHA 未改变 (152.033125ms)
✔ 历史 canonical 目标缺少原身份时不可借助同 SHA 补齐后切换 (165.875542ms)
✔ 历史 materialized 目标缺少原身份时不可借助同 SHA 补齐后切换 (152.077792ms)
✔ 历史目标 hardlink 转为独立 copy，在 none 按原路径组证明链接减少并可重启 (358.705375ms)
✔ 历史目标 hardlink 转为独立 copy，在 before-unlink-checkpoint 按原路径组证明链接减少并可重启 (424.477875ms)
✔ 历史目标 hardlink 转为独立 copy，在 after-unlink-checkpoint 按原路径组证明链接减少并可重启 (465.2575ms)
✔ 续跑 canonical 在首次原身份校验后被替换时不得覆盖 journal 重新认领 (237.043084ms)
✔ 续跑 materialized 在首次原身份校验后被替换时不得覆盖 journal 重新认领 (279.217875ms)
✔ 历史 canonical 在确认缺失后出现不同内容文件时保留新文件 (242.802291ms)
✔ 历史 canonical 在确认缺失后出现同内容文件时保留新文件 (199.45325ms)
✔ 历史 materialized 在确认缺失后出现不同内容文件时保留新文件 (259.41375ms)
✔ 历史 materialized 在确认缺失后出现同内容文件时保留新文件 (294.153833ms)
✔ 目标 canonical 在排他发布前出现新文件，link 不覆盖且不切换 (126.402084ms)
✔ 目标 canonical 在排他发布前出现新文件，wx fd 不覆盖且不切换 (90.569083ms)
✔ 目标 materialized 在排他发布前出现新文件，link 不覆盖且不切换 (224.306292ms)
✔ 目标 materialized 在排他发布前出现新文件，wx fd 不覆盖且不切换 (198.132875ms)
✔ 不支持 hardlink 的文件系统通过 wx 原 fd 写入并刷盘，再以同一 fd 恢复只读模式 (238.456334ms)
✔ close 回写夹具首次 hook 失败后，已关闭原句柄再次 close 幂等且其他真实句柄仍可写 (9.122292ms)
✔ 迁移 link 原写 fd 关闭时回写 ctime，最终原 inode 快照仍可完成迁移 (273.900375ms)
✔ 迁移 wx 原写 fd 关闭时回写 ctime，最终原 inode 快照仍可完成迁移 (252.4625ms)
✔ 迁移 link 未 chmod 的 canonical 在本次 link/unlink 的 close 回写后保存最终 ctime (237.521542ms)
✔ 迁移 link close 元数据边界的 replace-on-close 仍拒绝认领并保留两根 (167.556458ms)
✔ 迁移 link close 元数据边界的 mtime-on-close 仍拒绝认领并保留两根 (178.10625ms)
✔ 迁移 link close 元数据边界的 nlink-on-close 仍拒绝认领并保留两根 (200.300417ms)
✔ 迁移 link close 元数据边界的 ctime-after-snapshot 仍拒绝认领并保留两根 (160.292375ms)
✔ 迁移 link close 元数据边界的 mode-without-chmod 仍拒绝认领并保留两根 (190.620125ms)
✔ 迁移 wx close 元数据边界的 replace-on-close 仍拒绝认领并保留两根 (222.873834ms)
✔ 迁移 wx close 元数据边界的 mtime-on-close 仍拒绝认领并保留两根 (200.617667ms)
✔ 迁移 wx close 元数据边界的 nlink-on-close 仍拒绝认领并保留两根 (235.40375ms)
✔ 迁移 wx close 元数据边界的 ctime-after-snapshot 仍拒绝认领并保留两根 (178.783375ms)
✔ 迁移 wx close 元数据边界的 mode-without-chmod 仍拒绝认领并保留两根 (111.101583ms)
✔ 迁移 wx close 元数据边界的 ctime-without-link-or-chmod 仍拒绝认领并保留两根 (140.242125ms)
✔ 迁移 link 见证 fd 打开前 file 真实替换，拒绝登记且保留原恢复证据 (174.830542ms)
✔ 迁移 link 见证 fd 打开前 parent 真实替换，拒绝登记且保留原恢复证据 (158.218708ms)
✔ 迁移 wx 见证 fd 打开前 file 真实替换，拒绝登记且保留原恢复证据 (177.44175ms)
✔ 迁移 wx 见证 fd 打开前 parent 真实替换，拒绝登记且保留原恢复证据 (171.549833ms)
✔ 新 canonical 经 link 发布，在 after-create 换 inode 后不能首次认领 (113.747917ms)
✔ 新 canonical 经 link 发布，在 before-first-capture 换 inode 后不能首次认领 (196.193834ms)
✔ 新 canonical 经 wx fd 发布，在 after-create 换 inode 后不能首次认领 (141.005583ms)
✔ 新 canonical 经 wx fd 发布，在 before-first-capture 换 inode 后不能首次认领 (94.591833ms)
✔ 新 materialized 经 link 发布，在 after-create 换 inode 后不能首次认领 (210.0945ms)
✔ 新 materialized 经 link 发布，在 before-first-capture 换 inode 后不能首次认领 (189.896417ms)
✔ 新 materialized 经 wx fd 发布，在 after-create 换 inode 后不能首次认领 (152.610916ms)
✔ 新 materialized 经 wx fd 发布，在 before-first-capture 换 inode 后不能首次认领 (176.843959ms)
✔ input-only file task 原子 reserve 后默认 settle 全部 inputs 并原子终结 (5.158459ms)
✔ 网银定制 freshness 失败统一提示、零业务执行并形成一次 failed audit (7.611542ms)
✔ 网银父目录确认期被整体移动仍由 freshness 形成 failed audit (1.58875ms)
✔ public freshness 后稳定替换在 reader 起点失败，保留统一 failed audit (1.40375ms)
✔ FilePlan resolver 在 Task Run 建立后失败仍以 operation owner 终结 (0.217917ms)
✔ File Task interrupted recovery 复用原 exact owner 与 manifest，不 begin/reserve/发新号 (4.932542ms)
✔ file task cancel-wins 后迟到 success 不执行 afterTerminal (13.497084ms)
✔ file task 成功但 manifest 未 durable 时只写 file-owner outbox，不提前终结 (1.363042ms)
✔ file artifact 失败结果已耐久时直接终结为业务 succeeded，不创建永久 outbox (0.997416ms)
✔ deferred 零输出只终结 Task Run，不预留 File Batch (0.447333ms)
✔ deferred literal FilePlan resolver 失败以 operation owner 收口，不遗留 prepared Task Run (0.114958ms)
✔ deferred 在正式写入前 promote，并以同一 manifest settle/终结 File Task (0.907541ms)
✔ 严格按 BOR → reserve → started → execute → append → terminal → end 执行 (0.52175ms)
✔ no-file Task Run 使用 exact-5 operation owner，且不进入 batch reserve/append (0.098125ms)
✔ VCC save unknown 先落 interrupted；通用 failed CAS 不得覆盖且 Renderer evidence 有界 (0.307625ms)
✔ VCC save 普通 validation error 仍 failed；commit/replay result 仍 succeeded (0.119459ms)
✔ lifecycle 只在 begin 边界规范化 lineage，并把同一冻结集合交给 taskContext (0.115916ms)
▶ no-file 入口绑定、evidence、start 失败时终态 CAS 失败均写 operation owner intent
  ✔ initial-bind (0.178917ms)
  ✔ evidence (0.059875ms)
  ✔ start (0.050166ms)
✔ no-file 入口绑定、evidence、start 失败时终态 CAS 失败均写 operation owner intent (0.4425ms)
✔ no-file initial flow bind 与 durable intent 同时失败仍终结 Task Run (0.14825ms)
✔ no-file result identity resolve 失败只告警，但一定继续 terminal settle (0.124583ms)
✔ no-file result bind 与 intent 同时失败改写 failed terminal；CAS 失败则写 owner outbox (0.145709ms)
✔ no-file cancel 先到终态后，迟到 success 保持 cancelled 且不执行 afterTerminal (2.184583ms)
✔ no-file policy 对任何 filePlan fail-fast (0.169333ms)
✔ 显式允许的部分提交失败结果仍绑定业务身份并以 failed 收口 (0.23775ms)
✔ toolbox reserve 失败时不进入算法或输出副作用 (0.097958ms)
✔ toolbox freshness 在 reserve 后失败时终结原批次且不执行算法 (0.158959ms)
✔ reserve 后业务未开始且直接终态写失败时，把 failed 意图持久化到原批次 outbox (0.133167ms)
✔ 已持久化 batchContext 恢复直接重开原批次，不解析 flow/不 reserve/不再 started (0.129583ms)
✔ 已持久化恢复在 beforeStart 重校验失败时不 reopen/不 fail 原批次 (0.067875ms)
✔ legacy 稳定 operation 复用 reserved 批次时直接 mark started，不调 recovery reopen (0.116375ms)
✔ legacy 复用非 reserved 批次时先校 freshness，失败不 reopen/不 fail 原批次 (0.084ms)
✔ 同进程同 batchId 双恢复时第二个 busy，不 reserve/reopen/execute/fail (0.134ms)
✔ 已成功批次恢复被拒绝，不执行业务也不改写终态 (0.067042ms)
✔ IPC prepare 完成后先 BOR.begin，再在 reserve 前解析持久 flow plan (0.184292ms)
✔ 输入证据只在 reserve 后、started 前采集并传给执行后 runtime (0.132042ms)
✔ 异步结果 identity 完成解析后才绑定，不把 Promise 当 identity (0.112917ms)
✔ 结果 identity 直接绑定失败时先持久化 flow-bind intent，再终结 succeeded (0.129917ms)
✔ 预留失败时业务和 worker 均不执行，BOR 仍释放 (0.050334ms)
✔ started 失败终结原批次且不执行业务 (0.050708ms)
✔ started CAS 发现批次已取消时不执行业务且不强制 failed (0.045375ms)
✔ 新流程稳定 identity 在 reserve 后、started 前立即绑定 (0.105667ms)
✔ Bank Statement run 在 TaskRun 前绑定稳定 identity，重复 export 继承同一 parent，显式 rerun 新建 parent (7.219583ms)
✔ 业务异常先 append/failed 收口再原样抛出 (0.181125ms)
✔ 业务成功但文件 append 失败不覆盖业务结果 (0.144292ms)
✔ append 已持久记录 failure 时 lifecycle 不重复 recordFailure 但仍告警 (0.098375ms)
✔ 业务成功但 terminal 返回失败时持久化同批次终态意图并保留业务结果 (0.098833ms)
✔ 任务终态写入和持久意图登记均失败时 fail-closed (0.17075ms)
✔ cancel 先到、success 后到时 terminal CAS 冲突不污染 archive failure (3.674416ms)
✔ success 先到、late cancel 冲突时不声称已取消 (0.279625ms)
✔ recordFailure 返回 ok:false 会产生独立 warning (0.154292ms)
✔ terminal 抛错不覆盖原始业务异常 (0.137959ms)
✔ 取消只 CAS 活动批次，不查询 latest 或建立第二批次 (0.358833ms)
✔ worker batch context 是可序列化冻结 DTO (0.150208ms)
✔ result status 完全由当前 policy classifier 决定 (0.113959ms)
✔ completed_with_errors 保持 succeeded，并在终态 CAS 同步合并审计 metadata (0.109125ms)
✔ 匿名后处理未执行的 FileTask terminal 失败保留待后处理事实，不能降格为无后处理 (0.071833ms)
✔ main 与独立 V327 注册器的 IPC 加内部任务，与 policy/support 精确相等 (74.199208ms)
✔ preload 与 main 及独立 V327 注册器精确相等，新增 21 个业务和只读入口完整接通 (50.660291ms)
✔ 非 literal direct ipcMain.handle 只存在于已知受控 helper 定义 (31.778ms)
✔ reserve policy 只能经受控 helper，裸 IPC 只能是明确 exclude (38.207667ms)
✔ 5 个真实 exclude 入口均为裸 IPC，不会误入 reserve wrapper (43.742792ms)
✔ exclude 只允许有限原因，所有 policy 都是 literal 且无 wildcard (0.288625ms)
✔ 71 file 与 63 no-file mutation 逐项显式分类且精确闭合 (0.249333ms)
✔ dialog selection 显式区分 file/directory，正常 file policy 不再消费 selection 路径 (1.781334ms)
✔ Acquiring/VCC OP operation owner 由 object handler 实际消费 exact-5 context (1.747375ms)
✔ FILE_CHANNELS 不得包含 exclude preview/picker，scenario 只登记 apply mutation (0.132875ms)
✔ 工具箱三通道精确登记为两 reserve、一 preview exclude (0.058625ms)
✔ statement execute 分类器只额外接受补录余额，prepare 交互状态必须拒绝 (0.241541ms)
✔ Pending execute 分类器不接受 need-confirm，交互结果必须停在 prepare (0.1275ms)
✔ 大账号交互只让 import/complete reserve，preview/cancel 精确 exclude (0.079209ms)
✔ 13 个 primary 与 1 个 toolbox utility 均有受控 task，VCC财务独立于VCCOP (0.125458ms)
✔ VCC财务 4 file + 6 no-file + 14 exclude literal inventory 精确闭合 (0.083959ms)
✔ VCC财务 calculate/import 新建流程，run 后续动作按稳定身份续接 (0.176541ms)
✔ 新 run 显式创建新 flow，带持久 runId 的后续动作显式续接 (0.1335ms)
✔ Acquiring 新 run 以 taskRunId 隔离，legacy resume 仍兼容旧 identity，export 续接精确身份 (0.300458ms)
✔ 无文件运行/配置使用 Task Run 但不占批次号，银行对账 export 续接当前内存 run 身份 (0.180792ms)
✔ no-file policy 经受控 helper 进入 operation-only lifecycle (30.984833ms)
✔ no-file 最终 Hold gate 在无模块 evidence 时返回合法空对象 (1.845417ms)
✔ 首批 simple eager file action 逐项接入 literal FilePlan 与显式 settle (4.930291ms)
✔ Bank BU 首次运行续接持久导入身份，显式重跑创建新 parent (0.181708ms)
✔ 永久删除预检和待清理列表仅查询，重试走存档维护且均不产生新 Task/批次 (0.058791ms)
✔ E13-E 三条 policy 对齐冻结字段并只修正 current topology/production authority (2.823958ms)
✔ E13-E 真实 Runtime 注册三条 adapter/topology/validator 且保持 production false (19.076667ms)
✔ E13-E import 复用 admitted Parser topology、Main DB authority 并保留旧进度/结果合同 (0.588458ms)
✔ E13-E 真实 Runtime 直接复用 Acquiring Parser Worker 并写入 Main-owned side DB (115.800625ms)
✔ E13-E import 在 side DB/dispatcher 前拒绝 authority override 与 exact-7 分叉 (0.330625ms)
✔ E13-E run-new 在 admission/dispatch 双重应用 D31 gate 并透传 admitted workerCount (0.476625ms)
✔ E13-E run 在 dispatcher/DB 写前拒绝 exact-5/7 identity 分叉和错误 action 分类 (0.186875ms)
✔ E13-E run-new 对小数据 fail closed；single 冻结为 root-only 防止 TOCTOU 动态起 child (0.133208ms)
✔ E13-E resume 永远调用既有 resume wrapper 且不携带 multiworker workerCount (0.235084ms)
✔ E13-E resume 在 dispatcher 前拒绝持久 owner/output intent 分叉 (0.16125ms)
✔ E13-E run adapter 通过真实 run-data wrapper 保留 side-DB → Main mirror (11.987125ms)
✔ E13-E result validator 对旧 DTO 两种合法形状 fail closed (0.276916ms)
✔ 生产 authority 一次读取真实 TaskPolicy list 并冻结 67-action inventory digest (5.014583ms)
✔ factory 不接受 caller binding authority，包括 enumerable 与 hidden 注入 (0.28ms)
✔ factory/TaskPolicy hostile Proxy 与 accessor 在真实 Node API 路径稳定拒绝 (0.454125ms)
✔ initializer 只接受 frozen exact plain registry host，拒绝 Map、array prototype 与可变 host (0.118917ms)
✔ list 抛出的 hostile message accessor 不被读取且包装为稳定 cause-safe 错误 (0.696208ms)
✔ non-enumerable/symbol/sparse TaskPolicy list data fail closed (0.351542ms)
✔ 构造后 caller object/array mutation 与 allowedTaskKeys 返回数组 mutation 均不能改 authority (1.253333ms)
✔ assertPair 只接受 exact pair，missing/empty/mismatch 与交换 bank-bu pair fail closed (1.062ms)
✔ assertPair non-string hostile identity 不读取、不插值且返回稳定错误 code (1.011416ms)
✔ one-to-many authority 的全部真实 pair 接受且返回值不暴露内部 Set (1.1215ms)
✔ 真实 inventory taskKey/channel mismatch 与 duplicate 均给稳定结构化错误 (1.050042ms)
✔ 等数量 unbound substitution 由冻结134-key digest拒绝 (0.919333ms)
✔ bound TaskPolicy 缺失即使 inventory 等数量也在 digest 前 fail closed (1.093166ms)
✔ barrel export 与 Main Program.body startup reachability 使用同一 production seam (1285.710042ms)
✔ 真实 startup seam 严格执行 TaskPolicy→binding→DB→IPC 且 binding throw 时 continuation=0 (2.138583ms)
✔ inline-async adapter 直接产出 canonical progress/done envelope (5.068833ms)
▶ inline-async terminate/close 持有真实 execution promise，late success/error 后才完成 cleanup
  ✔ success (0.588791ms)
  ✔ error (0.482584ms)
✔ inline-async terminate/close 持有真实 execution promise，late success/error 后才完成 cleanup (1.316209ms)
✔ inline-async close 在正常完成前不虚报 transport 已收口 (0.379542ms)
✔ existing-dispatch adapter 兼容 Promise 与 {promise,cancel,terminate}，不生成内部 terminal truth (1.043583ms)
✔ public ExistingDispatchAdapter start(request, emit) 与 internal transport bridge 明确分层 (0.216916ms)
✔ existing-dispatch 正常 close 只 detach，真实 cancel/force terminate 才调用底层 (0.343083ms)
✔ existing-dispatch cancel await 真实结果；拒绝时不伪造 acknowledged (0.843333ms)
✔ existing-dispatch 绑定 {dispatch()} runtime，void legacy cancel 不伪造 ACK (0.484333ms)
✔ existing-dispatch void legacy cancel 的 terminal-before-ACK 通过私有因果桥接且底层 exactly-once (2.08925ms)
✔ existing-dispatch cancel Promise 永不 settle 时 dispatcher reject 仍立即交付且不伪造取消证据 (0.533292ms)
✔ existing-dispatch 已排队 terminal 在同 tick cancel 前先观察并抑制 legacy cancel (0.791334ms)
✔ existing cooperative cancel 已调用且无独立 terminate 时，force cleanup 不二次 cancel (0.478959ms)
✔ inline/existing canonical bridge 将 emit/onMessage 异常送达 onError 且不悬空 (0.821959ms)
✔ existing fire-and-forget observers throw without creating unhandled rejection (0.2575ms)
✔ worker-thread adapter 使用 packaged entry path 并原样传 canonical envelope (0.483416ms)
✔ worker-thread adapter 只把 Supervisor admitted topology 合并到 entry-owned workerData (0.301875ms)
✔ worker-thread naturalExitGraceMs只接受0..5000整数 (0.130167ms)
✔ worker-thread 强制terminate重新ref后保持引用直到真实settle (0.089583ms)
✔ worker-thread graceful close优先等待自然exit而不进入强制terminate (12.82525ms)
✔ 真实Worker关闭parentPort后在grace窗口内自然exit且不调用强制terminate (12.869917ms)
✔ worker-thread close-ack后未自然exit仍在grace耗尽后强制terminate (6.575667ms)
✔ worker-thread terminate 未settle时后续 close仍释放event-loop引用 (0.130375ms)
✔ worker-thread 只依 entry-owned error code 上报私有取消终态证据 (0.348792ms)
✔ worker-thread messageerror 在 ready 前拒绝、ready 后单一路径上报并 detach (0.178458ms)
✔ utility-process adapter 仅使用注入 fork，兼容 Electron data wrapper 与 Node raw message (0.40275ms)
✔ utility-process ready 等 spawn；spawn 前 Electron error/exit 均拒绝 (0.474458ms)
✔ utility-process kill 后有界等待 exit，再 detach；超时稳定拒绝 (6.597959ms)
✔ admission queue preserves FIFO within priority and admits higher priority first (1.626584ms)
✔ aging promotes an older request without breaking its insertion order (0.175625ms)
✔ a deferred head stays queued until a later drain and cannot be partially granted (0.132791ms)
✔ abort and explicit cancel reject queued requests and detach them (0.356917ms)
✔ fake-clock timeout rejects and removes a request without leaving a pending promise (0.207458ms)
✔ close rejects every queued request, is idempotent, and rejects future enqueue (0.190709ms)
✔ a drain callback failure rejects only that request and continues draining (0.09725ms)
✔ absolute deadline is rechecked after a blocking head before the next callback (0.132916ms)
✔ close and abort reentry cannot rewrite an executing grant (0.161959ms)
✔ aging eventually lets an old maintenance request lead newer recovery work (0.162666ms)
✔ timer-unsafe timeout values reject before enqueue without scheduling a clamped timer (0.147333ms)
✔ 真实 native worker 正常完成，关闭观察不可变且重复查询不制造新事实 (27.668416ms)
✔ 业务失败且 terminate reject 后，晚到真实 exit 保留原错误并只释放原租约一次 (40.432958ms)
✔ 业务失败且 terminate pending 后，晚到真实 exit 保留原错误并只释放原租约一次 (68.953958ms)
✔ 取消 ACK 不证明线程已退出，terminate 失败后仍保留容量 (314.17525ms)
✔ 派发前持久化未完成时取消，确认 hook 收敛前不能声称 NOT_CREATED (7.498916ms)
✔ 派发绑定失败确认未创建；adapter 创建抛错只能报告 UNKNOWN (1.932875ms)
✔ 真实 exit 之后 close 失败仍不宣告完成，重试 close 才释放容量 (28.079666ms)
✔ 资源 release 失败独立于 EXITED，既有 shutdown 保留并重试原租约 (31.344208ms)
✔ 晚到旧载体退出不影响同 operation 的新任务，worker 身份不能重用 (38.212833ms)
✔ terminate 仍在执行时，shutdown 重试复用原调用，不能并发终止同一载体 (122.4295ms)
✔ close 超时的原调用仍被拥有，稍后完成后自动收敛且不重复 close (87.789583ms)
✔ RuntimeManager 在原载体未决时拒绝换 runtime，真实退出后才能重试并换代 (37.275542ms)
✔ 显式启用拒绝缺失任务身份、未支持载体和缺少生产持久化接入 (1.195542ms)
✔ canonical SHA-256 evidence fields不被随机数字串误判为完整账号 (1.890166ms)
✔ Statement generation strict digest/UUID字段放行真实协议值且拒绝伪装账号 (0.856625ms)
✔ 统一 error codec 只输出冻结 SafeErrorV1 exact shape，不泄露 stack/cause/context (0.415583ms)
✔ 统一 error codec fallback/maxErrorItems/finance-safe-v1 脱敏稳定 (0.13475ms)
✔ SafeErrorV1 validator 拒绝额外 stack/cause、非字符串与超量 detailLines (0.346042ms)
✔ finance-safe-v1 唯一文本 gate 覆盖 key/value、分隔符、中英文标签与两类用户目录 (1.103583ms)
✔ SafeError detailLines 复用 descriptor-safe dense array gate，Proxy/accessor/洞/额外 key 均 fail closed (0.200042ms)
✔ 本地 error codec 与 diagnostic sanitizer 共享 finance-safe 文本判定 (0.185208ms)
✔ E13-G current manifest 以独立 67 action / 74 pair authority 达到六面 100% coverage (8.54675ms)
✔ Capability Inventory 与 Effective Production Strategy 分离，新版业务 OP 十二项与 rows 显式开启 (8.789667ms)
✔ PreFund deferred bank import/run 必须独立显示 legacy 策略，不得由 MPT/export 代偿 (5.511ms)
✔ Position import-result 只记录真实 legacy Main route，不伪造 E13-F adapter route (2.706208ms)
✔ manifest action/surface/pair 与 production binding 集合 mutant 全部 fail closed (12.213083ms)
✔ 重复 policy、durable 缺 inspector、artifact 缺 Publisher、service 缺资源、blocked enabled 均 fail closed (14.391417ms)
✔ 已发布 E13-G 清单和策略快照由独立 gate 对当前模块导出复验 (6321.423291ms)
✔ 外部 feature flag 不能绕过 policy disabled，策略快照 drift 与未知 action 均被拒绝 (8.976083ms)
✔ manifest 输入拒绝 accessor 且不执行 getter (0.370667ms)
✔ 生产 topology inspector 同步复用 engine 并行度算法并拒绝空文件批次 (1.627959ms)
✔ Pending mature adapter admission 前冻结 Parser topology，root+children 精确计费且不创建 wrapper Worker (9.459292ms)
✔ Pending mature 正常终态等待共享 engine termination barrier 后才释放 CompoundLease (1.522666ms)
✔ Governor downgrade 后只把获批 childCount 透传 engine，禁止按 inspect 上限再扩容 (0.90975ms)
✔ Pending/BizOP 共用 adapter 只追加冻结并行度，业务 options/result/error/cancel 原样透传 (0.288ms)
✔ Toolbox generation/publisher/recovery 严格分层，recover 不触发 generation 或 publish (0.14ms)
✔ 全部 mature action 机器可证 production=false，默认 IPC 仍直达既有 dispatcher (2.43325ms)
✔ Supervisor 经真实 Pending mature binding 取消 Worker 导入：以真实终止证据落 cancelled 并回滚覆盖事务 (175.611292ms)
✔ Supervisor shutdown 经真实 Pending mature binding 取消 Worker 导入并报告 cancelled job (147.512625ms)
✔ Supervisor 已投递 cancel 后真实 Worker 先返回非取消 error 仍落 failed (28.218542ms)
✔ native existing-critical-protocol 仍 fail-closed，不借 main-settlement seam 扩张 Worker commit (0.207916ms)
✔ 未显式请求时保持普通启动，孤立 report env fail closed (1.136084ms)
✔ 显式模式只接受 RUNNER_TEMP 直属安全 JSON path (0.3775ms)
✔ 安全 report shape 严格、无自由文本或路径字段且 PASS 必须全真 (0.260834ms)
✔ 序列化输出为有界单行 UTF-8 JSON (0.278959ms)
✔ packaged layout 要求 app、module、两个 Worker 与 schema 全部来自 app.asar (1.189ms)
✔ source-tree invocation fail closed，并只写严格 FAIL booleans (15.821042ms)
✔ 真实 Worker、private SQLite crash/reopen/coordinator probe 全部 PASS 且临时目录清零 (120.900125ms)
✔ report 已存在时拒绝覆盖并 nonzero (5.128833ms)
✔ main canary branch 在普通 DB/IPC/window 前退出且不注册 normal quit handlers (2.5615ms)
✔ E13-D 两条 policy 除 production gate 外逐字段匹配冻结 canonical fixture (2.226083ms)
✔ E13-D 真实 runtime 注册 adapter/topology/validator 且默认 IPC binding 不漂移 (19.164458ms)
✔ E13-D mature adapter 以 envelope exact-7 为唯一 engine 身份并拒绝 caller 分叉 (0.255542ms)
✔ E13-D 真实 runtime 直接调用既有 engine，CompoundLease 冻结 topology 且单事务覆盖 (103.320959ms)
✔ E13-D engine result validator 拒绝夹带、负数与不可能并行度 (0.088125ms)
✔ 最终 valid policy fixture 通过 Schema 与全部静态引用校验 (11.342208ms)
✔ 最终 invalid policy fixtures 全量被拒绝 (3.236875ms)
✔ bundled pure-compute policy 与最终合同 action 对象完全一致且 production disabled (1.364625ms)
✔ Registry 深冻结、拒绝重复/冻结后注册，并在 production gate fail closed (1.234958ms)
✔ Registry freeze 缺少 entry/result/resource 静态 key 时逐项拒绝 (0.38025ms)
✔ Registry generatedAt 在创建时捕获，重复 snapshot 不发生摘要漂移 (2.63025ms)
✔ full policy document 先原样校验并保留 root metadata 与 property key (0.974834ms)
✔ full policy document JSON-safe 校验不执行 getter，也不 stringify-drop undefined (0.180041ms)
✔ production.effectiveMode 两条冻结 Python 规则有等价 mutation gate (8.466625ms)
✔ pure/durable canary action identity 移植冻结 Python 规则且合法 subset 不要求 canary (23.25925ms)
✔ 静态引用不可 opt out，null/undefined value 与不可调用 API 均 fail closed (1.25725ms)
✔ plain-object registry 只接受 own data value；getter/inherited/nullish 均不解析 (0.739834ms)
✔ Registry register 在读取 actionKey getter 前先执行 JSON-safe gate (0.136416ms)
✔ createStaticRegistry 在任何反射前零 trap 拒绝 Proxy (0.048583ms)
✔ plain {get,has} facade 在 freeze/runtime 一致拒绝且不调用方法 (0.259667ms)
✔ freeze 捕获 Registry-owned implementation binding，后续 Map/property mutation 不生效 (0.272708ms)
✔ native Map/Set 使用 prototype API 且拒绝 own get/has shadow，getter 零调用 (0.6615ms)
✔ canary identity lookup 只认 own action，不把 inherited canary 当第二份真相 (0.0395ms)
✔ 同一 serviceKey 只接受一致的 frozen executable/capability binding，且与注册顺序无关 (2.506333ms)
✔ official existing adapter freeze snapshot 保留 bind 后的 inspectTopology (0.473625ms)
✔ E13-F policy 以 current dispatcher 修正 Position compound topology 并保持 production false (1.803209ms)
✔ E13-F topology/owner 在 existing dispatcher 前 fail closed (0.618958ms)
✔ E13-F bank prepare 复用原 dispatcher、投影隐私安全 progress/result 且不外套 process (2.272333ms)
✔ E13-F confirmed bank apply 先跑 schema migration，再以 Main authority 启动原 apply (0.397167ms)
✔ E13-F confirmed apply 的 schema 拒绝即时取消后，在下一安全点停止且不启动 apply (3.250458ms)
✔ E13-F source grant 强制绑定 exact-7 owner，且保留原 durable authorizer (0.365416ms)
✔ E13-F source grant 等待 Main authority 时收到真实取消，不再向原 worker 发放 durable grant (0.211792ms)
✔ E13-F invalid preflight/checkpoint evidence 不得降级成 preflight success (0.310334ms)
✔ E13-F confirmed apply 拒绝错 kind selector 与错 task owner operation token (0.168667ms)
✔ E13-F cancel 只在原 worker CANCEL_ACK accepted 后确认；committing reject 不伪装 cancelled (0.739583ms)
✔ E13-F Supervisor shutdown 仅以真实 CANCEL_ACK + worker cancel error 收口 cancelled (23.48625ms)
✔ E13-F non-production runtime 执行 existing dispatcher binding，不创建外层 utility process (14.123375ms)
✔ 最终 23 条 valid protocol message 全量通过 (7.486375ms)
✔ Service Control envelope builder 机械保持 Schema exact keys (0.516083ms)
✔ 最终 11 条 invalid protocol message 全量被拒绝 (1.635083ms)
✔ 最终 5 条 valid sequence 通过且 24 条 invalid sequence 全量拒绝 (22.224792ms)
✔ adoption timeout 允许 Main 在 grant 后、adopt 前 revoke tentative reservation (1.3045ms)
✔ tentative replacement 存活时 sequence validator 拒绝提前 release old reservation (1.248458ms)
✔ sequence owner claim starts at request and releases on reject, revoke, or release (2.172334ms)
✔ service resource sequence uses an explicit per-request response and adoption FSM (3.1285ms)
✔ service sequence correlation identities are generation-wide tombstones with exact response echo (6.116916ms)
✔ service sequence lifecycle FSM rejects duplicate, pending-close, and post-terminal messages (3.757916ms)
✔ fatal executor terminal delegates unfinished resource tails to internal cleanup only (2.086667ms)
✔ graceful close cannot use fatal terminal cleanup to skip revoke release acknowledgement (0.801375ms)
✔ 完整 compact JSON 以 UTF-8 bytes 执行 exact ceiling，多字节越界拒绝 (3.708833ms)
✔ serialized message 在 JSON.parse 前先做 UTF-8 byte ceiling，parse/schema 错误 code/path 稳定 (0.4765ms)
✔ operation context identity 与 policy context kind 分别 fail closed (0.376084ms)
✔ 直接 transport envelope 中非 JSON 值 fail closed，不被 stringify 静默改写 (0.193667ms)
✔ Reflect.ownKeys JSON-safe gate 拒绝隐藏 key、symbol、accessor、toJSON 与非索引数组属性 (1.001666ms)
✔ Buffer 在 JSON.parse 前使用 fatal UTF-8 decoder (0.196625ms)
✔ 严格 Job/Service validator 要求完整 expected route/generation，并默认拒绝未知 action (0.62075ms)
✔ operation body gate 冻结 SafeError/cancel ACK，并拒绝 privacy 与 maxErrorItems 反例 (2.821875ms)
✔ finance-safe-v1 仅对明确 digest/output plan/FilePlan artifact 字段放行严格 hash 语义 (0.2495ms)
✔ job:done result 继续拒绝 Windows 用户目录与真实账号样式业务字符串 (0.43025ms)
✔ validated envelope 是 owned canonical snapshot，调用方后续 mutation 不改 terminal body (0.162833ms)
✔ unknown action accessor/inherited fields fail closed，sequence validator 不二读也不抛 (0.218375ms)
✔ policyForAction 只读固定 data method 或 own-enumerable actions/action，accessor/inherited 零调用 (0.386667ms)
✔ sequence 公共入口先取 owned descriptor-safe snapshot，Proxy/getter 不触发且合法 tracker 邻接不变 (0.147292ms)
✔ 终态 succeeded / Hold=false / anchor 中断后原子重放保护并重新检查 (51.420917ms)
✔ 终态 succeeded / Hold=false / bundle 中断后原子重放保护并重新检查 (63.018958ms)
✔ 终态 succeeded / Hold=true / anchor 中断后原子重放保护并重新检查 (87.753ms)
✔ 终态 succeeded / Hold=true / bundle 中断后原子重放保护并重新检查 (46.7045ms)
✔ 终态 failed / Hold=false / anchor 中断后原子重放保护并重新检查 (84.389041ms)
✔ 终态 failed / Hold=false / bundle 中断后原子重放保护并重新检查 (66.937292ms)
✔ 终态 failed / Hold=true / anchor 中断后原子重放保护并重新检查 (46.693958ms)
✔ 终态 failed / Hold=true / bundle 中断后原子重放保护并重新检查 (80.2905ms)
✔ 终态 cancelled / Hold=false / anchor 中断后原子重放保护并重新检查 (88.203875ms)
✔ 终态 cancelled / Hold=false / bundle 中断后原子重放保护并重新检查 (75.670667ms)
✔ 终态 cancelled / Hold=true / anchor 中断后原子重放保护并重新检查 (78.95125ms)
✔ 终态 cancelled / Hold=true / bundle 中断后原子重放保护并重新检查 (54.498083ms)
✔ 无 Hold 空计划不能绕过 仍在运行 的 exact 重放拒绝 (32.721208ms)
✔ 无 Hold 空计划不能绕过 其他 Task 的 exact 重放拒绝 (20.535792ms)
✔ 无 Hold 空计划不能绕过 其他操作 的 exact 重放拒绝 (51.183584ms)
✔ 无 Hold 空计划不能绕过 恢复模式 的 exact 重放拒绝 (37.694959ms)
✔ 无 Hold 空计划不能绕过 恢复 attempt 的 exact 重放拒绝 (26.707584ms)
✔ 无 Hold 空计划不能绕过 持久恢复模式 的 exact 重放拒绝 (32.374ms)
✔ 无 Hold 空计划不能绕过 持久恢复 attempt 的 exact 重放拒绝 (29.26175ms)
✔ RecoverySource runtime schema 与 authority 语义等价，五类 source/result exact identity/hash fail closed (1.556333ms)
✔ canonical durable canary policy 逐字段匹配 authority 且 production=false (0.534167ms)
✔ Critical Intent/Hold 表字段逐项匹配冻结 DDL，不增加隐式状态列 (4.516167ms)
✔ 产品 Main migration 不创建 canary receipt 表，private/test DB 必须显式 opt-in (4.461458ms)
✔ Inspector/Provider registries exact API、Static Key completeness 与 freeze 后注册拒绝 (0.200875ms)
✔ normal startup 空 control DB + frozen 空 registries 可完成零 source/hold scan (4.751208ms)
✔ fresh DB 在首次 scan 前由写仓库构造同步创建 recovery control schema (0.63425ms)
✔ worker-durable canary 在 COMMIT 后回包前 crash，重启 inspector 以同事务 receipt 收口 Intent (147.819709ms)
▶ worker-durable canary 覆盖 ack 前/后无 receipt 与 receipt mismatch unknown Hold
  ✔ before-ack (11.308875ms)
  ✔ after-ack (11.457042ms)
  ✔ receipt-mismatch-unknown (10.205ms)
✔ worker-durable canary 覆盖 ack 前/后无 receipt 与 receipt mismatch unknown Hold (33.279125ms)
✔ publisher provider 可独立枚举 durable open journal，dedupe 后只 inspect/recover 一次 (77.392458ms)
✔ 持久 source 缺 Inspector 时先落 Hold+observation 再 fail closed，Provider 不执行 (7.351042ms)
✔ open Intent persisted evidence/hash 漂移先落 Hold，再阻断 startup inspection (8.252625ms)
✔ 同 source pair 的 owner tuple 冲突直接 Hold，Inspector/Provider 调用数均为 0 (7.094ms)
✔ 同 source pair/owner 但其它 identity/evidence 漂移也拒绝 first-row winner (6.788334ms)
✔ active primary Hold 下不同 source 只记录 blocked inspection，不调用 Provider 或新增 Hold (7.604042ms)
✔ 同次 scan 新建 primary Hold 后刷新 scope gate，后续 source 只观察不 settlement (13.603541ms)
▶ active same-source Hold 下 Inspector/Provider failure 关联 primary holdId，不撞唯一约束
  ✔ inspector (8.862542ms)
  ✔ provider (10.242917ms)
✔ active same-source Hold 下 Inspector/Provider failure 关联 primary holdId，不撞唯一约束 (19.298583ms)
▶ active same-source Hold 仅在默认恢复链确定性完成后与终态原子解除
  ✔ critical intent committed (12.048125ms)
  ✔ critical intent not-committed (12.062625ms)
  ✔ critical intent compensated (11.757084ms)
  ✔ provider completed (8.645208ms)
  ✔ provider incomplete (7.800333ms)
✔ active same-source Hold 仅在默认恢复链确定性完成后与终态原子解除 (52.676875ms)
▶ inspection partial/compensated 与 Provider incomplete 按冻结结果语义收口
  ✔ partially-committed creates hold and keeps intent open (8.791ms)
  ✔ compensated closes intent through recovered state (9.153959ms)
  ✔ provider incomplete keeps source open without hold (6.724791ms)
✔ inspection partial/compensated 与 Provider incomplete 按冻结结果语义收口 (24.879375ms)
✔ target-post-image 从 open Main-owned Intent 枚举，回读 post-image 后由 Provider 幂等收口 (31.329417ms)
✔ 持久 target source 缺 Provider 时先 Hold 再让 startup fail closed (10.217ms)
✔ Provider durability terminal result 创建专用 DURABILITY_BARRIER_UNAVAILABLE Hold (8.283791ms)
✔ Provider transient failure 使用有界指数退避，阈值末次 observation 与 Hold 原子落库 (10.04025ms)
✔ Provider result identity/hash 漂移先落 Hold，再 fail closed 且不进入后续 transition (8.12325ms)
✔ inspection observation 与多个即时 transition 同 tx；末项 CAS 失败时全部状态/event 回滚 (10.918209ms)
✔ target post-image durable replace 正常回读；directory fsync 明确 unsupported 与其他错误分流 (36.957625ms)
ℹ hostDirectoryFsync=supported
✔ 产品 Main 真实等待 Recovery Coordinator 后才 initializeArchiveCenter，之后才启动 cleanup (2.076542ms)
✔ Recovery Hold gate 读取 Main control DB；真实 Archive 入口在 prepare/admission/beforeStart 三处复核 (9.424167ms)
✔ target post-image hash 辅助证据使用 raw bytes SHA-256 (0.05225ms)
✔ runtime RecoveryControl Schema 与冻结 authority 逐字节一致，request/result KAT digest 固定 (6.080125ms)
✔ C1 migration 幂等且外键完整；RecoveryControlReadRepository 构造保持纯只读 (5.513209ms)
▶ 9 个 E02-C1 Task/Batch transition 经真实 DDL/CAS/event SELECT 匹配独立 20-field KAT
  ✔ task-mark-interrupted (8.899291ms)
  ✔ task-begin-recovery (6.870291ms)
  ✔ task-complete-recovery-success (6.457416ms)
  ✔ task-complete-recovery-failure (6.590958ms)
  ✔ task-interrupt-recovery (6.456292ms)
  ✔ batch-mark-interrupted (7.097541ms)
  ✔ batch-begin-recovery (6.601833ms)
  ✔ batch-resolve-success (6.764167ms)
  ✔ batch-resolve-failure (6.448375ms)
✔ 9 个 E02-C1 Task/Batch transition 经真实 DDL/CAS/event SELECT 匹配独立 20-field KAT (62.884667ms)
▶ 4 个 observation branch 持久 ordinal/owner/event 且匹配独立 20-field KAT
  ✔ inspection-completed-all-lineage-present (6.375458ms)
  ✔ inspection-failed-transient-minimal-lineage (5.8535ms)
  ✔ settlement-resumed (5.708917ms)
  ✔ settlement-failed-transient (5.822375ms)
✔ 4 个 observation branch 持久 ordinal/owner/event 且匹配独立 20-field KAT (24.001459ms)
✔ lookup-before-CAS：A→B→restart→replay A 返回首次 A，不二次 CAS/event；changed A 冲突 (8.492584ms)
✔ 不同 durable requestKey 复用同一 eventId fail closed，且不留下第二个 owner (5.986792ms)
✔ 同一 control transaction 第二个 Batch identity/CAS 失败时 Task、overlay、events 整体回滚 (7.290542ms)
▶ callback 吞掉 event INSERT/owner commit scoped error 仍 poison 并回滚 Task/event/owner
  ✔ event-insert (6.0235ms)
  ✔ owner-commit (5.929541ms)
✔ callback 吞掉 event INSERT/owner commit scoped error 仍 poison 并回滚 Task/event/owner (12.128167ms)
✔ observation event/owner/attempt 任一步失败整体回滚，下一 ordinal 仅在前次 committed 后分配 (5.952792ms)
✔ attempt1 interrupt 清 active metadata，重启后 attempt2 可开始且旧 event lineage 不变 (76.963042ms)
✔ Batch Option B 保留基础 failed interruption 历史，effective overlay 独立推进到 succeeded (8.535459ms)
✔ raw request 在 JSON.parse 前拒绝 nested duplicate key/unsafe integer，Schema 拒绝 alias/unknown key (1.049958ms)
✔ C2 semantic guard 在 owner/hash 前拒绝 Hold source/intent 与 Intent 状态语义漂移 (0.36ms)
▶ 7 个 E02-C2 Intent/Hold transition 经真实 DDL/CAS/event SELECT 匹配独立 20-field KAT
  ✔ intent-create-prepared (6.454958ms)
  ✔ intent-mark-acked (6.054834ms)
  ✔ intent-mark-committed (5.88875ms)
  ✔ intent-mark-recovered (6.364834ms)
  ✔ intent-close (6.373583ms)
  ✔ hold-create-or-get (6.436125ms)
  ✔ hold-resolve (6.471375ms)
✔ 7 个 E02-C2 Intent/Hold transition 经真实 DDL/CAS/event SELECT 匹配独立 20-field KAT (44.421917ms)
✔ 唯一 writer API 无顶层 mutation，拒绝 async/nested callback 并关闭泄漏 tx object (4.927375ms)
✔ TaskLifecycle adapter 消费生产 ActionTaskBindingRegistry，合法 pair 写入、mismatch 在 owner/CAS 前拒绝 (8.788209ms)
✔ ArchiveRepository normal owner 与 legacy recovery 路径保持兼容 (5.169ms)
✔ specialized lease APIs account and release every non-compound lease kind (2.446833ms)
✔ duplicate cleanup is idempotent and IDs are never reused (0.366375ms)
✔ budget pressure queues exact requests and releasing capacity drains FIFO (0.786291ms)
✔ backlog is a single fairness boundary for fitting and reject-mode arrivals (0.269709ms)
✔ a new maintenance request cannot bypass queued recovery work (0.212792ms)
✔ reject behavior never queues or grants an implicit partial vector (0.193334ms)
✔ queued AbortSignal cancellation settles without spawning a lease (0.440125ms)
✔ compound lease charges one root plus phase plus children and exposes frozen topology (0.321333ms)
✔ service compound references an existing base and only charges phase plus children (0.26ms)
✔ downgrade-to-single is explicit, observable, and otherwise queues the exact topology (0.151708ms)
✔ tentative replacement reserves only growth and keeps old reservation until adoption (0.273458ms)
✔ failed replacement leaves the old reservation and tentative grant independently releasable (0.106792ms)
✔ direct atomic replacement releases the old reservation only after the new request succeeds (0.090708ms)
✔ pending-interaction replacement keeps old grant until exact atomic adoption (0.150917ms)
✔ compound identity and count violations fail before mutating accounting (0.091125ms)
✔ package-private lifecycle close rejects queued and future requests without exposing a facade alias (0.166541ms)
✔ snapshot and diagnostics expose stable owner hashes, never raw owner keys (0.127041ms)
✔ effectiveChildCount overflow has the specific count message and does not mutate usage (0.069541ms)
✔ childrenMax is bounded at 128 while zero-child compound charges only root and phase (0.097875ms)
✔ active and queued compound dependencies prevent premature BaseLease release (0.251125ms)
✔ compound vector preparation failure releases its BaseLease dependency (0.120541ms)
✔ tentative replacement dependency prevents the budget-10 actual-commitment-18 bypass (0.181459ms)
✔ queued replacement dependency blocks old release and is removed synchronously on abort (0.150875ms)
✔ replacement identity requires matching owner, action, and operation (0.129167ms)
✔ queued grant remains owned when synchronous diagnostics closes the Governor (0.11525ms)
✔ package entry exports only specialized Governor/ServiceHost factories, not generic primitives (0.032791ms)
✔ immediately available requests still validate timeout, priority, and pre-aborted signal (0.095ms)
✔ replacement chains require each parent to be adopted before the next candidate (0.160375ms)
✔ synchronous grant diagnostics cannot release a lease before delivery (0.082708ms)
✔ synchronous grant diagnostics cannot take an undelivered persistent lease as a replacement parent (0.102709ms)
✔ synchronous grant diagnostics cannot take an undelivered BaseLease as a compound parent (0.109708ms)
✔ tentative replacement cannot be adopted from its synchronous grant diagnostics (0.115375ms)
✔ atomic replacement diagnostics cannot release the published lease before delivery (0.085542ms)
✔ replacement diagnostics cannot take the newly published lease as a chained replacement parent (0.135042ms)
✔ timer-unsafe and unsafe-deadline requests never leak compound or replacement parents (0.29775ms)
✔ package-private deferred parent release completes after the last dependency (0.108292ms)
✔ resource vectors require exactly five non-negative safe integer dimensions (1.31225ms)
✔ worker dynamic request expands its three dimensions with both carrier slots set to zero (0.09775ms)
✔ resource arithmetic rejects overflow and underflow instead of losing accounting precision (0.161625ms)
✔ 运行时 bundled Schema 与最终合同逐字节一致且 canonical Git hash 跨 EOL 稳定 (1.924625ms)
✔ canonical Git text 只把 CRLF checkout 还原为 LF，不吞裸 CR 或其他字节 (0.20825ms)
✔ 启动编译递归盘点当前两个 Schema 的完整 keyword 集 (1.474083ms)
✔ 未知 keyword 与未知 format 在编译期 fail closed (0.552875ms)
✔ 受控 validator self-test 覆盖 ref/defs、组合、条件、exact object、字符串、数组与数值边界 (1.351959ms)
✔ JSON value equality 统一用于 const/enum/uniqueItems，0 与 -0 相等 (0.104833ms)
✔ RFC3339 date-time 接受合法 leap second 表达并拒绝普通 :60 与非法日期 (0.570584ms)
✔ ServiceClient冻结同一serviceKey的action集合并只暴露模块级生命周期 (1.219917ms)
✔ ServiceClient原样转发owned start/execute并拒绝跨service action (0.380167ms)
✔ ServiceClient action预检拒绝Proxy/getter且不触发副作用 (0.10175ms)
✔ ServiceClient在cancel/inspect前验证job owner且close固定绑定serviceKey (0.185292ms)
✔ ServiceClient对缺失、重复或非法registry依赖fail closed (0.141958ms)
✔ ServiceHost acquires BaseLease before adapter start and completes init/ready (4.49625ms)
✔ normal job close only detaches while fatal terminate closes generation and releases base exactly once (1.406875ms)
✔ successful job:done retains an adopt-acked interaction token across detach until stable-owner release (7.442ms)
✔ published interaction tokens are drained by cooperative close and fatal crash after detach (3.753417ms)
✔ interaction adopted after job:done remains unpublished and is revoked on detach (1.977ms)
✔ job:error and cancelled job paths revoke adopt-acked interaction tokens instead of retaining them (3.16525ms)
✔ zero terminate timeout fast-detaches only empty, persistent-only, or published-token jobs (4.929958ms)
✔ zero terminate timeout fails closed when pending admission or adopted phase needs cleanup (3.261583ms)
✔ resource grant/adopt/release uses independent direction sequences and exact identities (0.99125ms)
✔ persistent replacement keeps old state until adopted then atomically switches accounting (1.668292ms)
✔ published pending-interaction is replaced atomically from a later job without old release (1.459667ms)
✔ adoption timeout revokes the tentative grant and returns usage to service baseline (0.953792ms)
✔ normal job detach rejects its queued request before route deletion and cooperative close (2.575875ms)
✔ normal job detach revokes a tentative grant before route deletion and cooperative close (2.966292ms)
✔ normal job detach revokes an adopted phase before route deletion and cooperative close (2.298ms)
✔ late admission grant during detach is rejected on the original exchange and released (1.519333ms)
✔ job detach revoke timeout closes non-gracefully without executor close or resource leaks (1.018167ms)
✔ job detach revoke send throw or synchronous raw crash is bounded and non-graceful (1.886083ms)
✔ stale replacement is a fatal protocol error and crash cleanup releases the generation (0.767291ms)
✔ cooperative close waits for close-ack then releases all service resources (0.373792ms)
✔ cooperative close wire-drains persistent and interaction reservations before executor close (3.63125ms)
✔ graceful resource revoke timeout never sends executor close and settles without leaks (1.021708ms)
✔ late release and close-ack fail the absolute graceful deadline before timer dispatch (1.233084ms)
✔ job detach aborts and awaits pending admission reject before deleting its route (0.817292ms)
✔ graceful close waits for an adoption-timeout revoke tombstone to finish exact echo (1.694792ms)
✔ graceful revoke send failure and synchronous raw crash are bounded non-graceful closes (1.434375ms)
✔ shutdown aborts and awaits a generation queued for BaseLease before any adapter starts (0.443959ms)
✔ cooperative close send failure still closes the generation exactly once and reports diagnostics (0.340209ms)
✔ cooperative close ack timeout is reported as non-graceful and still releases the generation (0.700333ms)
✔ unsupported bounded-queue service policy fails closed before BaseLease or adapter start (0.178375ms)
✔ raw adapter ready is bounded by init timeout and cannot leave startup hanging (0.329958ms)
✔ force close settles startup blocked on raw ready (0.217417ms)
✔ raw exit or error before close-ack settles every waiter as non-graceful (0.669083ms)
✔ raw onExit remains an exit callback instead of being rewritten as onError (0.321625ms)
✔ owner identity is claimed while tentative and released after timeout (1.464916ms)
✔ shared serviceKey runtime binding gate is stable in both action startup orders (0.438916ms)
✔ adoption timer is installed before grant send and synchronous adoption leaves no revoke (0.718292ms)
✔ replacement adoption already in progress ACKs before serialized detach and preserves persistent state (1.515709ms)
✔ release of old reservation while replacement is tentative has no ACK and closes cleanly (0.976041ms)
✔ release of old reservation while its replacement is queued is a protocol error and clears pending linkage (1.063125ms)
✔ synchronous replacement grant diagnostics close cannot orphan the adopted parent (2.266666ms)
✔ synchronous raw exit and throwing job callbacks still cleanup exactly once (0.84325ms)
✔ persistent reservation identity survives detach and replacement from a later action job (1.130958ms)
✔ executor ready and adoption both reject at an elapsed absolute deadline before timer dispatch (0.98625ms)
✔ BaseLease deferred release closes after external compound cleanup for exit, force close, and shutdown (1.376375ms)
✔ executor close synchronous exit settles its preinstalled waiter as non-graceful and clears timers (0.340084ms)
✔ 关闭 ACK 后同轮 exit(0, null) 只接受无信号的正常退出 (0.33525ms)
✔ 关闭 ACK 后同轮 exit(1, null) 只接受无信号的正常退出 (0.335083ms)
✔ 关闭 ACK 后同轮 exit(0, SIGTERM) 只接受无信号的正常退出 (0.3045ms)
✔ schema-valid unknown reservation is exposed as an explicit Host protocol error (0.598834ms)
✔ generation control registry rejects a Worker request that reuses the Main init ID (0.454667ms)
✔ live revoke control ID cannot start an unrelated Worker request (1.534084ms)
✔ init/ready, revoke/release, and close/ack preserve their exact correlation semantics (0.963583ms)
✔ the same control ID string may be reused by a later service generation (0.460334ms)
✔ public ServiceHost facade is limited to lifecycle, job route, and diagnostics methods (0.034875ms)
✔ 静态 memoryBytes 超过总预算时立即拒绝，既不排队也不启动载体 (19.887583ms)
✔ 静态 cpuSlots 超过总预算时立即拒绝，既不排队也不启动载体 (1.663459ms)
✔ 静态 workerThreadSlots 超过总预算时立即拒绝，既不排队也不启动载体 (2.647958ms)
✔ 静态 ioHeavySlots 超过总预算时立即拒绝，既不排队也不启动载体 (1.65775ms)
✔ 静态 utilityProcessSlots 超过总预算时立即拒绝，既不排队也不启动载体 (1.313ms)
✔ Base 与 Phase 各自可容纳但合计超额时，尚未取得 Base 就拒绝 (1.187542ms)
✔ 足额静态预算在载体启动前取得 Base 与 Phase，完成后分别只释放一次 (2.068375ms)
✔ 临时占用保持排队，释放容量后按先后次序完成两个任务 (2.540917ms)
✔ 临时占用到 5000 ms 仍未释放时保留 timeout，诊断只含数值且清理本任务 Base (1.306917ms)
✔ Base 本身被临时占用时超时保留 Base 申请诊断，不影响其他持有者 (1.019791ms)
✔ 等待 Phase 时取消释放已取得的 Base，不启动载体、不取消其他持有者 (0.758958ms)
✔ reject 策略临时容量不足仍立即拒绝，不能误称总预算不可满足 (0.861042ms)
✔ 大整数预算的中文 MiB 摘要完整通过 finance-safe 往返，不误判为账号 (0.845375ms)
✔ 诊断输出回调失败不得阻止原始失败结算或资源清理 (0.714916ms)
✔ 公共 API exact：execute 返回 Promise，transport ready 后直接 job:start (8.200417ms)
✔ coordinator transport failure按exact control权威终态且不扩展control/runtime API (1.679833ms)
✔ deferred unit在transport ready和job:start后才派发，旧eager路径不变 (4.806458ms)
✔ worker-durable逐unit严格执行 persisted prepare/ack、receipt/mark-committed、done gate (2.465667ms)
✔ worker-durable pre-critical transport loss只收口普通file error，不得升级为interrupted (1.076875ms)
✔ worker-durable ACK后transport loss且inspect not-committed仍是普通file error (1.253125ms)
✔ worker-durable prepare/ack持久化失败不发ACK且unit保持普通error (1.03525ms)
✔ worker-durable ACK后unit error必须inspect；committed-lost阻断普通job完成并收口unit promise (1.372125ms)
✔ worker-durable非末unit committed/unknown立即终结parent并有界释放transport (2.6225ms)
✔ worker-durable错误receipt后的合法unit/job done不能覆盖canonical committed inspection (1.721ms)
✔ worker-durable precritical ordinary unit:error仍按policy继续后续file (1.566208ms)
✔ worker-durable job:error inspect unknown时started unit不得降级为cancelled (1.183417ms)
✔ worker-durable inspector异常不悬挂，open Intent语义映射interrupted且started unit确定收口 (0.941625ms)
✔ 第一个合法 terminal 赢得 settle gate，late terminal 仅诊断不二次 settle (1.800208ms)
✔ Supervisor diagnostics 在回调边界统一应用 finance-safe-v1 脱敏 (1.57425ms)
✔ adapter.ready 未完成触发 init-timeout，send 抛错触发 adapter-error 且不悬空 (6.988583ms)
✔ job:start send 调用栈内同步 progress/job:error 属于 start 因果链 (1.230916ms)
✔ adapter.start 调用栈内真正 prestart event 仍 fail closed 且返回 handle 后清理 (1.193166ms)
✔ 非法 JSON input 在任何 adapter.start 前由 execute request gate 拒绝 (0.356917ms)
✔ execute 在读取 actionKey getter 前先 fail closed，不触发 getter side effect (0.285334ms)
✔ cancel(jobId) 走独立 command seq，私有终态证据而非 ACK 决定 cancelled (1.450708ms)
✔ cancel command/ack 状态机拒绝 unsolicited/duplicate，command-only terminal 不冒充 cancelled (4.99225ms)
✔ Existing 同 tick reject 先于 cancel 时保持 failed；同步 void cancel 引发的 reject 保持 cancelled (2.340959ms)
✔ public cancel 拒绝 shutdown-only；shutdown 使用独立内部取消路径 (1.471125ms)
✔ unexpected exit、execution timeout、cancel timeout 各自使用唯一权威 terminalSource (14.485416ms)
✔ incoming route/seq violation 均 fail closed 为 protocol-error (1.783792ms)
✔ progress rate limit 按 job/direction 使用 1000ms sliding window，边界稳定释放 (1.637458ms)
✔ unknown unit 与未终结 registered unit 的 job:done gate 均拒绝 (1.839708ms)
✔ policy 允许的 unit:error 可通过 job:done gate (0.908958ms)
✔ unit terminal immutable，重复 terminal/progress 不可改写已终结 unit (1.043792ms)
✔ unit:done 与 job:done result 都同步执行严格 validator (2.264458ms)
✔ result maxBytes 与 result validator 都在 settle 前 fail closed (1.265375ms)
✔ validator function/validate 严格返回；assertValid 不抛即成功且两类 thenable 均拒绝 (3.8555ms)
✔ first terminal 后 execute 仅在 bounded terminate/close settle pipeline 完整收口后 resolve (1.544917ms)
✔ execute 全 request own-data/类型 gate 与 canonical snapshot 在 adapter.start 前生效 (1.214ms)
✔ terminal result/error 取 owned deep-frozen snapshot，producer 后改不影响 truth (1.285917ms)
✔ shutdown 有界：non-cancellable + 不退出 transport 进入 protected/leaked/errors 权威报告字段 (12.90925ms)
✔ shutdown 也追踪已 settle 但 terminate 悬挂的 transport (12.386542ms)
✔ terminate/close 独立失败使job非成功，shutdown保留并重试cleanup ownership (1.199916ms)
✔ close首次失败使job非成功，shutdown重试成功后不再报告transport leak (0.752667ms)
✔ resource lease release失败使job非成功并保留到shutdown重试 (0.730334ms)
✔ transport cleanup 成功后 jobId/worker route 仍是永久 one-shot tombstone (0.736ms)
✔ shutdown 不把已在 cooperative cancelling 的 job 误报为 protected (8.048583ms)
✔ stopAcceptingNewJobs fail closed，closeService 委托并对未托管 service 返回 false (0.456166ms)
✔ default Supervisor shutdown wire-drains a persistent service before cooperative close (6.70175ms)
✔ Supervisor normal terminal waits for adopted phase detach handshake before default shutdown (3.55625ms)
✔ Supervisor successful interaction result retains token until null-ref expiry then shuts down leak-free (3.060291ms)
✔ Supervisor job:error and cooperative-cancel terminals both revoke interaction tokens before settle (6.310834ms)
✔ Supervisor 在 adapter.start 前完成 Base/Phase admission，terminal 后 exactly-once 释放 (0.793292ms)
✔ E02-A factory without Governor preserves simple job execution and shuts down cleanly (0.623292ms)
✔ without Governor service and compound paths fail closed before adapter start (0.409667ms)
✔ queued admission cancel aborts request, never calls adapter.start, and releases partial admission (1.214542ms)
✔ real Governor grant diagnostics cancellation releases a late phase grant before transport assignment (0.979625ms)
✔ shutdown cancels queued admission even when runtime cancellation is not supported (0.750042ms)
✔ shutdown normalizes all finite non-negative E02-A timeout values before lifecycle mutation (0.825209ms)
✔ existing nested topology is inspected and frozen before compound admission with no wrapper Worker (1.865333ms)
✔ service job 使用 Host generation 路由，正常 terminal 仅 detach 并释放 job admission (0.567167ms)
✔ service Host exit callback remains an unexpected-exit terminal in Supervisor (0.375958ms)
✔ service Base startup pending 时取消会关闭 starting generation，且不会悬挂或发送 job:start (0.954625ms)
✔ Host semantic protocol errors retain canonical protocol-error terminal classification (0.776958ms)
✔ real Host control exchange reuse maps to protocol-error without reservation leaks (1.227667ms)
✔ real Host rejects wire release while a persistent replacement is still queued (2.97025ms)
✔ cancelled compound admission on an existing service detaches only the current job (0.727125ms)
✔ cancellation while an existing service attach is pending does not close that generation (0.728917ms)
✔ BankBU role spool保留month、source row index、BU、账号、金额币种与原始顺序 (102.813417ms)
✔ 真实worker_threads Parser只返回bounded role manifest并在clean exit后结算 (127.051791ms)
✔ exact runtime shutdown等待延迟abort的真实Parser终态、parent终态与spool清理后才clean (333.083375ms)
✔ cleanup外部lock使连续shutdown保持non-clean，解除后同一owner重试真实删除并clean (129.429291ms)
✔ dual Writer与single形成相同dataset evidence、role行序和side receipt (127.171041ms)
✔ source在Parser成功后变化会在critical前失败且保持零side mutation并清理spool (81.93425ms)
✔ 任一Parser失败或取消时等待sibling终态，critical前失败并清理spool (37.961333ms)
✔ optional gate在低内存、非双输入、性能或RSS不合格时回退E08-A single (4.86725ms)
✔ topology只对合法dual descriptor且并行度充足返回2，否则single=1 (1.693916ms)
✔ Parser模块静态依赖不含业务DB、matching、receipt、mirror或Inspector (0.218125ms)
✔ spool descriptor拒绝角色缺失、同源文件与月份漂移 (1.516541ms)
✔ Writer在critical前拒绝manifest role篡改与rows内容篡改 (152.799292ms)
✔ E08-A四个policy逐字段服从冻结Platform fixture且production固定false/legacy/0 (1.346584ms)
✔ import 落侧库；主库 imports 表恒 0 行 (252.694917ms)
✔ 导入流程证据来自持久行主键，首次 run 与显式重跑可区分且可跨实例读取 (194.2295ms)
✔ run inline + 主库镜像 runId = 主库镜像 id（非侧库 id） (282.366708ms)
✔ 双源 listMonths：侧库 month + 主库旧表 month 合并 (381.3565ms)
✔ 双源 status：侧库存在读侧库 meta (282.776041ms)
✔ 删整月 = 删文件 + 主库镜像清 (287.084917ms)
✔ 孤儿兜底①：有文件无 imports（空壳）→ 删；有 imports → 保留 (250.461834ms)
✔ 孤儿兜底②：有镜像无文件 → 标 side-db-missing (290.494083ms)
✔ listSuccessMonths 主库镜像 GROUP BY (227.478833ms)
✔ 真实Supervisor+worker_threads singleton mutation完成intent→side→Main双identity settle (221.708042ms)
✔ import singleton coordinator在同月锁内持久ACK、验证side receipt并无Main mirror收口 (12.170125ms)
✔ 真实Supervisor side COMMIT后reply-loss按Inspector收口 (74.833417ms)
✔ 真实Supervisor side COMMIT后unknown-hold按Inspector收口 (100.541042ms)
✔ 真实Supervisor Main CAS后committed evidence响应丢失由Inspector幂等收口 (260.6965ms)
✔ 真实Supervisor unit done transport丢失由Inspector committed收口且receipt事件可选 (40.758916ms)
✔ 旧BankBU side DB additive ensure补齐managed schema且不改旧业务行 (88.354625ms)
✔ dataset evidence绑定source行号、原始顺序、BU、账号、金额与币种血缘 (2.820333ms)
✔ import fixed Pending→Bank顺序、dataset evidence与receipt同事务，失败回滚旧dataset (31.329666ms)
✔ import Inspector只接受完整operation identity与input evidence (22.167125ms)
✔ run side receipt先提交；exact replay不新增side run (14.044ms)
✔ run算法read snapshot后同月dataset变化会在side写事务内失败关闭 (16.766125ms)
✔ Inspector唯一判定not/partial/committed；partial complete-mirror不重跑算法 (66.196834ms)
✔ side commit后Main mirror并发变化进入unknown且complete-mirror不覆盖 (34.246708ms)
✔ 有界old mirror pre-image可由已提交side结果CAS替换且不重跑 (46.554042ms)
✔ export Worker拒绝FilePlan stagingRoot之外的正式路径 (0.903458ms)
✔ Main coordinator在operation lock内capture并持久化pre-image后才允许critical ACK (12.370542ms)
✔ one-shot Worker在critical ACK前不提交，ACK后按receipt→done收口且protected拒绝取消 (5.792875ms)
✔ import mutation同样只在singleton unit执行且按unit receipt/done收口 (1.857666ms)
✔ one-shot Worker拒绝跨operation ACK，critical reject在mutation前失败收口 (4.828459ms)
▶ bankStatementHeadersEqual
  ✔ 相同 headers → true (0.423083ms)
  ✔ 列数不同 → false (0.050583ms)
  ✔ 列名不同 → false (0.046625ms)
  ✔ 顺序不同 → false（按位逐列比对） (0.036208ms)
  ✔ 非数组入参 → false (0.035792ms)
  ✔ String 归一比对（数字 1 与字符串 "1" 视为相等） (0.046959ms)
✔ bankStatementHeadersEqual (1.202917ms)
▶ mergeBankStatementRows — 首份（建集，不校验 headers）
  ✔ existingRows=null → isAppend=false，rows = newRows，headers = newHeaders (0.67625ms)
  ✔ 首份也统一重编号 _rowId（row_0..row_{N-1}） (0.075792ms)
  ✔ 首份不校验 headers（existing 为空时即使 newHeaders 任意也不抛） (0.412333ms)
  ✔ newRows 为空数组 → 0 行（合法空集） (0.067167ms)
✔ mergeBankStatementRows — 首份（建集，不校验 headers） (1.328292ms)
▶ mergeBankStatementRows — 追加合并（🔴 资金红线）
  ✔ 双文件合并：rows 数 = 两文件之和（6629 + 3259 = 9888，不覆盖） (1.106167ms)
  ✔ 🔴 _rowId 全局唯一无重复且连续（row_0..row_9887，跨文件 0-based） (1.686417ms)
  ✔ 合并后两文件来源行都保留（追加不丢行 + 文件 B 行原文件内 _rowId 被全局覆盖） (0.070625ms)
  ✔ 三文件连续合并：行数累加 + _rowId 始终全局连续 (0.073792ms)
✔ mergeBankStatementRows — 追加合并（🔴 资金红线） (2.998083ms)
▶ mergeBankStatementRows — headers 不一致拦截（🔴 异构表防护）
  ✔ 追加时列数不同 → 抛 BankStatementMergeError (0.292167ms)
  ✔ 追加时列名不同 → 抛 BankStatementMergeError (0.150916ms)
  ✔ 🔴 抛错时不改动 existingRows（session 不被污染） (0.107291ms)
  ✔ BankStatementMergeError 是 Error 子类且 name 正确（handler 据 instanceof / name 判定） (0.03425ms)
✔ mergeBankStatementRows — headers 不一致拦截（🔴 异构表防护） (0.643791ms)
▶ mergeBankStatementRows — 复刻 handler 流程（合并语义集成）
  ✔ 双文件批量：首个建 session（清 processingResult/gatewayReconSession），第二个追加合并 (1.180292ms)
  ✔ headers 不一致的第二个文件 → invalid 且 session 未污染（行数/来源文件不变） (0.292375ms)
  ✔ 单文件批量 = 单选导入行为（merged=false / sourceFileCount=1 / _rowId 唯一 / 清缓存） (0.568208ms)
✔ mergeBankStatementRows — 复刻 handler 流程（合并语义集成） (2.097417ms)
▶ 需求3：bank-statement:run handler 进度转发器内联（not-defined 事故回归）
  ✔ handler 改 async 并取 event（进度转发需要 event.sender） (0.553917ms)
  ✔ 🔴 回归钉死：进度转发器内联在 handler 体内（不引用任何外部作用域的工厂函数） (0.110542ms)
  ✔ 🔴 回归钉死：孤儿工厂名 createBankStatementRunProgressForwarder 在 main.js 已彻底消失 (0.165583ms)
  ✔ handler 把内联 onProgress 注入 runReconciliation（否则轮次进度事件永不触发） (0.139291ms)
✔ 需求3：bank-statement:run handler 进度转发器内联（not-defined 事故回归） (1.536542ms)
▶ 需求6 修复1（🔴 资金红线）：bank-deposit 门控谓词 + 与编排器 r5s4 逐字同源
  ✔ handler 定义 refundBackfillEnabled 谓词，三个条件子句齐全 (0.301917ms)
  ✔ bank-deposit 仅在门控开启时才读全表，否则注入 []（防 65.7 万行 ~1.2GB 无谓尖峰） (0.25875ms)
  ✔ 🔴 跨文件同源：编排器 r5s4 分桶用相同字面值三元组（任一侧改字面 → 本测试红） (0.063625ms)
✔ 需求6 修复1（🔴 资金红线）：bank-deposit 门控谓词 + 与编排器 r5s4 逐字同源 (0.750667ms)
▶ 需求6 修复2（🔴 资金红线）：gateway 账单按 Channel 过滤读（删全量读 + 深拷）
  ✔ handler 从 session 行收集 bankChannels (0.488042ms)
  ✔ handler 一次读取 exactRows/c3Rows 双池并分别注入编排器 (0.166ms)
✔ 需求6 修复2（🔴 资金红线）：gateway 账单按 Channel 过滤读（删全量读 + 深拷） (0.7435ms)
▶ v3.1.1（🔴 资金红线）：disabled owner 日期策略与运行/导出快照接线
  ✔ run 必须先读取含 disabled 的完整场景，再解析唯一日期策略 owner (0.175125ms)
  ✔ resolved policy、配置告警和 owner id 必须注入编排与 R5 数据准备门控 (0.148958ms)
  ✔ R5 关闭但 R3.5 开启时，多对多审计仍复用 R3.5 已加载的调拨副本 (0.092125ms)
  ✔ 运行与导出均把 raw+effective policy signature 纳入防陈旧快照 (0.311333ms)
  ✔ 编排器只使用主流程传入的 policy，不再从 enabled R5 config 推导 M2M 日期 (0.04475ms)
✔ v3.1.1（🔴 资金红线）：disabled owner 日期策略与运行/导出快照接线 (0.829458ms)
▶ v3.1.1：平盘侧库初始化审计日志接线
  ✔ 成功日志只记录初始化 mode，拒绝日志只记录结构化 code/reason (0.328ms)
✔ v3.1.1：平盘侧库初始化审计日志接线 (0.347916ms)
▶ resolveRecognizedBigAccount
  ✔ 维护表有 B002/USD，文件识别为空：返回失败，不允许 fallback 到 B002 (0.5045ms)
  ✔ 维护表有 B002/USD，文件识别为 A001：返回未维护失败，不选择 B002 (0.113084ms)
  ✔ 维护表有 A001/USD，识别为 A001：成功选择 A001/USD (0.573416ms)
  ✔ 维护表有 A001/USD、A001/EUR，识别账号为 A001 但币种未知：返回 needs-selection (0.084042ms)
  ✔ 维护表有 A001/USD、A001/EUR，识别账号 A001 且币种 USD：成功选择 USD (0.06125ms)
  ✔ 用户显式选择 A001/EUR 后重新生成：纯函数不会拦截已传入的选择值 (0.042666ms)
✔ resolveRecognizedBigAccount (1.92075ms)
▶ normalizeMaintainedBigAccounts
  ✔ 兼容 grouped 和 expanded 两种维护表形态 (0.079542ms)
✔ normalizeMaintainedBigAccounts (0.12925ms)
▶ matchMerchantIds
  ✔ 直接识别放行路径禁用子串 fuzzy，避免 NET001 误吃 NET0011 (0.111125ms)
  ✔ 默认 fuzzy 仍保留子串匹配，供既有顺序提示路径使用 (0.040875ms)
✔ matchMerchantIds (0.228291ms)
✔ Biz run 冻结三源 lineage，并在同一事务写 v1 receipt (3.391417ms)
✔ Biz 同日同规范化 BU rerun 遇未 ACK receipt 时不落第二个 run/diff (1.7055ms)
✔ Biz OP 重导遇未 ACK receipt 时 imports/run/diff/head 零变化 (1.618459ms)
✔ normal run 边界拒绝 malformed receipt，来源 head 变化时不落 run (1.058625ms)
✔ 历史 v0 dataset 只形成 producer=null 的直接 intent (0.053208ms)
✔ Biz owner 在 sweep 前按 exact side receipt 修复 mirror、flow anchor、terminal 并 ack (144.427292ms)
✔ Biz owner 遇 failed TaskRun 先 fail-closed，不创建主库 mirror (131.819209ms)
✔ Biz main 已 ack 而 side 未 ack 时，不用旧 receipt 回滚后写的新 mirror (171.13775ms)
✔ Biz 主库 mirror 覆盖遇未 ACK receipt 时保留原镜像 (96.141833ms)
✔ Biz side receipt 后主库 mirror 失败时精确删除本 TaskRun 的 run/diff 再允许 failed (182.523042ms)
✔ Biz 精确补偿事务失败时保留 interrupted owner，既有启动恢复可收口 receipt (147.638959ms)
✔ Biz 显式重跑在新 side receipt 后崩溃时，可替换同日已 ack 旧 mirror (326.120083ms)
✔ Biz main seam 冻结三源/export locator，run 与月末 copy owner 排在通用 sweep 前 (3.00925ms)
✔ Biz failed terminal outbox 无成功 receipt 时 finalizer no-op (0.078917ms)
✔ Biz OP import 在同一 transaction 派生 version，并发覆盖使旧 snapshot fail-closed (3.822083ms)
✔ Biz run 从 head 校验到三表读取/receipt 写入共享 snapshot，并发换 head 不落 run (4.308042ms)
✔ E13-A BizOP side DB day/range worker 与 legacy workbook 语义 golden 等价 (222.421958ms)
✔ E13-A BizOP 空区间保留 legacy 占位工作簿语义 (102.449167ms)
✔ E13-A BizOP Main 只冻结紧凑 revision 且 dataset head 失效时 fail closed (119.502208ms)
✔ E13-A BizOP legacy-main day worker 保持历史双源兼容 (141.735875ms)
✔ E13-A BizOP 拒绝未 ACK receipt、来源漂移与预启动取消 (113.859458ms)
✔ E13-A BizOP 真实 Runtime authority 注入后在线程 Worker 完成 (422.855291ms)
✔ monthOf：date → YYYY-MM (99.450417ms)
✔ runViaSideDb inline + 主库镜像 runId 唯一（跨月）+ 主库 4 表 0 行 (160.672625ms)
✔ 导出 openExportContextByRun：主库镜像 runId → 侧库内 run id 映射 (87.044084ms)
✔ 🔴 codex P2：buildRangeExportDb date-range 跨月导出不抛（SIDE_DB_DDL_BIZ_OP 已导出）+ 4 表建表 + 跨月合并 (206.9695ms)
✔ frozen single/range locator 缺 exact source row 时 fail-closed，不生成静默少行数据 (125.821958ms)
✔ 月末跨月：runBizOpImport（mock worker success）→ 下月侧库写 T-2 冗余副本 (237.398625ms)
✔ 月末下月侧库有未 ACK receipt 时补清事务零变化 (242.551208ms)
✔ 月末 source COMMIT 后崩溃由原 File Task/批次号恢复 target copy 并清 intent (516.364542ms)
✔ 月末 worker 已提交 source+intent 但 success 回执丢失时保留 File Task owner (246.678875ms)
✔ 月末 copy 失败形成 interrupted owner 后仍以原 File Batch 恢复 (206.655167ms)
✔ 月末 source precheck 后并发出现未 ACK receipt 时保留 intent，阻断覆盖与 D+1 run (168.433208ms)
✔ 月末 target SQLite 写失败时回滚目标库并保留 source copy intent (90.032625ms)
✔ 月末导入 rejected → 不补清不冗余（未改数据） (72.227416ms)
✔ 月初对账单库自洽：T-2 冗余副本在当月侧库 → 对账读到 T-2 (76.262041ms)
✔ 双源 status：去重月末冗余副本（同 date|bu 不翻倍） (77.036ms)
✔ check-single-day 双源去重：副本不算多日 (118.885375ms)
✔ 孤儿兜底①：空壳删 / 有 imports 保留；②有镜像无文件标失效 (129.977166ms)
✔ 4097条SQL合成已完成历史不挤占真实恢复预算，64条一页并维持可见续跑状态 (18581.09825ms)
✔ 初始平台扫描不触碰尚未装配的Archive；恢复阶段才补齐 (1657.008083ms)
✔ 历史补齐proof SQL写失败：同批proof/游标回滚，重试推进 (1948.234375ms)
✔ 历史补齐cursor SQL写失败：同批proof/游标回滚，重试推进 (1810.529208ms)
✔ 低ID坏历史有持久诊断且不饿死后续页；证据恢复后循环重试 (1794.588917ms)
✔ 历史归档已失效且外部导出已移动时，仅保留该批次删除诊断 (1493.135875ms)
✔ 当前实例从零补齐，不复用另一个Archive实例的游标 (1489.989084ms)
✔ 4097条历史之外真正未决原owner先恢复；失败时不以历史分页放开业务 (8297.745916ms)
✔ 原outbox完整性异常仍拒绝真实恢复，不能当作空历史责任 (1672.310208ms)
✔ 4097条真正未决操作仍完整枚举并拒绝超预算，不能借历史分页放行 (5539.704375ms)
✔ 历史诊断SQL写入失败也不越过原记录；重试后保留诊断再处理后续 (1374.361042ms)
✔ CLOSED仍有Publisher清理义务而无outbox时继续按真实恢复阻断 (1610.566458ms)
✔ ACTIVE 默认 IPC 未提交导出首次 failed 终态写入失败，原补偿完成凭证并清空 outbox (1828.500125ms)
✔ 未提交导出 proof-insert 故障保留原责任，实际补偿和清理完成后重入 (1580.99125ms)
✔ 未提交导出 phase-close 故障保留原责任，实际补偿和清理完成后重入 (1473.826958ms)
✔ 未提交导出 abort-finalization 故障保留原责任，实际补偿和清理完成后重入 (1503.272958ms)
✔ 未提交导出 stage-reclaim 故障保留原责任，实际补偿和清理完成后重入 (1503.222833ms)
✔ 已 CLOSED 的未提交补偿仍枚举缺失凭证，依据原 binding/回收事实恢复 (1485.61275ms)
✔ publication 登记失败 / 终态首次失败=false，普通责任沿原入口收口 (1143.631583ms)
✔ publication 登记失败 / 终态首次失败=true，普通责任沿原入口收口 (1155.761208ms)
✔ 旧未提交 binding 缺新增实例字段且 CLOSED / pending=false，凭完整原补偿事实兼容恢复 (1505.064792ms)
✔ 旧未提交 binding 缺新增实例字段且 CLOSED / pending=true，凭完整原补偿事实兼容恢复 (1625.72075ms)
✔ 未提交补偿拒绝 route 冲突，保留原匿名通知和恢复责任 (1730.64075ms)
✔ 未提交补偿拒绝 proof-instance 冲突，保留原匿名通知和恢复责任 (2173.696542ms)
✔ 未提交补偿拒绝 owner 冲突，保留原匿名通知和恢复责任 (1951.558916ms)
✔ 未提交补偿拒绝 manifest 冲突，保留原匿名通知和恢复责任 (1519.041708ms)
✔ 未提交补偿拒绝 binding-instance 冲突，保留原匿名通知和恢复责任 (1624.286166ms)
✔ 未提交补偿拒绝 binding-null 冲突，保留原匿名通知和恢复责任 (1450.493875ms)
✔ 未提交补偿拒绝 ready-output 冲突，保留原匿名通知和恢复责任 (1644.750625ms)
✔ 未提交补偿拒绝 cleanup-plan 冲突，保留原匿名通知和恢复责任 (1701.583875ms)
✔ ACTIVE 默认 IPC 导出 ACK 暂时失败后，原恢复完成 owner proof/outbox/初始化，重复不重发 (2132.746875ms)
✔ proof-insert 暂时失败保留原业务责任，completion与关闭事务一起回滚，再次恢复收口 (2025.396458ms)
✔ phase-close 暂时失败保留原业务责任，completion与关闭事务一起回滚，再次恢复收口 (1809.26275ms)
✔ 旧binding与已CLOSED的原publication仍能找回缺失proof责任，原pending不永久阻断启动 (1671.263167ms)
✔ 原owner收口拒绝 route 冲突，保留phase和匿名outbox (1458.801916ms)
✔ 原owner收口拒绝 proof-instance 冲突，保留phase和匿名outbox (1511.225334ms)
✔ 原owner收口拒绝 binding-instance 冲突，保留phase和匿名outbox (1440.092042ms)
✔ 原owner收口拒绝 binding-null 冲突，保留phase和匿名outbox (1550.706333ms)
✔ 原owner收口拒绝 manifest 冲突，保留phase和匿名outbox (1415.478167ms)
✔ 原owner收口拒绝 owner 冲突，保留phase和匿名outbox (1819.340333ms)
✔ 计算 manifest 取消保护已有结果，按目录提交事实结算 (2968.8885ms)
✔ 计算 afterCommit 取消保护已有结果，按目录提交事实结算 (2255.261041ms)
✔ 真实 XLSX 到 no-file Task/worker/RESULT：负向差额、独立说明、同输入重复不占版本 (1478.180292ms)
✔ 完整逐日预检缺任何 FLOW 不开始 Task，文件损坏阻断实际计算且无结果版本 (1637.987209ms)
✔ 17 个批准样例经过真实原表、公共 writer 和磁盘集合计算后，逐列符合全部 19 列 (1754.9655ms)
✔ 仅流水变化产生新版；中间 OP 不影响指纹；旧输入回收后历史 19 列和来源保持独立 (3439.036833ms)
✔ 巨大同键描述组用磁盘集合比对，输入逆序不制造变化，完整来源逐条保存且输出字段冲突留空 (3564.05275ms)
ℹ {"elapsedMs":337,"flowRows":2,"groupMs":133,"indexMs":33,"inputRows":10002,"loadMs":93,"noteRows":10006,"opRows":10000,"outputTransactions":4,"peakInputConnections":1,"peakOutputConnections":1,"peakRssBytes":350781440,"peakWorkConnections":1,"resultCopyMs":8,"resultRows":1,"sealMs":30}
✔ 实际工作库写入后取消：读取 pin 存在、并发请求受互斥、关闭后恢复回收，不占结果版本 (13907.764083ms)
✔ 真实 Main 进程退出 after-worker：重启按原任务、收据和候选事实收敛 (2250.704292ms)
✔ 真实 Main 进程退出 after-commit：重启按原任务、收据和候选事实收敛 (1563.936875ms)
✔ 后处理篡改目录 generation 时拒绝提交；输入/结果不被部分替换 (1129.999792ms)
✔ BU、账户大小写/零位和不同币种不串键；高精度金额不损失，长描述说明分片可无损还原 (1027.156916ms)
✔ 结果删除后旧 receipt 不复活它，新 Task 同输入产生递增版本；成功结果不因重复请求升版 (1445.947125ms)
✔ 新净发生额预期完整覆盖旧批准样例，只有第 13 列允许变化 (1.260542ms)
✔ C01：正常反推相等，严格比较新 19 列并保持旧反推值、差额、结论及原因 (0.833208ms)
✔ C02：终止余额高10，严格比较新 19 列并保持旧反推值、差额、结论及原因 (0.184ms)
✔ C03：缺起始但可算反推值，严格比较新 19 列并保持旧反推值、差额、结论及原因 (0.127333ms)
✔ C04：缺终止，严格比较新 19 列并保持旧反推值、差额、结论及原因 (0.089125ms)
✔ C05：两端缺OP仅流水，严格比较新 19 列并保持旧反推值、差额、结论及原因 (0.065208ms)
✔ C06：起始重复同余额，严格比较新 19 列并保持旧反推值、差额、结论及原因 (0.086166ms)
✔ C07：终止余额冲突，严格比较新 19 列并保持旧反推值、差额、结论及原因 (0.136208ms)
✔ C08：起始余额冲突但终止确定，严格比较新 19 列并保持旧反推值、差额、结论及原因 (0.130208ms)
✔ C09：描述变化金额相等，严格比较新 19 列并保持旧反推值、差额、结论及原因 (0.134667ms)
✔ C10：终止同端描述冲突，严格比较新 19 列并保持旧反推值、差额、结论及原因 (0.118917ms)
✔ C11：多OP描述变化金额不平，严格比较新 19 列并保持旧反推值、差额、结论及原因 (0.139209ms)
✔ C12：负数入账冲正，严格比较新 19 列并保持旧反推值、差额、结论及原因 (0.106041ms)
✔ C13：本账户区间无流水，严格比较新 19 列并保持旧反推值、差额、结论及原因 (0.078959ms)
✔ C14：差额恰好负0.01仍相等，严格比较新 19 列并保持旧反推值、差额、结论及原因 (0.06275ms)
✔ C15：差额负0.0101不相等，严格比较新 19 列并保持旧反推值、差额、结论及原因 (0.057083ms)
✔ C16：起始日与终止日外的流水不计，严格比较新 19 列并保持旧反推值、差额、结论及原因 (0.066042ms)
✔ C17：两端余额都冲突，严格比较新 19 列并保持旧反推值、差额、结论及原因 (0.057792ms)
✔ 净发生额精确金额：正数出账减少余额 (0.091167ms)
✔ 净发生额精确金额：负数出账冲正增加余额 (0.045209ms)
✔ 净发生额精确金额：同方向正负冲正和入出混合保留原符号 (0.065542ms)
✔ 净发生额精确金额：入出合计均为负数且净流出 (0.054292ms)
✔ 净发生额精确金额：正负流水抵消与负零规范化 (0.05475ms)
✔ 净发生额精确金额：超过安全整数范围的金额保持精确 (0.071417ms)
✔ 净发生额精确金额：十八位小数的入出合计不经过浮点数 (0.078542ms)
✔ 净发生额精确金额：大整数与十八位小数混合且保留微小核对差额 (0.060417ms)
✔ 日期清单跨年跨闰日严格逐日，非法日期和同日起止拒绝 (1.131792ms)
✔ 规范键使用 UTF-8 BINARY，而非 UTF-16/locale/无转义拼接；描述比较完整集合 (0.277875ms)
✔ 完整跨操作月份预览不删除；KEEP_RESULTS 只清当前输入，历史全量/差异与原件在真实回收后仍可导出 (5648.786042ms)
✔ DELETE_ASSOCIATED 删除已列出的结果对，其他输入不受影响，用户锁和外部原文件仍存在 (3508.793875ms)
✔ 直接选择结果不会反向删除输入，KEEP_RESULTS 不能用于结果混选 (1838.797167ms)
✔ 预览过期、generation 或保护状态变化都拒绝确认，业务数据与 Task 数不变 (1509.902791ms)
✔ 删除预检完成后取消不改变选择，真实 worker 关闭后恢复不删除业务数据 (1430.468917ms)
✔ 实际导出持有共享读取时，已确认删除请求仍被 Main 拒绝 (1636.047375ms)
✔ 真实进程退出 before-commit/KEEP_RESULTS，重启只收敛原 Task 与原模式，不默认级联 (2525.114208ms)
✔ 真实进程退出 after-commit/KEEP_RESULTS，重启只收敛原 Task 与原模式，不默认级联 (1954.7955ms)
✔ 真实进程退出 before-commit/DELETE_ASSOCIATED，重启只收敛原 Task 与原模式，不默认级联 (1960.871875ms)
✔ 真实进程退出 after-commit/DELETE_ASSOCIATED，重启只收敛原 Task 与原模式，不默认级联 (1432.141584ms)
✔ 预检 worker 后保护状态变化，重新核对闭包拒绝提交，不扩大影响 (1043.261917ms)
✔ KEEP_RESULTS 提交后崩溃且保留说明丢失，重启阻断收尾，不把缺失结果解释为用户删除 (1216.11075ms)
✔ 十二项动作逐项授权启用，未执行验收不显示为 release-pass 或 benchmark 证明 (1.462084ms)
▶ 任何一项发布条件或 action 授权缺失都会关闭全部生产策略
  ✔ windowsDurability (1.48125ms)
  ✔ targetScale (2.286042ms)
  ✔ fundsAcceptance (1.176875ms)
  ✔ workbookAcceptance (1.161417ms)
  ✔ legacyQuiescence (1.098875ms)
  ✔ biz-op-v327:import-candidate (1.142417ms)
  ✔ biz-op-v327:run-candidate (1.484625ms)
  ✔ biz-op-v327:delete-plan (1.354333ms)
  ✔ biz-op-v327:upgrade-preflight (1.434125ms)
  ✔ biz-op-v327:reclaim (1.332208ms)
  ✔ biz-op-v327:export-op-raw (1.21775ms)
  ✔ biz-op-v327:export-flow-raw (1.220708ms)
  ✔ biz-op-v327:export-op-check (1.976834ms)
  ✔ biz-op-v327:export-flow-check (1.10675ms)
  ✔ biz-op-v327:export-result-full (1.121917ms)
  ✔ biz-op-v327:export-result-diff (1.269208ms)
  ✔ biz-op-v327:export-errors (1.070708ms)
✔ 任何一项发布条件或 action 授权缺失都会关闭全部生产策略 (23.73225ms)
▶ 空授权人、日期、理由、短引用以及假验收标签均不能作为授权
  ✔ approvedBy=  (0.181208ms)
  ✔ approvedAt= (0.142958ms)
  ✔ approvedAt=2026-99-99 (0.137166ms)
  ✔ reason=  (0.156291ms)
  ✔ reference=short (0.146708ms)
  ✔ validationStatus=PASS (0.129292ms)
  ✔ status=NOT RUN (0.132167ms)
  ✔ status=APPROVED (0.139792ms)
✔ 空授权人、日期、理由、短引用以及假验收标签均不能作为授权 (1.352875ms)
▶ 授权日期必须是真实日历日期且采用完整 YYYY-MM-DD 格式
  ✔ 2026-09-06 (1.170667ms)
  ✔ 2024-02-29 (1.138ms)
  ✔ 2000-02-29 (1.446875ms)
  ✔ 2026-04-30 (1.398875ms)
  ✔ 2026-12-31 (1.240125ms)
  ✔ 2026-02-29 (1.1285ms)
  ✔ 2026-02-31 (1.129375ms)
  ✔ 1900-02-29 (1.462958ms)
  ✔ 2024-02-30 (1.029542ms)
  ✔ 2026-04-31 (1.018709ms)
  ✔ 2026-01-32 (1.083583ms)
  ✔ 2026-00-15 (0.974416ms)
  ✔ 2026-13-01 (1.061083ms)
  ✔ 2026-01-00 (0.999084ms)
  ✔ 2026-9-06 (0.978458ms)
  ✔ 2026-09-6 (1.045166ms)
  ✔ 26-09-06 (1.073ms)
  ✔ 2026/09/06 (1.25925ms)
  ✔ 2026-09-06T00:00:00.000Z (1.143583ms)
  ✔  2026-09-06 (1.020958ms)
  ✔ 2026-09-06  (1.208458ms)
  ✔ 20260906 (1.285166ms)
✔ 授权日期必须是真实日历日期且采用完整 YYYY-MM-DD 格式 (25.862292ms)
✔ 版本、总开关和原严格 PASS 路径分别保持独立，授权不可覆盖总开关 (1.3825ms)
✔ 本模块开启后仍保留原 1 GiB 租约、关闭取消协议和导出 Publisher 约束 (0.046458ms)
✔ 超过安全整数的相邻 Windows 文件身份不会合并，凭据可无损序列化 (1.590792ms)
✔ 真实文件的新版身份、旧版安全身份与内容变更拒绝保持一致 (4.264417ms)
✔ 真实 FilePlan Task→原生导出→有独立预算的既有 Publisher→Archive，pin 等待输入消费完成 (1191.502208ms)
✔ 实际导出 worker 关闭后篡改候选，Main 拒绝发布并经原恢复 driver 释放 pin (1121.863125ms)
✔ 六类均接真实 Publisher；失败导入的独立诊断也能由新读取 Task 导出 (5341.153375ms)
✔ 真实 Main 进程退出 before-publish：原导出 Task、唯一 Publisher 事实及 pin 收口，不重算 run (2089.970834ms)
✔ 真实 Main 进程退出 committed-before-observation：原导出 Task、唯一 Publisher 事实及 pin 收口，不重算 run (1926.679042ms)
✔ 真实 Main 进程退出 after-publish：原导出 Task、唯一 Publisher 事实及 pin 收口，不重算 run (1581.188583ms)
✔ 提交后异常保留 running Task；旧启动 owner 不抢接管，BizOP 恢复原发布事实 (1351.65225ms)
✔ Archive 输出复制失败保留已提交结果与读取 pin，重试同 Task 后完成 (1143.596208ms)
✔ Publisher 已确认清理而本地 ACK 写入失败，持久提交证明防止退回未提交 (1135.340042ms)
✔ 用户目标在 FilePlan 冻结后被改写，Publisher 拒绝覆盖并保留用户的新内容 (1044.137708ms)
✔ 实际写出后取消，原 worker 退出前存在 pin，退出后恢复候选且不覆盖旧目标 (8092.117292ms)
✔ 诊断生产者已失败，清理仍等待新导出 Task 的 Publisher 消费完成 (678.640417ms)
✔ 原 worker 已退出、Publisher 等待容量期间取消，准入后不触碰用户目标 (1141.122125ms)
✔ 结果列版本 1 的表头与证据保留，版本 2 只改变第 14 列减法表头 (1.973417ms)
✔ 封存结果版本 1 自动选择对应导出合同，显式错配及 worker 错配均拒绝 (57.786875ms)
✔ 封存结果版本 1 拒绝同一 manifest 下混入其他计算规则的分片 (27.957834ms)
✔ 封存结果版本 2 自动选择对应导出合同，显式错配及 worker 错配均拒绝 (30.976541ms)
✔ 封存结果版本 2 拒绝同一 manifest 下混入其他计算规则的分片 (49.877042ms)
✔ 未知或缺失计算规则的结果合同不能被默认解释成旧版 (201.678542ms)
✔ OP_RAW 两份真实大 SST 原件连续读取并经 Publisher 发布，缓存清理不删除候选 (7085.332416ms)
✔ FLOW_RAW 两份真实大 SST 原件连续读取并经 Publisher 发布，缓存清理不删除候选 (6422.539166ms)
✔ RAW 磁盘 SST 扫描期间 cancel，只关闭自有缓存并保留打开的 spool (1472.300916ms)
✔ RAW 磁盘 SST 扫描期间 failure，只关闭自有缓存并保留打开的 spool (1593.29425ms)
✔ 实际输出回读大 SST success，输出文件与 spool 均不属于缓存清理范围 (1044.128375ms)
✔ 实际输出回读大 SST cancel，输出文件与 spool 均不属于缓存清理范围 (1006.32325ms)
✔ 实际输出回读大 SST mismatch，输出文件与 spool 均不属于缓存清理范围 (1103.162083ms)
✔ 真实 succeeded / Hold=false / retry 故障恢复与独立进程重启 (1451.739917ms)
ℹ {"phase":"create","terminal":"succeeded","cut":"retry","hold":false,"stage":"host-start","elapsedMs":0}
{"phase":"create","terminal":"succeeded","cut":"retry","hold":false,"stage":"host-ready","elapsedMs":44}
{"phase":"create","terminal":"succeeded","cut":"retry","hold":false,"stage":"input-ready","elapsedMs":56}
{"phase":"create","terminal":"succeeded","cut":"retry","hold":false,"stage":"import-finished","elapsedMs":380}
{"phase":"create","terminal":"succeeded","cut":"retry","hold":false,"stage":"export-finished","elapsedMs":724}
{"phase":"create","terminal":"succeeded","cut":"retry","hold":false,"stage":"terminal-evidence-saved","elapsedMs":725}
{"phase":"create","terminal":"succeeded","cut":"retry","hold":false,"stage":"anchor-prepared","elapsedMs":735}
{"phase":"create","terminal":"succeeded","cut":"retry","hold":false,"stage":"anchor-prepared","elapsedMs":743}
{"phase":"create","terminal":"succeeded","cut":"retry","hold":false,"stage":"unavailable-observed","elapsedMs":744}
{"phase":"create","terminal":"succeeded","cut":"retry","hold":false,"stage":"recovery-converged","elapsedMs":839}
ℹ {"phase":"recover","terminal":"succeeded","cut":"retry","hold":false,"stage":"host-start","elapsedMs":0}
{"phase":"recover","terminal":"succeeded","cut":"retry","hold":false,"stage":"host-ready","elapsedMs":32}
{"phase":"recover","terminal":"succeeded","cut":"retry","hold":false,"stage":"restart-converged","elapsedMs":35}
原 Task/receipt/版本保持，来源收敛，重复恢复通过
✔ 真实 succeeded / Hold=false / anchor 故障恢复与独立进程重启 (1410.988792ms)
ℹ {"phase":"create","terminal":"succeeded","cut":"anchor","hold":false,"stage":"host-start","elapsedMs":0}
{"phase":"create","terminal":"succeeded","cut":"anchor","hold":false,"stage":"host-ready","elapsedMs":41}
{"phase":"create","terminal":"succeeded","cut":"anchor","hold":false,"stage":"input-ready","elapsedMs":47}
{"phase":"create","terminal":"succeeded","cut":"anchor","hold":false,"stage":"import-finished","elapsedMs":296}
{"phase":"create","terminal":"succeeded","cut":"anchor","hold":false,"stage":"export-finished","elapsedMs":686}
{"phase":"create","terminal":"succeeded","cut":"anchor","hold":false,"stage":"terminal-evidence-saved","elapsedMs":687}
{"phase":"create","terminal":"succeeded","cut":"anchor","hold":false,"stage":"anchor-prepared","elapsedMs":698}
ℹ {"phase":"recover","terminal":"succeeded","cut":"anchor","hold":false,"stage":"host-start","elapsedMs":0}
{"phase":"recover","terminal":"succeeded","cut":"anchor","hold":false,"stage":"host-ready","elapsedMs":155}
{"phase":"recover","terminal":"succeeded","cut":"anchor","hold":false,"stage":"restart-converged","elapsedMs":157}
原 Task/receipt/版本保持，来源收敛，重复恢复通过
✔ 真实 succeeded / Hold=false / bundle 故障恢复与独立进程重启 (1556.211208ms)
ℹ {"phase":"create","terminal":"succeeded","cut":"bundle","hold":false,"stage":"host-start","elapsedMs":0}
{"phase":"create","terminal":"succeeded","cut":"bundle","hold":false,"stage":"host-ready","elapsedMs":41}
{"phase":"create","terminal":"succeeded","cut":"bundle","hold":false,"stage":"input-ready","elapsedMs":46}
{"phase":"create","terminal":"succeeded","cut":"bundle","hold":false,"stage":"import-finished","elapsedMs":300}
{"phase":"create","terminal":"succeeded","cut":"bundle","hold":false,"stage":"export-finished","elapsedMs":697}
{"phase":"create","terminal":"succeeded","cut":"bundle","hold":false,"stage":"terminal-evidence-saved","elapsedMs":698}
{"phase":"create","terminal":"succeeded","cut":"bundle","hold":false,"stage":"anchor-prepared","elapsedMs":709}
{"phase":"create","terminal":"succeeded","cut":"bundle","hold":false,"stage":"control-bundle-written","elapsedMs":711}
ℹ {"phase":"recover","terminal":"succeeded","cut":"bundle","hold":false,"stage":"host-start","elapsedMs":0}
{"phase":"recover","terminal":"succeeded","cut":"bundle","hold":false,"stage":"host-ready","elapsedMs":293}
{"phase":"recover","terminal":"succeeded","cut":"bundle","hold":false,"stage":"restart-converged","elapsedMs":295}
原 Task/receipt/版本保持，来源收敛，重复恢复通过
✔ 真实 succeeded / Hold=true / retry 故障恢复与独立进程重启 (1806.561459ms)
ℹ {"phase":"create","terminal":"succeeded","cut":"retry","hold":true,"stage":"host-start","elapsedMs":0}
{"phase":"create","terminal":"succeeded","cut":"retry","hold":true,"stage":"host-ready","elapsedMs":73}
{"phase":"create","terminal":"succeeded","cut":"retry","hold":true,"stage":"input-ready","elapsedMs":84}
{"phase":"create","terminal":"succeeded","cut":"retry","hold":true,"stage":"import-finished","elapsedMs":523}
{"phase":"create","terminal":"succeeded","cut":"retry","hold":true,"stage":"export-finished","elapsedMs":1001}
{"phase":"create","terminal":"succeeded","cut":"retry","hold":true,"stage":"terminal-evidence-saved","elapsedMs":1001}
{"phase":"create","terminal":"succeeded","cut":"retry","hold":true,"stage":"hold-created","elapsedMs":1023}
{"phase":"create","terminal":"succeeded","cut":"retry","hold":true,"stage":"anchor-prepared","elapsedMs":1030}
{"phase":"create","terminal":"succeeded","cut":"retry","hold":true,"stage":"anchor-prepared","elapsedMs":1063}
{"phase":"create","terminal":"succeeded","cut":"retry","hold":true,"stage":"unavailable-observed","elapsedMs":1070}
{"phase":"create","terminal":"succeeded","cut":"retry","hold":true,"stage":"recovery-converged","elapsedMs":1194}
ℹ {"phase":"recover","terminal":"succeeded","cut":"retry","hold":true,"stage":"host-start","elapsedMs":0}
{"phase":"recover","terminal":"succeeded","cut":"retry","hold":true,"stage":"host-ready","elapsedMs":36}
{"phase":"recover","terminal":"succeeded","cut":"retry","hold":true,"stage":"restart-converged","elapsedMs":39}
原 Task/receipt/版本保持，来源收敛，重复恢复通过
✔ 真实 succeeded / Hold=true / anchor 故障恢复与独立进程重启 (1737.173542ms)
ℹ {"phase":"create","terminal":"succeeded","cut":"anchor","hold":true,"stage":"host-start","elapsedMs":0}
{"phase":"create","terminal":"succeeded","cut":"anchor","hold":true,"stage":"host-ready","elapsedMs":64}
{"phase":"create","terminal":"succeeded","cut":"anchor","hold":true,"stage":"input-ready","elapsedMs":72}
{"phase":"create","terminal":"succeeded","cut":"anchor","hold":true,"stage":"import-finished","elapsedMs":483}
{"phase":"create","terminal":"succeeded","cut":"anchor","hold":true,"stage":"export-finished","elapsedMs":956}
{"phase":"create","terminal":"succeeded","cut":"anchor","hold":true,"stage":"terminal-evidence-saved","elapsedMs":956}
{"phase":"create","terminal":"succeeded","cut":"anchor","hold":true,"stage":"hold-created","elapsedMs":978}
{"phase":"create","terminal":"succeeded","cut":"anchor","hold":true,"stage":"anchor-prepared","elapsedMs":986}
ℹ {"phase":"recover","terminal":"succeeded","cut":"anchor","hold":true,"stage":"host-start","elapsedMs":0}
{"phase":"recover","terminal":"succeeded","cut":"anchor","hold":true,"stage":"host-ready","elapsedMs":191}
{"phase":"recover","terminal":"succeeded","cut":"anchor","hold":true,"stage":"restart-converged","elapsedMs":193}
原 Task/receipt/版本保持，来源收敛，重复恢复通过
✔ 真实 succeeded / Hold=true / bundle 故障恢复与独立进程重启 (1781.957792ms)
ℹ {"phase":"create","terminal":"succeeded","cut":"bundle","hold":true,"stage":"host-start","elapsedMs":0}
{"phase":"create","terminal":"succeeded","cut":"bundle","hold":true,"stage":"host-ready","elapsedMs":67}
{"phase":"create","terminal":"succeeded","cut":"bundle","hold":true,"stage":"input-ready","elapsedMs":76}
{"phase":"create","terminal":"succeeded","cut":"bundle","hold":true,"stage":"import-finished","elapsedMs":555}
{"phase":"create","terminal":"succeeded","cut":"bundle","hold":true,"stage":"export-finished","elapsedMs":1015}
{"phase":"create","terminal":"succeeded","cut":"bundle","hold":true,"stage":"terminal-evidence-saved","elapsedMs":1016}
{"phase":"create","terminal":"succeeded","cut":"bundle","hold":true,"stage":"hold-created","elapsedMs":1037}
{"phase":"create","terminal":"succeeded","cut":"bundle","hold":true,"stage":"anchor-prepared","elapsedMs":1044}
{"phase":"create","terminal":"succeeded","cut":"bundle","hold":true,"stage":"control-bundle-written","elapsedMs":1045}
ℹ {"phase":"recover","terminal":"succeeded","cut":"bundle","hold":true,"stage":"host-start","elapsedMs":1}
{"phase":"recover","terminal":"succeeded","cut":"bundle","hold":true,"stage":"host-ready","elapsedMs":182}
{"phase":"recover","terminal":"succeeded","cut":"bundle","hold":true,"stage":"restart-converged","elapsedMs":184}
原 Task/receipt/版本保持，来源收敛，重复恢复通过
✔ 六类真实固定输入的 expected→writer→独立 actual：完整列、说明及分页 (1089.852666ms)
✔ 零差异只保留一张 19 列表头页；损坏明确 schema 在写出前拒绝 (1029.297292ms)
✔ 差异文件不附说明页，19 列异常摘要指向完整原表，封存说明不被修改 (759.3675ms)
✔ 六类分别注入首尾列、列外空格、缺行、缺账号、空变零、去前导零、金额反号、表头、页和说明损坏均拒绝 (1720.257334ms)
✔ 空值、空文本、数字零、文本零、布尔、公式样式文本和控制字符各自无损；高精度与说明分片可还原 (11.8505ms)
✔ expected 摘要在千行边界可观察取消，不继续进入 writer (25.578333ms)
✔ actual 拒绝伪造 worksheet 关系类型，不能只看关系后缀 (1010.098584ms)
✔ 命名使用固定版本与跨年区间；极大版本和最后分页缩写后仍不超过 31 单元 (0.148375ms)
✔ Main 独立拒绝 cancelled 文档，即使运行器交付 completed 且没有操作级 signal (405.842792ms)
✔ Main afterWorker 取消以实际目录提交为边界，原 heads/receipt 保持可解释 (832.374ms)
✔ Main manifest 取消以实际目录提交为边界，原 heads/receipt 保持可解释 (656.061125ms)
✔ Main afterCommit 取消以实际目录提交为边界，原 heads/receipt 保持可解释 (524.818ms)
✔ 真实平台混批 A+B → 逆序复用 → A+B′，重复原件只读一份，坏批不替换旧 heads (1517.455791ms)
✔ 真实原生 worker 取消可达，先观察关闭再收口，取消不发布任何版本 (3486.060291ms)
ℹ cancel elapsed including Archive: 419ms; observed rows: 23
✔ 三个动态账期已封存后真实 Main 退出：同 Task 恢复报告并回收全部未发布候选 (805.971708ms)
✔ worker 关闭后候选文件改变，Main 元数据交接拒绝且不发布 (415.231333ms)
✔ 真实 failed / Hold=false / retry 故障恢复与独立进程重启 (1233.28925ms)
ℹ {"phase":"create","terminal":"failed","cut":"retry","hold":false,"stage":"host-start","elapsedMs":0}
{"phase":"create","terminal":"failed","cut":"retry","hold":false,"stage":"host-ready","elapsedMs":42}
{"phase":"create","terminal":"failed","cut":"retry","hold":false,"stage":"input-ready","elapsedMs":52}
{"phase":"create","terminal":"failed","cut":"retry","hold":false,"stage":"import-finished","elapsedMs":366}
{"phase":"create","terminal":"failed","cut":"retry","hold":false,"stage":"terminal-evidence-saved","elapsedMs":367}
{"phase":"create","terminal":"failed","cut":"retry","hold":false,"stage":"anchor-prepared","elapsedMs":401}
{"phase":"create","terminal":"failed","cut":"retry","hold":false,"stage":"anchor-prepared","elapsedMs":460}
{"phase":"create","terminal":"failed","cut":"retry","hold":false,"stage":"unavailable-observed","elapsedMs":467}
{"phase":"create","terminal":"failed","cut":"retry","hold":false,"stage":"recovery-converged","elapsedMs":629}
ℹ {"phase":"recover","terminal":"failed","cut":"retry","hold":false,"stage":"host-start","elapsedMs":0}
{"phase":"recover","terminal":"failed","cut":"retry","hold":false,"stage":"host-ready","elapsedMs":32}
{"phase":"recover","terminal":"failed","cut":"retry","hold":false,"stage":"restart-converged","elapsedMs":34}
原 Task/receipt/版本保持，来源收敛，重复恢复通过
✔ 真实 failed / Hold=false / anchor 故障恢复与独立进程重启 (1037.889584ms)
ℹ {"phase":"create","terminal":"failed","cut":"anchor","hold":false,"stage":"host-start","elapsedMs":0}
{"phase":"create","terminal":"failed","cut":"anchor","hold":false,"stage":"host-ready","elapsedMs":45}
{"phase":"create","terminal":"failed","cut":"anchor","hold":false,"stage":"input-ready","elapsedMs":55}
{"phase":"create","terminal":"failed","cut":"anchor","hold":false,"stage":"import-finished","elapsedMs":302}
{"phase":"create","terminal":"failed","cut":"anchor","hold":false,"stage":"terminal-evidence-saved","elapsedMs":302}
{"phase":"create","terminal":"failed","cut":"anchor","hold":false,"stage":"anchor-prepared","elapsedMs":318}
ℹ {"phase":"recover","terminal":"failed","cut":"anchor","hold":false,"stage":"host-start","elapsedMs":0}
{"phase":"recover","terminal":"failed","cut":"anchor","hold":false,"stage":"host-ready","elapsedMs":167}
{"phase":"recover","terminal":"failed","cut":"anchor","hold":false,"stage":"restart-converged","elapsedMs":168}
原 Task/receipt/版本保持，来源收敛，重复恢复通过
✔ 真实 failed / Hold=false / bundle 故障恢复与独立进程重启 (1154.442458ms)
ℹ {"phase":"create","terminal":"failed","cut":"bundle","hold":false,"stage":"host-start","elapsedMs":0}
{"phase":"create","terminal":"failed","cut":"bundle","hold":false,"stage":"host-ready","elapsedMs":42}
{"phase":"create","terminal":"failed","cut":"bundle","hold":false,"stage":"input-ready","elapsedMs":52}
{"phase":"create","terminal":"failed","cut":"bundle","hold":false,"stage":"import-finished","elapsedMs":390}
{"phase":"create","terminal":"failed","cut":"bundle","hold":false,"stage":"terminal-evidence-saved","elapsedMs":390}
{"phase":"create","terminal":"failed","cut":"bundle","hold":false,"stage":"anchor-prepared","elapsedMs":398}
{"phase":"create","terminal":"failed","cut":"bundle","hold":false,"stage":"control-bundle-written","elapsedMs":402}
ℹ {"phase":"recover","terminal":"failed","cut":"bundle","hold":false,"stage":"host-start","elapsedMs":0}
{"phase":"recover","terminal":"failed","cut":"bundle","hold":false,"stage":"host-ready","elapsedMs":197}
{"phase":"recover","terminal":"failed","cut":"bundle","hold":false,"stage":"restart-converged","elapsedMs":198}
原 Task/receipt/版本保持，来源收敛，重复恢复通过
✔ 真实 failed / Hold=true / retry 故障恢复与独立进程重启 (1011.767166ms)
ℹ {"phase":"create","terminal":"failed","cut":"retry","hold":true,"stage":"host-start","elapsedMs":0}
{"phase":"create","terminal":"failed","cut":"retry","hold":true,"stage":"host-ready","elapsedMs":42}
{"phase":"create","terminal":"failed","cut":"retry","hold":true,"stage":"input-ready","elapsedMs":50}
{"phase":"create","terminal":"failed","cut":"retry","hold":true,"stage":"import-finished","elapsedMs":291}
{"phase":"create","terminal":"failed","cut":"retry","hold":true,"stage":"terminal-evidence-saved","elapsedMs":292}
{"phase":"create","terminal":"failed","cut":"retry","hold":true,"stage":"hold-created","elapsedMs":310}
{"phase":"create","terminal":"failed","cut":"retry","hold":true,"stage":"anchor-prepared","elapsedMs":315}
{"phase":"create","terminal":"failed","cut":"retry","hold":true,"stage":"anchor-prepared","elapsedMs":321}
{"phase":"create","terminal":"failed","cut":"retry","hold":true,"stage":"unavailable-observed","elapsedMs":322}
{"phase":"create","terminal":"failed","cut":"retry","hold":true,"stage":"recovery-converged","elapsedMs":401}
ℹ {"phase":"recover","terminal":"failed","cut":"retry","hold":true,"stage":"host-start","elapsedMs":0}
{"phase":"recover","terminal":"failed","cut":"retry","hold":true,"stage":"host-ready","elapsedMs":33}
{"phase":"recover","terminal":"failed","cut":"retry","hold":true,"stage":"restart-converged","elapsedMs":34}
原 Task/receipt/版本保持，来源收敛，重复恢复通过
✔ 真实 failed / Hold=true / anchor 故障恢复与独立进程重启 (1020.584542ms)
ℹ {"phase":"create","terminal":"failed","cut":"anchor","hold":true,"stage":"host-start","elapsedMs":0}
{"phase":"create","terminal":"failed","cut":"anchor","hold":true,"stage":"host-ready","elapsedMs":47}
{"phase":"create","terminal":"failed","cut":"anchor","hold":true,"stage":"input-ready","elapsedMs":57}
{"phase":"create","terminal":"failed","cut":"anchor","hold":true,"stage":"import-finished","elapsedMs":295}
{"phase":"create","terminal":"failed","cut":"anchor","hold":true,"stage":"terminal-evidence-saved","elapsedMs":295}
{"phase":"create","terminal":"failed","cut":"anchor","hold":true,"stage":"hold-created","elapsedMs":314}
{"phase":"create","terminal":"failed","cut":"anchor","hold":true,"stage":"anchor-prepared","elapsedMs":320}
ℹ {"phase":"recover","terminal":"failed","cut":"anchor","hold":true,"stage":"host-start","elapsedMs":0}
{"phase":"recover","terminal":"failed","cut":"anchor","hold":true,"stage":"host-ready","elapsedMs":128}
{"phase":"recover","terminal":"failed","cut":"anchor","hold":true,"stage":"restart-converged","elapsedMs":130}
原 Task/receipt/版本保持，来源收敛，重复恢复通过
✔ 真实 failed / Hold=true / bundle 故障恢复与独立进程重启 (1020.581625ms)
ℹ {"phase":"create","terminal":"failed","cut":"bundle","hold":true,"stage":"host-start","elapsedMs":0}
{"phase":"create","terminal":"failed","cut":"bundle","hold":true,"stage":"host-ready","elapsedMs":43}
{"phase":"create","terminal":"failed","cut":"bundle","hold":true,"stage":"input-ready","elapsedMs":49}
{"phase":"create","terminal":"failed","cut":"bundle","hold":true,"stage":"import-finished","elapsedMs":297}
{"phase":"create","terminal":"failed","cut":"bundle","hold":true,"stage":"terminal-evidence-saved","elapsedMs":297}
{"phase":"create","terminal":"failed","cut":"bundle","hold":true,"stage":"hold-created","elapsedMs":315}
{"phase":"create","terminal":"failed","cut":"bundle","hold":true,"stage":"anchor-prepared","elapsedMs":320}
{"phase":"create","terminal":"failed","cut":"bundle","hold":true,"stage":"control-bundle-written","elapsedMs":320}
ℹ {"phase":"recover","terminal":"failed","cut":"bundle","hold":true,"stage":"host-start","elapsedMs":0}
{"phase":"recover","terminal":"failed","cut":"bundle","hold":true,"stage":"host-ready","elapsedMs":132}
{"phase":"recover","terminal":"failed","cut":"bundle","hold":true,"stage":"restart-converged","elapsedMs":134}
原 Task/receipt/版本保持，来源收敛，重复恢复通过
✔ 真实 cancelled / Hold=false / retry 故障恢复与独立进程重启 (1072.419666ms)
ℹ {"phase":"create","terminal":"cancelled","cut":"retry","hold":false,"stage":"host-start","elapsedMs":0}
{"phase":"create","terminal":"cancelled","cut":"retry","hold":false,"stage":"host-ready","elapsedMs":60}
{"phase":"create","terminal":"cancelled","cut":"retry","hold":false,"stage":"input-ready","elapsedMs":67}
{"phase":"create","terminal":"cancelled","cut":"retry","hold":false,"stage":"import-finished","elapsedMs":400}
{"phase":"create","terminal":"cancelled","cut":"retry","hold":false,"stage":"terminal-evidence-saved","elapsedMs":401}
{"phase":"create","terminal":"cancelled","cut":"retry","hold":false,"stage":"anchor-prepared","elapsedMs":409}
{"phase":"create","terminal":"cancelled","cut":"retry","hold":false,"stage":"anchor-prepared","elapsedMs":418}
{"phase":"create","terminal":"cancelled","cut":"retry","hold":false,"stage":"unavailable-observed","elapsedMs":419}
{"phase":"create","terminal":"cancelled","cut":"retry","hold":false,"stage":"recovery-converged","elapsedMs":477}
ℹ {"phase":"recover","terminal":"cancelled","cut":"retry","hold":false,"stage":"host-start","elapsedMs":0}
{"phase":"recover","terminal":"cancelled","cut":"retry","hold":false,"stage":"host-ready","elapsedMs":34}
{"phase":"recover","terminal":"cancelled","cut":"retry","hold":false,"stage":"restart-converged","elapsedMs":35}
原 Task/receipt/版本保持，来源收敛，重复恢复通过
✔ 真实 cancelled / Hold=false / anchor 故障恢复与独立进程重启 (1194.376ms)
ℹ {"phase":"create","terminal":"cancelled","cut":"anchor","hold":false,"stage":"host-start","elapsedMs":0}
{"phase":"create","terminal":"cancelled","cut":"anchor","hold":false,"stage":"host-ready","elapsedMs":66}
{"phase":"create","terminal":"cancelled","cut":"anchor","hold":false,"stage":"input-ready","elapsedMs":73}
{"phase":"create","terminal":"cancelled","cut":"anchor","hold":false,"stage":"import-finished","elapsedMs":459}
{"phase":"create","terminal":"cancelled","cut":"anchor","hold":false,"stage":"terminal-evidence-saved","elapsedMs":462}
{"phase":"create","terminal":"cancelled","cut":"anchor","hold":false,"stage":"anchor-prepared","elapsedMs":504}
ℹ {"phase":"recover","terminal":"cancelled","cut":"anchor","hold":false,"stage":"host-start","elapsedMs":0}
{"phase":"recover","terminal":"cancelled","cut":"anchor","hold":false,"stage":"host-ready","elapsedMs":126}
{"phase":"recover","terminal":"cancelled","cut":"anchor","hold":false,"stage":"restart-converged","elapsedMs":127}
原 Task/receipt/版本保持，来源收敛，重复恢复通过
✔ 真实 cancelled / Hold=false / bundle 故障恢复与独立进程重启 (995.974167ms)
ℹ {"phase":"create","terminal":"cancelled","cut":"bundle","hold":false,"stage":"host-start","elapsedMs":0}
{"phase":"create","terminal":"cancelled","cut":"bundle","hold":false,"stage":"host-ready","elapsedMs":46}
{"phase":"create","terminal":"cancelled","cut":"bundle","hold":false,"stage":"input-ready","elapsedMs":56}
{"phase":"create","terminal":"cancelled","cut":"bundle","hold":false,"stage":"import-finished","elapsedMs":315}
{"phase":"create","terminal":"cancelled","cut":"bundle","hold":false,"stage":"terminal-evidence-saved","elapsedMs":315}
{"phase":"create","terminal":"cancelled","cut":"bundle","hold":false,"stage":"anchor-prepared","elapsedMs":323}
{"phase":"create","terminal":"cancelled","cut":"bundle","hold":false,"stage":"control-bundle-written","elapsedMs":325}
ℹ {"phase":"recover","terminal":"cancelled","cut":"bundle","hold":false,"stage":"host-start","elapsedMs":0}
{"phase":"recover","terminal":"cancelled","cut":"bundle","hold":false,"stage":"host-ready","elapsedMs":105}
{"phase":"recover","terminal":"cancelled","cut":"bundle","hold":false,"stage":"restart-converged","elapsedMs":107}
原 Task/receipt/版本保持，来源收敛，重复恢复通过
✔ 真实 cancelled / Hold=true / retry 故障恢复与独立进程重启 (1244.816833ms)
ℹ {"phase":"create","terminal":"cancelled","cut":"retry","hold":true,"stage":"host-start","elapsedMs":0}
{"phase":"create","terminal":"cancelled","cut":"retry","hold":true,"stage":"host-ready","elapsedMs":45}
{"phase":"create","terminal":"cancelled","cut":"retry","hold":true,"stage":"input-ready","elapsedMs":56}
{"phase":"create","terminal":"cancelled","cut":"retry","hold":true,"stage":"import-finished","elapsedMs":336}
{"phase":"create","terminal":"cancelled","cut":"retry","hold":true,"stage":"terminal-evidence-saved","elapsedMs":337}
{"phase":"create","terminal":"cancelled","cut":"retry","hold":true,"stage":"hold-created","elapsedMs":426}
{"phase":"create","terminal":"cancelled","cut":"retry","hold":true,"stage":"anchor-prepared","elapsedMs":431}
{"phase":"create","terminal":"cancelled","cut":"retry","hold":true,"stage":"anchor-prepared","elapsedMs":476}
{"phase":"create","terminal":"cancelled","cut":"retry","hold":true,"stage":"unavailable-observed","elapsedMs":483}
{"phase":"create","terminal":"cancelled","cut":"retry","hold":true,"stage":"recovery-converged","elapsedMs":642}
ℹ {"phase":"recover","terminal":"cancelled","cut":"retry","hold":true,"stage":"host-start","elapsedMs":0}
{"phase":"recover","terminal":"cancelled","cut":"retry","hold":true,"stage":"host-ready","elapsedMs":36}
{"phase":"recover","terminal":"cancelled","cut":"retry","hold":true,"stage":"restart-converged","elapsedMs":38}
原 Task/receipt/版本保持，来源收敛，重复恢复通过
✔ 真实 cancelled / Hold=true / anchor 故障恢复与独立进程重启 (1206.625709ms)
ℹ {"phase":"create","terminal":"cancelled","cut":"anchor","hold":true,"stage":"host-start","elapsedMs":0}
{"phase":"create","terminal":"cancelled","cut":"anchor","hold":true,"stage":"host-ready","elapsedMs":45}
{"phase":"create","terminal":"cancelled","cut":"anchor","hold":true,"stage":"input-ready","elapsedMs":55}
{"phase":"create","terminal":"cancelled","cut":"anchor","hold":true,"stage":"import-finished","elapsedMs":338}
{"phase":"create","terminal":"cancelled","cut":"anchor","hold":true,"stage":"terminal-evidence-saved","elapsedMs":339}
{"phase":"create","terminal":"cancelled","cut":"anchor","hold":true,"stage":"hold-created","elapsedMs":381}
{"phase":"create","terminal":"cancelled","cut":"anchor","hold":true,"stage":"anchor-prepared","elapsedMs":402}
ℹ {"phase":"recover","terminal":"cancelled","cut":"anchor","hold":true,"stage":"host-start","elapsedMs":0}
{"phase":"recover","terminal":"cancelled","cut":"anchor","hold":true,"stage":"host-ready","elapsedMs":226}
{"phase":"recover","terminal":"cancelled","cut":"anchor","hold":true,"stage":"restart-converged","elapsedMs":228}
原 Task/receipt/版本保持，来源收敛，重复恢复通过
✔ 真实 cancelled / Hold=true / bundle 故障恢复与独立进程重启 (1249.302875ms)
ℹ {"phase":"create","terminal":"cancelled","cut":"bundle","hold":true,"stage":"host-start","elapsedMs":0}
{"phase":"create","terminal":"cancelled","cut":"bundle","hold":true,"stage":"host-ready","elapsedMs":44}
{"phase":"create","terminal":"cancelled","cut":"bundle","hold":true,"stage":"input-ready","elapsedMs":55}
{"phase":"create","terminal":"cancelled","cut":"bundle","hold":true,"stage":"import-finished","elapsedMs":469}
{"phase":"create","terminal":"cancelled","cut":"bundle","hold":true,"stage":"terminal-evidence-saved","elapsedMs":472}
{"phase":"create","terminal":"cancelled","cut":"bundle","hold":true,"stage":"hold-created","elapsedMs":506}
{"phase":"create","terminal":"cancelled","cut":"bundle","hold":true,"stage":"anchor-prepared","elapsedMs":511}
{"phase":"create","terminal":"cancelled","cut":"bundle","hold":true,"stage":"control-bundle-written","elapsedMs":511}
ℹ {"phase":"recover","terminal":"cancelled","cut":"bundle","hold":true,"stage":"host-start","elapsedMs":0}
{"phase":"recover","terminal":"cancelled","cut":"bundle","hold":true,"stage":"host-ready","elapsedMs":159}
{"phase":"recover","terminal":"cancelled","cut":"bundle","hold":true,"stage":"restart-converged","elapsedMs":161}
原 Task/receipt/版本保持，来源收敛，重复恢复通过
✔ 最后 DATASET 封存/清理期间取消，最终文档独立标记拒绝并保留诊断 (87.992666ms)
✔ 最后 DIAGNOSTIC 封存/清理期间取消，最终文档独立标记拒绝并保留诊断 (75.024709ms)
✔ 最后 CLEANUP 封存/清理期间取消，最终文档独立标记拒绝并保留诊断 (76.47225ms)
✔ 真实富类型 reader → adapter → 单连接 router → 公共 writer 处理 8205 行及 OP/FLOW 混批 (1886.870459ms)
✔ 隐藏第二页在坏 SST 之前拒绝，reader 关闭真实 ZIP (6.129375ms)
✔ 后文件第 28 列公式整批拒绝；5 个坏行仅采 2 个仍完整计数 (101.776333ms)
✔ 发现坏行后 XML 损坏标为至少 N，不把样本未截断当完整总数 (36.699125ms)
✔ OP 23 列尾部错误与文件内多 BU/多日期拒绝；等于 0.01 的边界精确通过 (45.283292ms)
✔ E01 数值身份与 E02 日期系统不使用本机时区或丢失前导零 (0.522917ms)
✔ 真实 XLSX 日期序号须具备日期格式，1900/1904 与八位日期文本均按批准 E02 解析 (108.73675ms)
✔ SST 中文/emoji 字节与条目双限、超大单条不缓存、命中不重复收费，旧默认保持 (2.8905ms)
✔ 交错日期切换真实关闭连接，跨 16 个小分片保持原始行定位和金额词元 (230.78925ms)
✔ SST 双限模式随机读取和索引截断拒绝，关闭错误保留文件且重复 close 不伪报成功 (3.906875ms)
✔ 候选 COMMIT 反馈丢失保留原始不确定错误，关闭不再用状态错误覆盖它 (63.808333ms)
✔ 真实 IPC 导入、预检、运行、全量发布和 KEEP_RESULTS 删除，均走 TaskLifecycle 且不回传路径或数据行 (1669.683792ms)
✔ IPC 拒绝任意路径、非主窗口/子 frame、错 action 选择与 requestId 换参；缺失清单完整且不创建 Task (1327.279ms)
✔ 月份和 keyset 分页只查询目录，旧游标和变更后的运行预检不接受，注册频道都有明确 Task 分类 (1352.321083ms)
✔ 运行月历只列当前 OP 日期，默认最近导入账期并支持跨月和删除后刷新，读取不创建 Task (1331.213166ms)
✔ IPC 六类固定 action 与诊断导出均可发布，失败导入有真实可导出的错误报告 (5084.609667ms)
✔ 实际 worker 已退出后通过 IPC 取消导入，原业务版本不提交；重复确认和关闭未决状态可观察 (937.870958ms)
✔ 401 条合成目录按 200/200/1 完整分页；没有 payload 的元数据 fixture 不触发文件读取 (779.525083ms)
✔ 当前平台内存公式得到零预算，真实共享恢复入口立即拒绝且不开始 I/O (1.587208ms)
✔ 非零但不足的固定预算和槽位不足都不能排入永远无法满足的队列 (0.66175ms)
✔ 已有队列时永久不足仍立即拒绝，不改变原队列或资源持有者 (0.994667ms)
✔ 暂时竞争在 5 秒内释放后继续；拿到 lease 后不因等待期限到达而提前释放 (2.107041ms)
✔ 排队满 5 秒后明确失败并移除；后来释放容量不会迟到执行或泄露 lease (0.554791ms)
✔ 取消和 shutdown 保留原错误，零预算不掩盖已关闭或已取消的请求 (0.489166ms)
✔ 真实未发布导出在零预算恢复时保留任务和 pin，资源足够后原任务可收口 (1765.504542ms)
✔ 真实已发布导出在零预算归档时保留提交证明，重试完成原任务且不重复发布 (1574.972375ms)
✔ 真实 Publisher 排队期间取消立即退出，不等资源释放且保留原目标 (1651.13375ms)
✔ 真实 RAW 来源准入排队期间取消，不读取原件、不创建发布记录且任务记为取消 (690.3665ms)
▶ ACTIVE 重启接受合法证据更新，原授权、收据、阶段和新数据保持原样
  ✔ 以原人工授权完成激活 (582.14975ms)
  ✔ 更新证据引用 (20.67975ms)
  ✔ 以实际 PASS 替换授权 (17.790417ms)
  ✔ 当前授权被撤销仍拒绝启动且不改历史证据 (15.635666ms)
  ✔ 篡改冻结授权摘要或移除收据仍拒绝放行 (22.57475ms)
✔ ACTIVE 重启接受合法证据更新，原授权、收据、阶段和新数据保持原样 (663.309042ms)
▶ 未完成升级在证据更新后继续原 Task，最终阶段仍引用首次授权
  ✔ 冻结首次授权并停在 MIGRATING (241.217417ms)
  ✔ 实际 PASS 到达后恢复原任务 (596.594792ms)
✔ 未完成升级在证据更新后继续原 Task，最终阶段仍引用首次授权 (841.413541ms)
✔ 启动预算小于 1 GiB 时明确拒绝，Task、迁移 intent 和旧数据均保持原状 (84.222375ms)
✔ 已有不能满足的排队请求时，启动预检及时拒绝且只撤掉自己的排队申请 (59.061542ms)
✔ 预算足够时完成真实升级并释放预检 lease，ACTIVE 重用不重复清理 (591.102583ms)
▶ MIGRATING 重启恢复也检查低预算，保留原 intent 后可用同一 Task 继续完成
  ✔ 按真实升级阶段保存后关闭首个 Host (248.787042ms)
  ✔ 低内存重开原 Host，恢复准入失败不推进或重建 Task (72.365292ms)
  ✔ 再次以足够预算重开，原 Task 与 intent 完整收敛 (525.968209ms)
✔ MIGRATING 重启恢复也检查低预算，保留原 intent 后可用同一 Task 继续完成 (850.48925ms)
▶ LEGACY_DB_CLEARED 重启恢复也检查低预算，保留原 intent 后可用同一 Task 继续完成
  ✔ 按真实升级阶段保存后关闭首个 Host (413.092917ms)
  ✔ 低内存重开原 Host，恢复准入失败不推进或重建 Task (62.531333ms)
  ✔ 再次以足够预算重开，原 Task 与 intent 完整收敛 (246.138125ms)
✔ LEGACY_DB_CLEARED 重启恢复也检查低预算，保留原 intent 后可用同一 Task 继续完成 (724.421583ms)
✔ 显式禁用或缺少任一总门禁、单个 action 证据均不创建 Task、不清旧、不放行生产 dispatch (59.346167ms)
✔ 真实 worker 关闭后只清限定旧表和文件，分阶段收据、原 Task 与最终 ACTIVE 同步，重复不清新数据 (670.416791ms)
▶ 未知旧文件、符号链接和非白名单表都阻断预检，保留原 running Task 和主库数据
  ✔ unknown-file (93.656792ms)
  ✔ symlink (52.816042ms)
  ✔ foreign-table (166.016417ms)
✔ 未知旧文件、符号链接和非白名单表都阻断预检，保留原 running Task 和主库数据 (312.864417ms)
✔ 未知旧 Task 不由 generic interrupted sweep 代为终结，整个 Task/batch 保护完整 (171.21825ms)
▶ 已有 FK 或同名改写 trigger 不能借清旧级联到其他模块
  ✔ foreign-key (30.825042ms)
  ✔ trigger (30.997ms)
✔ 已有 FK 或同名改写 trigger 不能借清旧级联到其他模块 (62.091833ms)
✔ 清主库后文件替换不能沿旧清单删除；原 task/阶段/收据继续保持未决 (401.811125ms)
✔ 旧二进制的 TaskLifecycle 和原六表写路径被持久约束阻断，旧新版入口不会再创建月库 (527.346625ms)
✔ 真实进程退出 MIGRATING，重启恢复原 Task/intent，缺失已授权文件可幂等收口 (945.608084ms)
✔ 真实进程退出 WORKER_STARTED，重启恢复原 Task/intent，缺失已授权文件可幂等收口 (1145.467416ms)
✔ 真实进程退出 LEGACY_QUIESCED，重启恢复原 Task/intent，缺失已授权文件可幂等收口 (1076.775292ms)
✔ 真实进程退出 LEGACY_DB_CLEARED，重启恢复原 Task/intent，缺失已授权文件可幂等收口 (1233.436375ms)
✔ 真实进程退出 FILE_WORKER_CLOSED，重启恢复原 Task/intent，缺失已授权文件可幂等收口 (1277.935834ms)
✔ 真实进程退出 LEGACY_FILES_RECLAIMED，重启恢复原 Task/intent，缺失已授权文件可幂等收口 (1046.533791ms)
✔ 真实进程退出 ACTIVE，重启恢复原 Task/intent，缺失已授权文件可幂等收口 (1071.576917ms)
✔ 旧 run 的真实未 ACK 收据由原 provider 收口原 Task，再清业务镜像；存档 flow anchor 留存 (608.014666ms)
✔ 真实旧月末 copy intent 恢复后新增的下月侧库进入最终清单，原批次/用户锁/hold/blob 和外部原件全部保留 (691.719875ms)
✔ 激活后真实导入/计算/七类主出口中的全量出口/删除/重试均使用新目录，旧初始化与孤儿扫描拒绝进入 (2602.665541ms)
✔ 真实旧恢复连接关闭失败被吞后仍阻断，原连接稍后真正关闭才允许清旧 (754.284541ms)
✔ 完成 ACTIVE 后反馈抛错不把已提交任务写成 failed，恢复仍按原收据收敛 (677.670417ms)
▶ 启动条件、磁盘余量和目录耐久失败均发生在迁移 intent/Task 之前，不改变旧写模式
  ✔ startup (52.018209ms)
  ✔ disk (33.055708ms)
  ✔ directory (35.90625ms)
✔ 启动条件、磁盘余量和目录耐久失败均发生在迁移 intent/Task 之前，不改变旧写模式 (121.453167ms)
✔ 旧防写约束被替换或移除不能借 ACTIVE 标志开放新版业务，AppDatabase 初始化不会再调用旧 DDL (867.663542ms)
✔ 批准门禁后的策略仍通过现有平台 schema 与语义检查，不新增 commit 类型 (8.527542ms)
✔ win32 目录同步使用平台要求的句柄并关闭 (1.290333ms)
✔ darwin 目录同步使用平台要求的句柄并关闭 (0.074083ms)
✔ linux 目录同步使用平台要求的句柄并关闭 (0.046291ms)
✔ Windows open EPERM 保持失败保护并释放已有句柄 (0.096542ms)
✔ Windows open ENOTSUP 保持失败保护并释放已有句柄 (0.043833ms)
✔ Windows open EIO 保持失败保护并释放已有句柄 (0.178209ms)
✔ Windows sync EPERM 保持失败保护并释放已有句柄 (0.043166ms)
✔ Windows sync ENOTSUP 保持失败保护并释放已有句柄 (0.032917ms)
✔ Windows sync EIO 保持失败保护并释放已有句柄 (0.055833ms)
✔ 真实宿主中文目录原子落盘、候选封存与旧目录回收均成功，不跳过 Windows (51.848584ms)
✔ Inspector unavailable anchor 后真实进程退出，原 Task/批次/receipt 重启收敛 (678.600916ms)
✔ Inspector unavailable hold 后真实进程退出，原 Task/批次/receipt 重启收敛 (589.506125ms)
✔ 真实候选校验失败后的 unavailable Hold 可重试收尾，原失败和版本不变 (374.849958ms)
✔ 已有 unavailable Hold 和 interrupted Task 重试检查失败不重写终态，恢复可继续 (599.125083ms)
✔ 成功 receipt 与 failed Task 的冲突保留来源，旧 COMPLETE 缓存和重复恢复不能隐藏 (271.479667ms)
✔ 成功 receipt 与 cancelled Task 的冲突保留来源，旧 COMPLETE 缓存和重复恢复不能隐藏 (313.257833ms)
✔ 目录屏障不可用时首次及同名文件重试均拒绝，不建立业务提交收据 (33.7805ms)
✔ 主库增量建表默认禁用，真实 Task/Archive/worker 候选原件受保护并提交一个版本 (237.696417ms)
✔ Task 成功但批次失败的旧 COMPLETE 状态不能开放入口或改写原提交 (234.855458ms)
✔ 未提交链只经 Main 后处理和真实控制转换，原 Task 失败且终止收据幂等 (111.072375ms)
✔ 来源数量超限在首次平台扫描前退出，所有 Task 与记录继续保留 (64.458916ms)
✔ 32 个真实 Task 来源使用两次全量扫描及 3N 次 Inspector (1747.421417ms)
ℹ {"ready":true,"sourceCount":0,"activeHoldCount":0,"fullScans":2,"enumerations":2,"evaluations":160,"inspector":96,"provider":0,"main":32,"normalized":32,"stopReason":null,"elapsedMs":0,"completedSources":32,"blockedScopeCount":0,"reason":null,"archiveOwnerBackfill":{"processed":0,"completed":0,"deferred":0,"pageSize":64,"errorCode":null},"wallElapsedMs":1117,"observationAttempts":96,"legacySourceCount":0,"rssStart":246906880,"rssEnd":249315328,"rssPeak":249315328}
✔ 128 个真实 Task 来源使用两次全量扫描及 3N 次 Inspector (7444.471417ms)
ℹ {"ready":true,"sourceCount":0,"activeHoldCount":0,"fullScans":2,"enumerations":2,"evaluations":640,"inspector":384,"provider":0,"main":128,"normalized":128,"stopReason":null,"elapsedMs":0,"completedSources":128,"blockedScopeCount":0,"reason":null,"archiveOwnerBackfill":{"processed":0,"completed":0,"deferred":0,"pageSize":64,"errorCode":null},"wallElapsedMs":5137,"observationAttempts":384,"legacySourceCount":0,"rssStart":255787008,"rssEnd":239353856,"rssPeak":258473984}
✔ READY 完成钩子失败时真实文件归档不会留下无保护的 READY (92.563125ms)
✔ 未提交封存目录经真实维护 Task 回收，诊断目录独立保留 (92.016958ms)
✔ 真实终止失败时阻断后处理；晚到退出后原 Task/同 scope 来源收敛 (239.0695ms)
✔ 累计费用在拒绝后不会重置，截止时间只禁止启动下一步 (0.205958ms)
✔ 真实 Main 进程在提交后退出，重启恢复原 Task、原 receipt 和原版本 (640.607291ms)
✔ 保留历史结果删除输入：只释放 INPUT，RESULT 原件引用和结果 payload 独立保留 (891.010542ms)
✔ 关联删除必须完整预览；嵌套 SAVEPOINT 故障不留下新收据、任务、回收或少掉的 holds (1024.962125ms)
✔ 指纹复用不分配新公开版本，弃用候选由业务 receipt 授权回收 (466.893583ms)
✔ 失败报告的两个真实 reader 独立持 pin，producer 失败与 reader 已退出都不能越过发布义务 (279.261875ms)
✔ 启动预检与 Archive owner 延续同一累计预算，全量扫描总计两次 (85.190542ms)
✔ 跨过准入期限的在途平台调用仍持有 gate，不提前返回或启动另一 attempt (43.411458ms)
✔ 异步共享读取在真实等待期间阻止写入，义务未完成后关闭入口并保留恢复路径 (43.949292ms)
✔ 未接入升级权威时 UPGRADE 保持未决，不按普通无 receipt 操作自动失败 (44.884458ms)
✔ 回收中途到期保留授权和原维护 Task，下次 attempt 容忍已删除文件并完成 (100.638417ms)
✔ 显式禁用时所有业务 IPC 包含运行日历均被阻断，恢复重试接通同一 Main driver (73.228458ms)
✔ 真实 Archive controller 启动先调用模块恢复，通用 sweep 不改写未决无文件 Task (47.287458ms)
✔ 新模块绑定不能替另一个模块满足关闭观察的 Main 持久绑定 (33.430542ms)
✔ 收据优先仍核验 action 和 intent，不能把导入 Task 作为删除或运行重试 (192.694875ms)
✔ 4096 个真实目录任务完整枚举，4097 项在交付平台前拒绝且不返回截断数组 (1895.983833ms)
ℹ {"sourceCount":4096,"sourceBytes":2138879,"rssBytes":484950016,"evaluations":8193}
✔ 单来源与全量 decision 字节预算分别拒绝，后处理和文件清理均不执行 (87.793125ms)
✔ 最终完整扫描才出现的新任务继续阻断，不能递归发起第三次扫描 (33.444ms)
✔ Main 冻结本地时间、创建标准 ERRORS FilePlan，只返回相对路径且保持原业务失败 (12.446209ms)
✔ 同秒独立保存目标唯一；意外 UUID 冲突不覆盖旧报告 (7.54825ms)
✔ 非法根目录、父目录被文件占用和目录权限失败不会启动导出或泄露系统错误 (11.140792ms)
✔ 仅本任务封存诊断可导出：missing 被拒绝 (7.730375ms)
✔ 仅本任务封存诊断可导出：not-ready 被拒绝 (0.497167ms)
✔ 仅本任务封存诊断可导出：owner 被拒绝 (3.449791ms)
✔ 仅本任务封存诊断可导出：intent 被拒绝 (0.426958ms)
✔ 仅本任务封存诊断可导出：manifest-path 被拒绝 (0.442542ms)
✔ 仅本任务封存诊断可导出：manifest-version 被拒绝 (0.958083ms)
✔ 仅本任务封存诊断可导出：manifest-digest 被拒绝 (0.4505ms)
✔ 仅本任务封存诊断可导出：manifest-owner 被拒绝 (0.473167ms)
✔ 仅本任务封存诊断可导出：sample-summary 被拒绝 (0.352167ms)
✔ 仅本任务封存诊断可导出：truncated-flag 被拒绝 (0.425625ms)
✔ 仅本任务封存诊断可导出：producer 被拒绝 (0.377375ms)
✔ 仅本任务封存诊断可导出：open-carrier 被拒绝 (0.464958ms)
✔ 成功空诊断、取消与无真实身份不造空报告；失败零样本但扫描不完整仍导出说明 (3.801791ms)
✔ 完整、精确、未截断的内部空诊断不因 error 业务状态而导出 (0.641916ms)
✔ 完整、精确、未截断的内部空诊断不因 ok 业务状态而导出 (0.65375ms)
✔ 零样本仍保留真实诊断说明：truncated (2.734709ms)
✔ 零样本仍保留真实诊断说明：incomplete (1.383625ms)
✔ 零样本仍保留真实诊断说明：file-error (1.608334ms)
✔ 创建目录失败按白名单反馈 EACCES，不暴露系统错误或创建 Task (0.577167ms)
✔ 创建目录失败按白名单反馈 EPERM，不暴露系统错误或创建 Task (0.595583ms)
✔ 创建目录失败按白名单反馈 ENOSPC，不暴露系统错误或创建 Task (0.620291ms)
✔ 创建目录失败按白名单反馈 ENOTDIR，不暴露系统错误或创建 Task (0.773208ms)
✔ 创建目录失败按白名单反馈 EEXIST，不暴露系统错误或创建 Task (0.512666ms)
✔ 导出明确未发布时保留 ENOSPC 的受限原因 (1.674417ms)
✔ 导出明确未发布时保留 ARCHIVE_TARGET_CHANGED 的受限原因 (1.403584ms)
✔ 导出明确未发布时保留 TOOLBOX_PUBLICATION_DESTINATION_EXISTS 的受限原因 (2.73475ms)
✔ 导出明确未发布时保留 BIZOP_RESOURCE_BUDGET_INSUFFICIENT 的受限原因 (4.698ms)
✔ 导出明确未发布时保留 BIZOP_RESOURCE_WAIT_TIMEOUT 的受限原因 (9.480583ms)
✔ 导出明确未发布时保留 UNKNOWN_PRIVATE_ERROR 的受限原因 (10.532542ms)
✔ 导出返回 error DTO 时同样保留受限原因；发布事实优先于错误码 (6.863125ms)
✔ 首次恢复 explicit 未就绪时不读取或导出 (0.544ms)
✔ 首次恢复 admission 未就绪时不读取或导出 (0.406041ms)
✔ 发布前失败 before-task 保留业务失败且不假报 pending (1.203625ms)
✔ 发布前失败 before-publication 保留业务失败且不假报 pending (1.018ms)
✔ 发布前失败 not-committed 保留业务失败且不假报 pending (1.092833ms)
✔ 发布后异常且 Archive 未决仍报告 saved，恢复异常只保留 cleanupPending (1.510166ms)
✔ 发布待核验返回 pending；收尾恢复取得 COMMITTED 后以更明确事实返回 saved (2.801541ms)
✔ 提交证明不能代替目标完整性验证：deleted (1.80175ms)
✔ 提交证明不能代替目标完整性验证：changed (1.904958ms)
✔ 提交证明不能代替目标完整性验证：symlink (1.455791ms)
✔ 提交证明不能代替目标完整性验证：wrong-target (1.046666ms)
✔ 导入在原件收尾失败前交付真实 Task 与 report 身份，异常不制造替代任务 (0.909458ms)
✔ 导出 beforeStart 来源冻结失败前交付真实 Task 身份，无需 runtime.start (0.465084ms)
✔ 真实 IPC 在导入恢复门禁关闭时复用在途及完成缓存，新请求仍拒绝且不消耗选择 (10.608416ms)
✔ 报告保存和收尾期间共享原请求，业务失败与报告已保存分层返回 (7.355333ms)
✔ 缓存不能绕过 sender/frame/输入验证，新请求仍需模块启用 (1.075625ms)
✔ 缓存容量满时先查有效命中，只有新请求才淘汰；过期缓存不宣称永久重放 (4.175417ms)
✔ 导入抛错仍关联本请求身份，保存异常不会吞掉业务错误或提前结束登记 (1.492542ms)
✔ 成功/取消导入不启动报告保存，窗口销毁传递中止信号并等待在途收尾 (8.526792ms)
✔ 初始和重新进入 ACTIVE 页面无手动报告或任务取消节点，保留模式路由 (3.517125ms)
✔ 导入保持原位、busy 防重复与焦点恢复，失败及长报告路径一起显示并跨刷新保留 (2.97375ms)
✔ 报告 failed、pending、unavailable、归档未决不改变原业务失败且不展示未确认路径 (1.18025ms)
✔ 状态读取失败与导入连接错误同时展示，异常退出仍清 busy 并锁定未就绪入口 (0.670417ms)
✔ 成功任务后状态读取失败可见且不重复累积，状态恢复及新任务清除过期故障 (0.933875ms)
✔ 失败任务与已保存报告叠加状态读取故障，恢复状态且历史存档待检查时保留原业务错误和报告 (0.779125ms)
✔ 运行保留原 disabled、忙碌时阻止关闭弹窗，后端 cancelled 正常恢复且不提供中止入口 (2.335917ms)
✔ 文件选择、日期选择与普通另存为取消不提交后端任务，导出 busy 期间无任务取消入口 (3.139125ms)
✔ 取消选取、删除确认取消仍有效，删除执行时普通取消禁用并保留关闭保护 (2.768792ms)
✔ 输入与结果原表导出仍使用普通保存选择且没有任务取消占位 (1.988ms)
▶ boc-fx-link-builder — 工具函数
  ✔ normalizeTransactionNo 五形态 (0.459166ms)
  ✔ toCents 转分精确 + 千分位 + 非数值 (0.078417ms)
  ✔ extractLongestDigitRun 最长 / 并列取首 / 无数字 / 全角不计 (0.648042ms)
✔ boc-fx-link-builder — 工具函数 (1.692416ms)
▶ boc-fx-link-builder — scanFxGroups（物理行序分组）
  ✔ 单组：连续纯数字行成一组 (0.268334ms)
  ✔ 分隔行（非数字行）关组：合计行后开新组 (0.098208ms)
  ✔ 空行断档（rowNumbers 跳号）关组 (0.057084ms)
  ✔ 连续多个分隔不产空组号 (0.073167ms)
  ✔ 尾部合计行排除 (0.066292ms)
  ✔ 空表（仅标题表头）→ 0 组 0 行 (0.067667ms)
  ✔ 组号递增 + source_row 落内部辅助键 (0.528042ms)
✔ boc-fx-link-builder — scanFxGroups（物理行序分组） (1.301459ms)
▶ boc-fx-link-builder — matchBocToMidAllocation 2.2 单行剔除
  ✔ 2.2 精确命中清分组（到期日 + 货币2金额=收款金额 转分相等） (0.206166ms)
  ✔ 2.2 千分位金额匹配 (0.055166ms)
  ✔ 2.2 Excel 序列号日期匹配 (0.122709ms)
  ✔ 2.2 多候选行序优先取首 + 记 log (0.097458ms)
  ✔ 2.2 消耗后该中台行不进 2.3 (0.040875ms)
  ✔ 2.2 非 BOC 渠道中台行不参与 (0.049542ms)
✔ boc-fx-link-builder — matchBocToMidAllocation 2.2 单行剔除 (0.644417ms)
▶ boc-fx-link-builder — matchBocToMidAllocation 2.3 组汇总回填
  ✔ 2.3 组汇总命中回填组内所有行 + 一组一单消耗 (0.080041ms)
  ✔ 2.3 一组一单消耗：第二组无可用候选则留空 (0.066417ms)
  ✔ 2.3 组内到期日不一致 → warning + 取首行 (0.051167ms)
  ✔ 2.3 组内金额非数值 → 整组放弃 + warning (0.050458ms)
  ✔ 无中台数据 → 2.2/2.3 跳过、调拨单号留空（不抛错） (0.065042ms)
  ✔ 中台行日期/金额解析失败 → 剔候选 + warning（不抛错） (0.150291ms)
✔ boc-fx-link-builder — matchBocToMidAllocation 2.3 组汇总回填 (0.515709ms)
▶ boc-fx-link-builder — buildBocBankRows（availability 三态 + 四条件筛选）
  ✔ availability=no-boc-rows（候选 0 行） (0.114292ms)
  ✔ availability=missing-payment-detail（候选有行但全无 Payment Detail 键） (0.033ms)
  ✔ availability=ok：四条件命中 + 关键词提取银行单交易编号 (0.042ms)
  ✔ 四条件负例：地区!=CN / Currency!=USD / Credit Amount!=0 各被过滤 (0.040834ms)
  ✔ 含关键词但无数字 → 银行单交易编号留空 + warning (0.035125ms)
  ✔ 不含关键词 → 银行单交易编号留空（仍落库） (0.029583ms)
✔ boc-fx-link-builder — buildBocBankRows（availability 三态 + 四条件筛选） (0.345167ms)
▶ boc-fx-link-builder — backfillBocReconLinkIds（按 id 幂等回填）
  ✔ 命中：链接ID = 银行行 ReconciliationId (0.105916ms)
  ✔ 未命中 → 空字符串 + unlinked log (0.037584ms)
  ✔ 重复银行单交易编号键 → 留最先一条 + warning (0.036416ms)
  ✔ 幂等全量重算：旧值被覆盖 (0.036583ms)
✔ boc-fx-link-builder — backfillBocReconLinkIds（按 id 幂等回填） (0.253333ms)
▶ boc-fx-link-builder — scanFxGroups offset 续编（v3.0.5 批次2b）
  ✔ offset=0（缺省）行为字节不变：组号从 1 起 + orig_group_no=分组 (0.063917ms)
  ✔ offset=5：本文件组号 = 文件内组号 + 5（分组与 orig_group_no 同步续编） (0.042875ms)
  ✔ offset 非法（NaN / 负数）→ 按 0 处理 (0.040541ms)
✔ boc-fx-link-builder — scanFxGroups offset 续编（v3.0.5 批次2b） (0.219084ms)
▶ boc-fx-link-builder — rematchAllBocGroups（全量重匹配 + 重编号）
  ✔ 重编号 1..N：orig_group_no 有空洞（5/9/3）→ 按 id ASC 首现序重编号为 1/2/3 (0.135625ms)
  ✔ 同 orig_group_no 多行 → 重编号到同一新组号 (0.039417ms)
  ✔ 🔴 orig_group_no 不被 2.2 改写：2.2 命中行「分组」清空但 orig_group_no 保留 (0.041625ms)
  ✔ 「重置-重匹配」两次幂等：同输入跑两次结果一致 (0.123875ms)
  ✔ 同日同金额一对一消耗不重复：2 个同日同额组只消耗 1 个中台候选 (0.065959ms)
  ✔ 🔴 M4：2.2 清空中间组后剩余「分组非空」组号 compact 连续 1..N（无空洞） (0.200708ms)
  ✔ 🔴 M4：多行组 + 单行剔除混合 compact 连续（同组行 compact 后组号一致） (0.124625ms)
  ✔ 空入参 / 非数组安全 (0.046042ms)
✔ boc-fx-link-builder — rematchAllBocGroups（全量重匹配 + 重编号） (0.861791ms)
✔ drain 等待可取消；错误和提前 close 均结束等待并释放监听器 (2.704625ms)
✔ 慢输出保持队列有界；输出错误和提前关闭不会卡在 Workbook commit (227.506ms)
✔ tracks active operations and releases them by token (1.184417ms)
✔ install transition is atomic and rejects new operations (0.116ms)
✔ install transition reports current business operations without locking the app (0.066875ms)
✔ shutdown transition blocks new work and resolves only after active operations drain (0.09175ms)
✔ updater 与 migration lease 双向互斥，且只能由匹配 token 释放 (0.065ms)
▶ channels:list handler
  ✔ 成功路径返回 status=ok + channels 数组 (77.301459ms)
  ✔ database 异常 → status=failed + 携带 message (72.538292ms)
  ✔ list 包含新创建的渠道（2026-05-27 fix1-N5-UI-6.3：自定义新增最上，通用最下） (78.378125ms)
✔ channels:list handler (228.973208ms)
▶ channels:create handler
  ✔ 正常创建返回 status=ok + channel 对象 (88.940666ms)
  ✔ 重复 (name, location) → status=failed (69.021041ms)
  ✔ 名称为空 → status=failed (68.215458ms)
  ✔ 开户地为空 → status=failed (69.564542ms)
  ✔ payload 为 null → status=failed（参数默认 {} 兜底但缺名称还是抛） (69.257916ms)
✔ channels:create handler (365.294375ms)
▶ channels:update handler
  ✔ 正常修改返回 status=ok + 更新后的 channel (68.620375ms)
  ✔ 修改「通用」(id=1) → status=failed (68.785166ms)
  ✔ id 不存在 → status=failed (69.096084ms)
  ✔ fields 为 null → status=ok（兜底空对象后 updateChannel 字段全用现值，noop 等价） (69.721917ms)
✔ channels:update handler (276.399375ms)
▶ channels:delete handler
  ✔ 正常删除无下属 scenarios 的渠道 → status=ok (68.928708ms)
  ✔ 删除「通用」(id=1) → status=failed (69.859292ms)
  ✔ 删除有下属 scenarios 的渠道 → status=failed (67.746875ms)
  ✔ id 不存在 → status=failed (71.136042ms)
✔ channels:delete handler (277.842125ms)
▶ 完整 CRUD 链路
  ✔ list → create → list → update → list → delete → list (66.073083ms)
✔ 完整 CRUD 链路 (66.122875ms)
✔ 启动先计算主题并对齐分钟边界，到点切换、未变化不重复广播 (2.337916ms)
✔ 深色时段冷启动立即为深色，默认关闭冷启动仍为浅色 (0.117666ms)
✔ 聚焦、唤醒和时钟跳变重读实际时间，单次跳过多个边界不翻转旧值 (0.124ms)
✔ 合法配置持久化后立即生效，禁用保留时间；失败和非法输入保持快照不变 (0.26425ms)
✔ start 幂等，stop 清理计时器与事件；快照副本不可改写调度配置 (0.08025ms)
✔ 单据读取器严格读取 26 列并流式返回匹配字段 (11.217708ms)
✔ 单据读取器拒绝列顺序不一致的文件 (2.53175ms)
✔ 单据读取器按 workbook relationship 读取逻辑第一工作表 (6.548208ms)
✔ 重复入金导出固定两 sheet，删除说明行并追加人工原因 (48.303208ms)
✔ 重复入金导出允许仅人工结果，邮件 sheet 保留表头 (17.395042ms)
✔ 重复入金默认文件名取导出当天本地 YYMMDD (0.142292ms)
✔ 覆盖已有文件时发布失败会恢复原文件且清理临时文件 (14.20825ms)
✔ 发布与临时文件清理同时失败时优先恢复原文件并报告残留路径 (12.521041ms)
✔ 新文件发布成功但旧备份删除失败时返回可见告警 (13.736792ms)
✔ 写入前拒绝超过 Excel 单 sheet 行数上限的结果 (0.305458ms)
✔ 发布前回读校验拒绝 sheet 契约或结果行数损坏的临时文件 (6.749958ms)
✔ 缺少显式startup gate时首构fail closed且不构造legacy Service (1.074708ms)
✔ 单Service busy拒绝且candidate仅在adopt ACK后发布revision/status (2.53275ms)
✔ adoption拒绝不发布candidate并执行导入失效回收 (0.21325ms)
✔ legacy导入或运行自身失败时不重复执行destructive cleanup (0.220333ms)
✔ import/run/export复用同一Service并返回有界状态与真实artifact (3.118625ms)
✔ managed export只接受task-private stagingPlan并拒绝覆盖既有target (1.596417ms)
✔ managed export拒绝task-private目录的物理符号链接逃逸 (1.160458ms)
✔ managed export失败清理已生成staging，清理失败保留双重错误 (2.505333ms)
✔ 真实managed status对纯Inbound、MPT stale与side unavailable保持canExport单一真值 (103.050167ms)
✔ 金额按十进制文本规范化且不经过浮点近似 (0.980916ms)
✔ 相关金额为空或非法时抛带模块 code 的硬错误 (0.400292ms)
✔ FundType 只在 trim 后大小写敏感识别，并只校验对应方向金额 (0.772125ms)
✔ 分组文本保留原值：null 为空、其余 String，不 trim 且大小写敏感 (0.275042ms)
✔ 分组键使用结构化编码，特殊文本不会发生分隔符碰撞 (0.141166ms)
✔ Channel 和 Currency 均参与分组并严格隔离 (0.702583ms)
✔ BizId 不进入分组键，1 Reversal + 2 Inbound 形成 candidate (0.096541ms)
✔ 可直接消费侧库读回的 _sourceOrdinal/_excelRowNumber 行形态 (0.138208ms)
✔ 1+0、1+1、1+3、2+N 均转人工并保留组内所有相关行 (0.204917ms)
✔ 纯 Inbound 分组只统计，不进入 candidate 或 manual (0.110959ms)
✔ MPT 每条 Inbound 恰好一条、两条候选不同且 oppBu 一致时成功 (0.601375ms)
✔ MPT oppBu 和 orderId 为空时均在 MPT 阶段按固定顺序转人工 (0.156292ms)
✔ 任一 Inbound 的 MPT 候选为 0 条时整组转人工 (0.092667ms)
✔ 任一 Inbound 的 MPT 候选为 N 条时整组转人工 (0.090541ms)
✔ 两条 Inbound 指向同一 MPT 候选时整组转人工 (0.089417ms)
✔ 跨组共享 MPT 候选时所有受影响组都转人工，不做贪心占用 (0.218125ms)
✔ 多候选失败组不会占用候选并误伤其它唯一候选组 (0.11525ms)
✔ MPT 零候选原因始终排在多候选之前，不受 Inbound 顺序影响 (0.063125ms)
✔ 显式相同 candidate id 即使包装对象不同也视为全运行复用 (0.075667ms)
✔ MPT oppBu trim 后冲突转人工 (0.066459ms)
✔ MPT clientId/accId 冲突不再影响成功 (0.060959ms)
✔ 单据按两条 MPT orderId 唯一命中不同记录并提供最终客户、账户和业务部门 (0.443ms)
✔ MPT orderId 为空时在进入单据匹配前转人工 (0.062084ms)
▶ 单据零候选、多候选或两个单号命中同一行时整组转人工
  ✔ 零候选 (0.096792ms)
  ✔ 多候选按真实 candidateCount 判定 (0.088333ms)
  ✔ 不同单号命中同一单据行 (0.081708ms)
✔ 单据零候选、多候选或两个单号命中同一行时整组转人工 (0.770458ms)
✔ 单据人工原因按固定优先级输出，不受两条 orderId 顺序影响 (0.096958ms)
▶ 单据身份字段为空、冲突或业务部门与 oppBu 不一致时整组转人工
  ✔ 字段为空 (0.103417ms)
  ✔ 字段冲突 (0.070583ms)
  ✔ 业务部门与 oppBu 不一致 (0.05725ms)
✔ 单据身份字段为空、冲突或业务部门与 oppBu 不一致时整组转人工 (0.331334ms)
✔ MPT raw JSON 损坏或顶层非对象时抛硬错误 (0.132083ms)
✔ 两阶段均不修改银行输入、candidate groups 或 MPT candidates (0.205042ms)
✔ 分组与最终结果均按银行源行稳定排序，并保持全链路行守恒 (0.135042ms)
✔ 第二阶段发现银行全局行数不守恒时硬失败 (0.074083ms)
✔ 两角色独立spool固定Bank→Document，完整hash/ordinal/identity守恒且manifest不泄漏业务行 (66.010875ms)
✔ spool或源文件内容同计数变化仍被TOCTOU/hash校验拒绝 (37.547042ms)
✔ terminal outcome精确绑定job/op/owner/slot且failure只保存脱敏causeCode (13.785417ms)
✔ 真实Parser Worker只返回bounded manifest且clean exit后才成功 (196.95175ms)
✔ 乱序Parser完成不改变Bank→Document采用；single等价且exact replay不增加side mutation (351.585791ms)
✔ Parser单侧失败时reservation阻断import/run/export且零side/Main/adopt、双spool清理 (202.382833ms)
✔ failure outcome发布EACCES时无execution timeout也权威终态并释放reservation/lease (348.841417ms)
✔ success outcome发布EACCES时无execution timeout也中止sibling并保持零adopt (370.7935ms)
✔ 真实Parser Worker outcome EACCES保持reservation/lease直到全部Worker exit (5757.717125ms)
✔ 真实Parser Worker正常failure marker延后到全部Worker exit barrier (3677.015417ms)
✔ 两侧角色冲突在完整pair validation前fail closed且零side/Main/adopt (246.221208ms)
✔ Parser发布manifest后transport crash仍由failure barrier立即阻断commit并清理残留 (271.298791ms)
✔ app shutdown按shutdown-only取消等待中的paired命令并收口Parser/spool (193.720833ms)
✔ persist窗口shutdown在receipt/COMMIT前回滚且不得clean失败同时durable commit (1071.34975ms)
✔ 真实Parser graceful shutdown等待Worker exit与dispatcher cleanup后才报告clean (8377.939417ms)
✔ 真实Parser shutdown timeout进入errors/leakedTransports且最终仍清理staging (8742.883708ms)
✔ 真实文件系统cleanup阻塞保留owner，重复shutdown非clean且恢复后retry才clean (264.179ms)
✔ native ResourceGovernor诚实降为single Parser且仍完成同一两侧校验/采用 (248.264083ms)
✔ paired gate严格要求>=15%且RSS不超预算，生产paired入口固定拒绝 (0.212416ms)
✔ Parser依赖图不访问side/Main DB、matching、candidate或MPT (0.383708ms)
✔ Duplicate policies逐字段等于冻结fixture、共享单Service且production=false (20.845292ms)
✔ Duplicate result validators只接受有界稳定DTO与单artifact (0.183375ms)
✔ 真实native Worker跨两条import复用单Service、crash后exact receipt允许新generation安全续跑 (435.006833ms)
✔ active Hold阻断managed runtime import且零删持久证据 (189.590334ms)
✔ normal close保留exact side receipt且下次startup inspector判committed (201.43425ms)
▶ DuplicateInboundMatchService
  ✔ constructor只建内存门面，不失效主镜像也不清理既有侧库 (11.750417ms)
  ✔ 完整执行银行分组、MPT 回填、人工分流和双 sheet 导出 (84.256ms)
  ✔ managed import/run receipt同side事务且duplicate operation replay不重复mutation (31.019917ms)
  ✔ managed run在Main mirror失败后只重放committed side结果 (30.207375ms)
  ✔ managed finishRun COMMIT durable回包歧义保留side并poison generation，exact replay只补mirror (28.280084ms)
  ✔ managed pre-COMMIT无receipt只清理running placeholder并允许安全重试 (29.980375ms)
  ✔ managed conflicting mirror建立unknown latch并阻断同进程所有后续命令 (25.546708ms)
  ✔ managed mirror writer在Main commit后抛错时以authoritative重读判成功 (20.145416ms)
  ✔ managed mirror提交后reply丢失不降级镜像且same operation可幂等重放 (22.485167ms)
  ✔ 单据订单零候选只把对应成功候选组转人工并保留审计血缘 (21.12175ms)
  ✔ BizId 为空或 trim 后重复会拒绝导入并清空旧会话 (10.682125ms)
  ✔ 双文件落库后源文件读取失败会物理回收整个新会话 (8.318958ms)
  ✔ 银行解析前后 hash 不一致时拒绝绑定错误版本 (5.145ms)
  ✔ 双文件数量、类型和单据严格表头不符时整批拒绝 (9.829667ms)
  ✔ 标准 .xls 银行对账单与 .xlsx 使用同一严格导入契约 (11.096167ms)
  ✔ 新运行清理侧库失败时旧结果仍立即失效 (21.410708ms)
  ✔ 新文件清理侧库失败时旧输入和结果仍立即失效 (17.86525ms)
  ✔ 新导入镜像失效失败时仍继续物理回收旧侧库 (17.040917ms)
  ✔ 新运行镜像失效失败时仍继续删除旧侧库结果 (19.453916ms)
  ✔ 运行硬错误在主库镜像中只保存脱敏 code (12.8955ms)
  ✔ MPT 批次变化后旧结果立即禁止导出 (34.778917ms)
  ✔ 侧库 run 记录缺失或损坏时禁止导出并同步主库镜像失效 (20.249833ms)
  ✔ 成功 run 的结果明细少行时标记侧库失效并禁止发布不完整 Excel (19.164041ms)
  ✔ INBOUND 批次替换和删除都会使旧结果过期 (32.661708ms)
  ✔ 纯 Inbound 只统计且没有可导出结果 (13.45825ms)
✔ DuplicateInboundMatchService (560.46375ms)
✔ startup inspector独立于Service且clean结果为not-committed (3.324916ms)
✔ 任一side或main持久残留只判unknown，Inspector读取不写不删 (4.533583ms)
✔ Inspector读取失败向上抛出且不破坏side文件 (1.337042ms)
✔ 孤立WAL/SHM也属于不可忽略的unknown residue且不被清理 (1.125875ms)
✔ unknown和Inspector失败均由Platform Contract创建active Hold (13.633917ms)
✔ exact run inspector区分partial/committed/unknown且complete-mirror CAS与audit原子幂等 (31.103875ms)
✔ exact partial由Platform创建Hold且不会自动调用complete-mirror provider (11.907833ms)
✔ 新Worker generation startup gate重复检测partial并保持side/Main零写入 (17.796875ms)
✔ Platform critical-intent source不依赖module policy marker也走exact inspector (4.581208ms)
✔ receipt target实际行数与import metadata不守恒时import/run均判unknown (6.3085ms)
✔ exact inspector读取未checkpoint WAL中的receipt且原始DB family逐字节不变 (5.159542ms)
✔ exact source旁的孤立WAL family仍保留legacy unknown source (5.389917ms)
✔ complete-mirror在audit写入前故障会同时回滚mirror与audit (9.643625ms)
✔ complete-mirror复检后side post-image变化会fail closed且不写mirror/audit (8.618709ms)
✔ Worker busy不排队、不终止active job，并在adopt ACK后才完成 (9.957167ms)
✔ terminal先于shutdown cancel到达时精确迟到cancel幂等且不追加ACK (2.5225ms)
✔ B buildHitDetail 单条字段变更格式精确（字段名前缀 + 半角冒号 + 全角箭头；纯数字→中文双引号） (0.764584ms)
✔ B buildHitDetail 多字段变更 "; " 单行拼接（无换行，末条无尾分隔） (0.0935ms)
✔ B buildHitDetail 空 → 空串 (0.045917ms)
✔ B buildHitDetail wrap 边界：空串/负数小数/千分位/数字英文混合/纯英文（字段名前缀 + 全角箭头） (0.073917ms)
✔ B sheet1 未命中场景：A1 加粗提示 + 第1行表头(B列,#9上移) + Mark without result 行排前（W2 右移） (45.721959ms)
✔ B sheet2 命中场景：第1列命中明细 + 第2列异常说明 + 原列右移2 + 标黄右移 (15.586542ms)
✔ B sheet2 异常说明并入命中场景：不再输出独立异常 sheet，note 按 _rowId 写第2列并拼接 (6.736208ms)
✔ B 行数守恒：未命中 + 命中 = 原始总行数 (6.263875ms)
✔ B 空边界：空 modifiedRows + 空 unmatchedRows 不报错 (6.367041ms)
✔ F3 resolveReconIdCell：reconciliationId 非空优先 (0.652333ms)
✔ F3 resolveReconIdCell：reconciliationId 是 number 也走 String+trim (0.057417ms)
✔ F3 resolveReconIdCell：reconciliationId 空 → 回退 reconId（R1 专用） (0.047125ms)
✔ F3 resolveReconIdCell：reconciliationId/reconId 均空 → 回退 rowId (0.04325ms)
✔ F3 resolveReconIdCell：三者全空 → 空串 (0.053625ms)
✔ F3 writeErrorReport：5 列表头第 3 列 = 对账ID (29.537375ms)
✔ F3 writeErrorReport：三态取值（reconid 非空 / 空回退 rowId / 全空 ） (7.336042ms)
✔ F3 writeErrorReport：reconId（R1 专用字段）在 reconciliationId 空时生效 (5.449334ms)
✔ v3.0.26 writeErrorReport：R5 非法 Extra Fee 的行血缘、原始值和可能原因均可见 (5.442459ms)
✔ OPEN-7 出口②：不传 staleHitNotesByRowId → 命中明细字节不变 (32.310208ms)
✔ OPEN-7 出口②：传 null → 命中明细字节不变 (7.893ms)
✔ OPEN-7 出口②：传空 Map → 命中明细字节不变 (6.285834ms)
✔ OPEN-7 出口②：含提醒 Map → r1 append 不覆盖原命中明细 + r2 不受影响（单行 "; " 分隔） (6.325125ms)
✔ OPEN-7 出口②：原命中明细空串的行注入提醒 → 直接为提醒串（无前导分隔符） (7.581792ms)
✔ pairs 非空时追加 3 张 Payment 核对 sheet (86.795333ms)
✔ 匹配对照展示 R1/R2/R3、付款账号与 Drawee CardNo、动态周区间 (11.499459ms)
✔ 匹配对照规整派生日期序列号与金额字符串 (10.341958ms)
✔ 银行行-原始使用回填前快照，而不是已改写 bankRow (8.192083ms)
✔ 调拨对账单行-原始写真实派生字段及是否被使用 (7.716958ms)
✔ pairs 为空或未传时不追加 Payment 核对 sheet (9.592917ms)
▶ financial-decimal
  ✔ 规范化普通数、千分位、科学计数和负零 (0.598833ms)
  ✔ 加减和绝对值全程保持精确十进制 (0.196125ms)
  ✔ 比较不使用浮点并覆盖 9.99/10 边界 (0.084875ms)
  ✔ 非法金额抛结构化错误，不降级为零 (0.455083ms)
✔ financial-decimal (1.905583ms)
✔ FilePlan拒绝目录逃逸、业务输出别名和manifest别名 (0.981459ms)
✔ 任一Writer失败时清理全部planned staging文件且不留下manifest (4.025792ms)
✔ business output与manifest均拒绝指向root外不存在文件的dangling symlink (2.015125ms)
✔ 成功只返回单manifest artifact，manifest绑定每个staged输出hash (2.06375ms)
✔ 退款marker在写盘前注入跨期提醒，并只把ready settlement写入manifest (1.81225ms)
✔ 退款marker读取失败不阻断产物且manifest禁止推进marker (1.080875ms)
✔ openReadSnapshot固定query_only事务且禁止写入 (2.9315ms)
✔ snapshot签名覆盖场景、meta与派生行，且每次读取都关闭事务 (1.974292ms)
✔ 启用调拨消费方时缺失或过期派生证据均fail closed (0.52475ms)
✔ Worker等待grant+adopt-ack后才job:done，并在close前完成release ACK (7.770875ms)
✔ FundRecon policies逐字段等于冻结fixture且production保持关闭 (20.988417ms)
✔ FundRecon result validators只接受有界稳定DTO与单manifest artifact (0.377208ms)
✔ 真实native Worker复用Service、完成PersistentReservation替换并在shutdown释放资源 (216.882834ms)
✔ import reservation拒绝时保留旧stable state，busy命令不排队 (1.373291ms)
✔ run使用同一working rows并仅在全成功+adopt ACK后发布结果 (3.249334ms)
✔ run失败不覆盖旧结果；证据变化使旧结果fail closed且invalidate ACK失败也不能绕过 (0.315333ms)
✔ export只返回单一manifest artifact且不改变state revision (0.184458ms)
✔ run/export缺少databasePath时fail closed而不是误用cwd (0.102542ms)
✔ Service真实编排结果与同输入inline golden逐字段等价 (2.689417ms)
✔ 退款源读取能定位非首行/非首列的完整冻结表头并保持字段映射 (11.207208ms)
✔ 退款源缺失冻结表头时以稳定业务错误fail closed (3.419292ms)
✔ state footprint按共享引用去重、页对齐并保留35% headroom (0.724584ms)
✔ 超过PersistentReservation预算时在adoption前稳定拒绝 (0.197666ms)
✔ 连续十轮替换只估算当前stable graph，不累加历史state (1.811708ms)
▶ fund-transfer-date-policy canonical identity
  ✔ 完整四条件才是 canonical owner；非内置同签名只是保留签名冲突 (0.505041ms)
✔ fund-transfer-date-policy canonical identity (1.022416ms)
▶ resolveFundTransferDatePolicy
  ✔ owner enabled/disabled 不影响 policy，返回 ownerScenarioId 和不可变 signature (1.073917ms)
  ✔ owner 缺失 → true + 1 防御默认并产生一次可见 warning (0.123625ms)
  ✔ 缺字段兼容默认不告警；非法字段分别回退并告警 (0.140166ms)
  ✔ 关闭日期保留 N，边界 1/999 合法 (0.080833ms)
  ✔ owner 重复 fail-closed，错误暴露稳定 code/conflicts (0.2355ms)
  ✔ 非 owner 保留签名冲突 fail-closed，不允许 first-wins (0.086542ms)
  ✔ signature 包含 raw 非法值：非法 A→B 即使 effective 相同也失效 (0.118334ms)
  ✔ stable stringify 不受对象键顺序影响 (0.061833ms)
✔ resolveFundTransferDatePolicy (2.103667ms)
▶ buildFundTransferReconRows - 一行拆 in+out 两行（行数守恒）
  ✔ ① 一行 → 恰好 2 行，total=2 (0.493916ms)
  ✔ 顺序为「先 in 行后 out 行」 (0.460291ms)
  ✔ 两行共用公共字段，并初始化付款方式与是否被使用 (0.128084ms)
✔ buildFundTransferReconRows - 一行拆 in+out 两行（行数守恒） (1.632083ms)
▶ buildFundTransferReconRows - in 行映射（收款侧 + D1 big_account=收款卡号）
  ✔ ② in 行 fund_type=FundTransfer-in，且 5 项映射全对（渠道/金额/币种/big_account + 标记） (0.109125ms)
  ✔ in 行 big_account 取的是收款卡号（不是付款卡号）—— 取反不命中 (0.069125ms)
  ✔ in 行付款渠道留空（需求3 步骤1 仅按收款渠道判 DBS） (0.055458ms)
✔ buildFundTransferReconRows - in 行映射（收款侧 + D1 big_account=收款卡号） (0.329958ms)
▶ buildFundTransferReconRows - out 行映射（付款侧 + 币种纠笔误 + D1 big_account=付款卡号）
  ✔ ③ out 行 fund_type=FundTransfer-out，且币种=付款币种、big_account=付款账户（卡号） (0.153417ms)
  ✔ out 行币种取付款币种（不是收款币种）—— 纠原文笔误，取反不命中 (0.096375ms)
  ✔ out 行 big_account 取的是付款卡号（不是收款卡号）—— 取反不命中 (0.0745ms)
  ✔ out 行收款渠道留空 (0.068542ms)
✔ buildFundTransferReconRows - out 行映射（付款侧 + 币种纠笔误 + D1 big_account=付款卡号） (0.511458ms)
▶ buildFundTransferReconRows - 全角括号字段名读取（资金红线）
  ✔ ④ 含全角括号 key「收款账户（卡号）」「付款账户（卡号）」的输入对象正确读取 (0.087625ms)
  ✔ 常量 mid.payeeCard / mid.payCard 用的就是全角括号（U+FF08/U+FF09） (0.0525ms)
  ✔ 半角括号 key 不命中（取空）—— 反证 builder 读的是全角列 (0.054583ms)
✔ buildFundTransferReconRows - 全角括号字段名读取（资金红线） (0.237708ms)
▶ buildFundTransferReconRows - 空 / 非对象行跳过 + 多行守恒
  ✔ ⑤ 空 / 非对象行（null / 字符串 / 数字 / undefined）跳过不崩 (0.047583ms)
  ✔ 入参非数组（null / undefined / 对象）→ 防御为空，不崩 (0.612625ms)
  ✔ 空数组 → 空结果 (0.028625ms)
  ✔ ⑥ 多行输入：total = 行数 × 2 (0.056875ms)
  ✔ 多行 + 混入非法行：total = 合法行数 × 2 (0.032875ms)
  ✔ 数值入参经 normalizeCellValue String 化（金额 number → 字符串） (0.034708ms)
✔ buildFundTransferReconRows - 空 / 非对象行跳过 + 多行守恒 (0.863291ms)
▶ buildFundTransferReconRows - 调拨状态过滤（v3.0.13）
  ✔ 调拨状态=付款成功 的一行生成 2 行 (0.044792ms)
  ✔ 处理中 / 失败 / 成功 / 空值 不生成 (0.032416ms)
  ✔ 混合 3 行，其中 2 行付款成功，输出 4 行 (0.051625ms)
  ✔ 状态值前后空格 trim 后识别成功 (0.029417ms)
  ✔ 原字段映射不变：in 行 big_account 来自收款账户，out 行来自付款账户 (0.048458ms)
✔ buildFundTransferReconRows - 调拨状态过滤（v3.0.13） (0.25325ms)
▶ buildFundTransferReconRows - 账户映射应用（big_account 映射回流，🔴 资金红线）
  ✔ ① 命中：in/out big_account 均被替换成清结算账号 (0.054709ms)
  ✔ ② 未命中：big_account 原样保留（map 无该键）—— in/out 两方向 (0.038875ms)
  ✔ ②b 单侧命中：in 命中替换、out 未命中原样（同一行两方向独立查 map） (0.033583ms)
  ✔ ③ 空 Map → 全 passthrough（in/out big_account 原样） (0.028542ms)
  ✔ ③b 不传 options（向后兼容）→ 与「传空 Map」字节一致（映射表空＝零变化） (0.045375ms)
  ✔ ③c options.accountMappingMap 非 Map（误传普通对象 / undefined）→ 退空 Map passthrough，不崩 (0.032917ms)
  ✔ ④ 🔴 只翻译 big_account：payAccount/payeeAccount（展示字段）即使在 map 中也不翻译 (0.036375ms)
  ✔ ⑤ 映射值为「假值但非空」（如 "0"）也按命中替换（用 ?? 而非 ||，只在键缺失时回退） (0.030667ms)
  ✔ ⑥ 多行：每行 in/out 各自按 big_account 命中映射（行间不串） (0.0585ms)
✔ buildFundTransferReconRows - 账户映射应用（big_account 映射回流，🔴 资金红线） (0.416916ms)
▶ main.js 导入弹窗 scope 扫描
  ✔ 所有 showImportOpenDialog scope 字面量都登记在 IMPORT_DIALOG_SCOPES (1.180417ms)
  ✔ 禁止新增裸 dialog.showOpenDialog（白名单仅 background:select-file 1 处） (0.26175ms)
✔ main.js 导入弹窗 scope 扫描 (1.995166ms)
▶ IMPORT_DIALOG_SCOPES
  ✔ 与 ALL_MODULE_IDS 对齐：模块 scope 全部来自 ALL_MODULE_IDS（排除 new-account-generator） (1.814125ms)
  ✔ bundle 导入使用独立 scope，与业务 xlsx 目录互不覆盖 (1.413917ms)
✔ IMPORT_DIALOG_SCOPES (3.765ms)
▶ resolveExistingDirectory
  ✔ 存在目录返回绝对路径 (3.108458ms)
  ✔ 文件、不存在路径、空值都返回 undefined (1.392833ms)
  ✔ stat 挂起（断连网络盘）时在超时上限内降级为 undefined，不阻塞 (302.0345ms)
✔ resolveExistingDirectory (306.750875ms)
▶ import dialog directory state
  ✔ 首次导入无 defaultPath (1.197458ms)
  ✔ 选择文件后再次同 scope 使用文件所在目录 (3.110791ms)
  ✔ 多选时取第一个文件目录 (2.781666ms)
  ✔ scoped 与 global 都失效时不传 defaultPath (2.67975ms)
  ✔ scoped 目录已删除而 global 仍有效时回落到 global (3.08875ms)
  ✔ settings 读取抛错时静默降级为无 defaultPath (1.31625ms)
  ✔ settings 写入抛错时不向上抛（选择结果不丢失） (1.010583ms)
  ✔ 取消选择不覆盖旧目录 (2.213334ms)
  ✔ 调用方显式传入 defaultPath 时记忆值不覆盖它 (1.775167ms)
  ✔ 选择导出目录时记住所选目录本身，而不是其父目录 (1.668417ms)
  ✔ 不同 scope 保留各自目录，未知 scope fallback 到 global (2.577459ms)
✔ import dialog directory state (23.745333ms)
✔ manual balance 无效输入在 prepare 停止：0 BOR/reserve/execute/写盘 (2.879584ms)
✔ manual balance 内存会话沿用账单源文件，余额 0 可进入 FilePlan 并写盘 (4.094291ms)
✔ manual balance 覆盖首调与取消不入批次，确认后只 reserve/写入一次 (1.825125ms)
✔ manual balance 确认期证据变化返回结构化 proceed:false 且不进入 lifecycle (0.132916ms)
✔ Pending 无效输入与 need-confirm 均 0 BOR/reserve/worker，取消不触发二次调用 (0.292334ms)
✔ Pending 确认只用 opaque context，main v1 datasetSeed 经 preflight 原样传到 session (1.105917ms)
✔ Pending 确认期证据变化返回结构化 proceed:false 且不进入 lifecycle (0.096583ms)
✔ Pending 生产 freshness guard 重读源文件与月份 count/meta (0.935375ms)
✔ manual balance 生产 freshness guard 重读账单 session 与 seed 证据 (0.864583ms)
✔ renderer 确认请求只生成 contextId + confirm flag (4.798916ms)
▶ rebuildAdmDerivation —— ADM 派生编排
  ✔ 成功：admDerive 结构与旧内联字节一致（total/matched/unmatched 映射/midEmpty） (1.149709ms)
  ✔ unmatched 无 conflict → conflict 字段 undefined（与旧内联一致） (0.081125ms)
  ✔ 候选空 → 重建空表不抛，admDerive.created:true total=0 (0.104917ms)
  ✔ buildAdmRows 抛错 → created:false + error（不向外抛） (0.070917ms)
  ✔ replaceAdmBankDeposit 抛错 → created:false（写库失败也隔离） (0.080375ms)
✔ rebuildAdmDerivation —— ADM 派生编排 (2.068375ms)
▶ rebuildBankDepositBocDerivation —— BOC bank 派生（2.4）+ 2.5 回填
  ✔ 成功（有链接行）：bocBankDerive 结构与旧内联一致 + 2.5 回填 + 日志写入 (0.2005ms)
  ✔ 无链接行（BOC链接表空）→ 跳过 2.5 回填，backfilled/unlinkedCount=0 (0.073458ms)
  ✔ 候选空（no-boc-rows）→ 重建空表不抛，bankRowCount=0 (0.104916ms)
  ✔ replaceBocBankDeposit 抛错 → created:false + error（隔离） (0.076083ms)
✔ rebuildBankDepositBocDerivation —— BOC bank 派生（2.4）+ 2.5 回填 (0.55625ms)
▶ rebuildFxBocDerivation —— fx 全量重匹配重编号 + 2.4 + 2.5 + 统计
  ✔ 重匹配重编号正确：orig_group_no 有空洞(5/9/3) → 分组重编号 1/2/3 写回 + 统计 total/groupCount/overwriteCount (0.603459ms)
  ✔ 2.2 单行剔除 + 2.3 组汇总命中 → step22Removed/step23Matched 统计正确 (0.673958ms)
  ✔ 2.4 有 BOC 银行候选 + 2.5 回填命中 → needBankImport=false + backfilled 计数 (0.166542ms)
  ✔ 全空（无库行/无中台/无候选）→ 重建空表不抛 + needBankImport=true + total=0 (0.0745ms)
  ✔ readBocFxLinkRowsForRematch 抛错 → bocDerive.created:false + error（隔离，不向外抛） (0.061625ms)
  ✔ readLinkedTableRows(mid) 抛错 → 按无中台处理（不抛 + 跳 2.2/2.3） (0.110625ms)
✔ rebuildFxBocDerivation —— fx 全量重匹配重编号 + 2.4 + 2.5 + 统计 (1.77325ms)
▶ rebuildFundTransferReconDerivation —— 调拨对账单派生编排
  ✔ 成功：读 mid-allocation → builder → replace，fundTransferReconDerive={created:true,total} (0.107708ms)
  ✔ mid 为空 → 派生空表不抛，total=0 (0.092375ms)
  ✔ mid 有数据但全部非付款成功 → 派生空表且返回状态过滤提醒 (0.107958ms)
  ✔ mid 混合状态 → 只派生付款成功行，非成功行不进入隐藏调拨对账单 (0.082583ms)
  ✔ readLinkedTableRows 抛错 → created:false + error（隔离，不向外抛） (0.04775ms)
  ✔ replaceFundTransferReconRows 抛错 → created:false（写库失败也隔离） (0.044666ms)
  ▶ 端到端（真实 builder + 真实 AppDatabase）
    ✔ 导入 mid-allocation → 派生后 readFundTransferReconRows 行数 = mid 行数×2 (75.611333ms)
    ✔ 升级场景：mid 有数据但 recon 表为空 → 重派生后回填（行数 = mid×2） (68.223125ms)
    ✔ 幂等刷新：mid 不变时重复重派生 → 行数恒为 mid×2（替换非追加） (68.071959ms)
    ✔ 整表覆盖：第二次派生（mid 减少）后调拨对账单仅含第二批，不累加 (68.70275ms)
    ✔ ADM 派生不受调拨对账单派生影响（共存 — 同库两隐藏表互不污染） (68.978542ms)
  ✔ 端到端（真实 builder + 真实 AppDatabase） (349.762084ms)
✔ rebuildFundTransferReconDerivation —— 调拨对账单派生编排 (350.324042ms)
✔ legacy与atomic共享唯一serializer，字段/排序/中文生成方式/尾换行逐字节等价 (8.492583ms)
✔ TaskRun持久ordinal history：同token复用、新token递增、A/B/A旧token fail closed (6.985166ms)
✔ TaskRun ordinal metadata类型/范围漂移fail closed且事务回滚 (5.318625ms)
✔ TaskRun ordinal history拒绝重复token/ordinal与非单调映射 (5.109709ms)
✔ no-op在Intent/critical前返回且不产生任何control event (10.407875ms)
✔ MainSettlementIntentCoordinator缺canonical Hold/freshness依赖时构造即fail closed (5.750666ms)
✔ awaited admission后noop target漂移由final preimage复核fail closed (6.662084ms)
✔ canonical freshness gate拒绝stale plan并守恒并发新增seed record (6.799084ms)
✔ updatedAt只在await admission与final preimage后按commit attempt时钟materialize (23.737083ms)
✔ async preCommit stale gate与persistent prepared request conflict均在no-op前fail closed (16.108583ms)
✔ non-noop只走Main-owned prepared/acked，durable post inspection后committed/closed (18.570333ms)
✔ temp/rename前失败保持pre并以not-committed recovered关闭；可用新ordinal重试 (24.928709ms)
✔ directory fsync unsupported保持acked Intent并建立DURABILITY_BARRIER_UNAVAILABLE Hold (17.0475ms)
✔ active durability Hold经canonical gate阻止后续operation提交或覆盖target (17.371875ms)
✔ Hold reservation后control-tx崩溃由startup复用exact request并双启动幂等收口 (20.9235ms)
✔ 首次创建target目录时先持久化parent entry；unsupported不写target并保持Intent/Hold (10.598125ms)
✔ rename后的directory fsync error不能把exact post误报为durable committed (15.114166ms)
✔ target写入前parent-directory fsync error持久Hold且清理新目录，startup不得source-missing (13.599792ms)
✔ Inspector重读target，exact post/pre/neither分别committed/not-committed/unknown且证据有界 (6.776667ms)
✔ live Inspector不可用时保留acked Intent并立即建立unknown Hold (15.338958ms)
✔ COMMIT后reply前crash已由canonical observation+Intent同事务收口，exact replay不重复seed (16.397459ms)
✔ rename/dir-fsync完成与canonical observation之间crash时startup仅unknown+Hold且可重复扫描 (17.265333ms)
✔ post-image neither/rename后异常进入Hold，后续自动settlement不得覆盖未知target (16.479125ms)
✔ hold与业务preCommit阻断均发生在prepared前，不留下Intent或文件写入 (11.185ms)
✔ settlement identity拒绝字符串化ordinal/revision与空白身份，不做control mutation (6.136208ms)
✔ 同operation exact closed retry返回稳定已决结果；不同post-image在mutation前deterministic conflict (15.639166ms)
✔ settlement只接受同一legacy plan绑定并以commit-time updatedAt生成兼容bytes (15.090791ms)
✔ async admission期间调用方篡改plan不能改变已绑定post-image (15.4115ms)
✔ 物理target alias可逆，Darwin同物理拼写共享scope，Windows名称不被identity改写 (31.756708ms)
✔ startup binding不复制production policy authority且target alias不携带账号/路径 (0.148209ms)
✔ E10-A policy保持 thread-single/job/main-settlement 与 production=false/legacy/0 (11.367208ms)
✔ E10 result validator仅按5个exact path放行冻结lowercase digest shape (2.710792ms)
✔ 唯一 core 锁定昨日/10年边界、币种去重、记录顺序与 legacy 文件名 (4.553333ms)
✔ 分批businessEvidence与旧canonical数组语义逐字节等价 (23.411083ms)
✔ 共享shape投影与实际records的行/cell/UTF-8/UTF-16/单元格编码同口径 (18.893833ms)
✔ shape-aware estimator锁定0/1/typical/29,192/60,416/250,000、Unicode/XML编码与overflow (12.579583ms)
✔ 低总预算在 Worker spawn 前 fail closed，小任务按实际行数而非最大值预留 (30.026667ms)
✔ 合法250,000短文本与60,416最大文本超当前pool时均在spawn前拒绝 (28.988416ms)
✔ 并发 NewAccount admission 不超 Governor memory budget/system reserve，第二任务未创建 Worker (22.080084ms)
✔ Main contract exact/bounded，Worker不接final target且拒绝路径逃逸/任意模板/记录爆炸 (11.766584ms)
✔ 真实 one-shot Worker 写单一 staging workbook、业务回读、Main技术验证并与legacy golden等价 (214.423625ms)
✔ Main authority cooperative accumulator与同步oracle逐字节等价且冻结exact worksheet边界 (6.483083ms)
✔ Main authority near-max在dispatch前持续让出event loop，完成前不spawn Worker (606.025667ms)
▶ Main authority在dispatch前cancel/app-quit信号立即或中途胜出，不spawn Worker不留staging
  ✔ before (3.310709ms)
  ✔ mid (3.333375ms)
✔ Main authority在dispatch前cancel/app-quit信号立即或中途胜出，不spawn Worker不留staging (6.864334ms)
▶ Main expected authority 拒绝恶意 Worker 自洽账号/币种与附加 Sheet
  ✔ self-consistent-business (12.531791ms)
  ✔ extra-sheet (13.5785ms)
✔ Main expected authority 拒绝恶意 Worker 自洽账号/币种与附加 Sheet (26.325125ms)
✔ 真实 Worker 含16位数字串的合法business digest仍以completed收口 (190.642458ms)
✔ 真实 running Worker 收到 shutdown 后cancel-wins，不产生handle并由Main清空staging (191.300333ms)
✔ 真实 Worker 在workbook-open/row/row-scan/evidence/job:done前精确shutdown均由cancel胜出 (1872.711417ms)
✔ 模板 TOCTOU、staging collision/symlink 与业务 tamper fail closed (2.945333ms)
✔ cancel/crash结果不产生handle，Main只清理已授权staging且不碰final target (5.680583ms)
✔ 真实 Supervisor 收到 Worker crash 后忽略迟到 done，恢复清理不发布也不泄漏 transport (14.4965ms)
✔ policy 为一等 inline-async：只占 I/O lease，production 保持 false/legacy/0 (1.798583ms)
✔ copy contract 不含 final target，copyFile 只接 task-owned staging (46.917042ms)
✔ Windows长inode仅在精确stagingSnapshot证据路径通过finance-safe协议 (20.953292ms)
✔ E10-B只接受out-of-band Main authority且缺settlement owner时Publisher=0 (13.110416ms)
▶ E10-B只消费原始Main FilePlan authority，不重采样target snapshot且拒绝伪造clone
  ✔ absent-created (11.385292ms)
  ✔ existing-replaced-same-metadata (11.11425ms)
  ✔ unbranded-clone (10.164041ms)
✔ E10-B只消费原始Main FilePlan authority，不重采样target snapshot且拒绝伪造clone (33.028041ms)
▶ source before/during/after copy drift 与同 size/mtime replacement 全部 fail closed
  ✔ before (10.735334ms)
  ✔ during (12.372542ms)
  ✔ after (10.800917ms)
  ✔ same-size-same-mtime (10.813958ms)
✔ source before/during/after copy drift 与同 size/mtime replacement 全部 fail closed (45.132ms)
✔ copy partial/error 与 staging collision/outside 均清理或拒绝且不接 Publisher (11.538959ms)
✔ source/target symlink、hardlink、ancestor symlink 与 staging alias 全部在 copy 前拒绝 (10.933625ms)
▶ Main technical/business validation 后 Publisher 恰好一次；source/target/staging drift 均为0次
  ✔ success (46.687542ms)
  ✔ tamper (23.913208ms)
  ✔ replace (23.522708ms)
  ✔ staging-hardlink (22.1655ms)
  ✔ source-drift (22.923333ms)
  ✔ target-drift (23.078292ms)
  ✔ target-ancestor-race (21.539667ms)
  ✔ target-parent-replacement (22.731ms)
  ✔ business (27.650333ms)
  ✔ extra-sheet (28.710875ms)
  ✔ extra-column (24.082875ms)
  ✔ extra-styled-blank (25.703084ms)
  ✔ extra-row-styled-blank (25.10275ms)
  ✔ extra-merge (24.183459ms)
  ✔ extra-dimension (23.921834ms)
  ✔ formula-account (23.002958ms)
  ✔ formula-amount (23.970541ms)
  ✔ calc-chain (23.410125ms)
  ✔ external-link (23.501833ms)
  ✔ hyperlink (24.112125ms)
✔ Main technical/business validation 后 Publisher 恰好一次；source/target/staging drift 均为0次 (505.358125ms)
✔ E10-B对unreliable direct parent identity稳定fail closed且Publisher=0 (9.162125ms)
▶ Publisher failure 清理；uncertain/manual-recovery 保留 staging 且不 blind replay
  ✔ ordinary-failure (26.85825ms)
  ✔ uncertain (23.891666ms)
✔ Publisher failure 清理；uncertain/manual-recovery 保留 staging 且不 blind replay (50.956375ms)
✔ 真实 runtime 获取/释放 I/O lease，不占 CPU/Worker；预算拒绝时 copy/Pubisher 都为0 (49.252333ms)
✔ 既有 singleton FIFO Publisher 实际发布一次，正式目标与 E10-A bytes/digests 完全一致 (164.811125ms)
✔ 真实 E10-B Publisher 在target parent等于fixed recovery root时零持久写入 (43.084875ms)
✔ 真实 Publisher committed-but-reply-lost 由同一 journal 恢复，settle 前 Hold、终态后 ack 且不重 copy/publish (237.157417ms)
✔ Publisher committed 后 settlement failure 不回报可重试失败并保留 RecoverySource receipt (129.532584ms)
✔ restart recovery 只取消 prepared journal，不 blind replay generation/copy/publish (90.398083ms)
✔ event-loop heartbeat 持续；copyFile 中 shutdown cancel 在 post-copy safepoint 胜出并清 staging (10.721708ms)
✔ runtime app quit 对 running inline copy 返回 cancelled、释放 lease 且 Publisher=0 (42.48525ms)
✔ 真实慢 copy shutdown 等 execution 收口后才释放 I/O lease/报告 leak=0 (63.38275ms)
✔ 真实慢 copy 超过 shutdown deadline 报 transport leak 并保留 execution/staging cleanup owner (42.047542ms)
✔ Windows missing-target case/Unicode identity fail closed，source/target exact evidence不猜路径 (8.07225ms)
✔ numeric leading-zero账户不能被流式字符串解码伪装为原账号 (37.14725ms)
✔ boolean账户不能被流式字符串1伪装为原账号 (11.728334ms)
✔ outer row与cell ref行号错位必须fail closed (8.608458ms)
✔ strict t=d原始空白必须fail closed，canonical/Zulu仍与legacy raw业务回读等价 (27.389958ms)
✔ cell ref必须canonical回编码，D02/长前导零不能冒充D2 (10.889292ms)
✔ outer row r=02按旧raw数值语义兼容，canonical cell refs仍保持业务等价 (6.78225ms)
✔ Reviewer反例：dimension A1:I1截断真实业务行时旧raw与strict均拒绝 (6.56875ms)
✔ strict dimension拒绝missing/duplicate/expanded/shifted/reversed/out-of-range/absolute/multi-area (27.198167ms)
✔ merge refs必须canonical回编码并拒绝端点前导零 (13.204958ms)
✔ strict dimension接受empty A1、冻结header-only尾随空行与真实1-row writer (13.057ms)
✔ strict dimension used range计入merge、styled blank、formula cached与multi-letter trailing cell (6.0435ms)
✔ Main authority边界拒绝超列cell、styled blank、merge与dimension，exact列和header-only保持兼容 (16.318125ms)
✔ Main authority动态内容禁令拒绝formula cached，generic raw oracle继续兼容 (3.895334ms)
✔ strict typed projection与旧SheetJS raw oracle覆盖全部合法cell type/formula cached (4.580291ms)
✔ strict projection与旧oracle保持XML实体、多字母列、blank/missing/sparse rows/cells等价 (2.569667ms)
✔ strict projection拒绝row/cell缺失、重复、乱序、错位和Excel范围越界坐标 (21.712042ms)
✔ strict projection拒绝shared越界、非法type payload、非有限/unsafe数值和无cache公式 (23.633875ms)
✔ strict projection拒绝截断XML与未知实体 (8.922ms)
✔ win32 + OneDrive 路径（标准大小写）→ true (0.66325ms)
✔ win32 + OneDrive 路径（全小写）→ true（大小写不敏感） (0.064833ms)
✔ win32 + OneDrive 路径（全大写 ONEDRIVE）→ true (0.051ms)
✔ win32 + OneDrive 个人版（OneDrive - Personal）→ true (0.042417ms)
✔ win32 + OneDrive 企业版（OneDrive - 公司名，中文目录）→ true (0.045875ms)
✔ win32 + 普通 Documents 路径（无 OneDrive）→ false (0.039333ms)
✔ 非 win32（darwin）即便路径含 onedrive 字样 → false（平台门控） (0.038084ms)
✔ 非 win32（linux）即便路径含 onedrive 字样 → false (0.049833ms)
✔ 边界：空字符串 → false (0.054833ms)
✔ 边界：非字符串（null / undefined / 数字）→ false（不抛错） (0.0805ms)
✔ 默认 platform 取 process.platform：当前平台非 win32 时含 onedrive 路径返回 false (0.050791ms)
✔ Pending additive migration 为历史 ordinary/removed head 写 v0 UUID，不伪造 producer (2.642875ms)
✔ 旧 binary SQL 覆盖 v1 ordinary/removed 后 identity 失效，前滚只回填 v0/null producer (1.5515ms)
✔ ordinary/removed 正常覆盖同事务换 dataset UUID 并递增 version (1.800958ms)
✔ normal reconcile API 拒绝 missing/v0 receipt，不进入 legacy 写入 (0.99675ms)
✔ Pending run 在同一业务事务核 frozen dataset head 并写未 ack receipt (1.894209ms)
✔ 未 ack success receipt 阻止月份覆盖；ack 后保留既有删除语义 (1.3225ms)
✔ Pending owner 在通用 sweep 前按 exact receipt 提交 TaskRun lineage 并 ack (8.46725ms)
✔ Pending receipt 指向不存在或错误 TaskRun 时 fail-closed 并保留 receipt/lineage (6.962625ms)
✔ Pending owner 在 result flow bind 崩溃窗口持久 task-owned intent 后才 terminal/ack (7.321042ms)
✔ single export 的所有 DB 读取固定在同一 SQLite snapshot，释放后才写文件 (15.215708ms)
✔ aggregate prepare 冻结实际 runIds/locators，execute API 不查询 latest (3.156041ms)
✔ Pending renderer run DTO 不泄露 Archive receipt identity (0.080334ms)
✔ Pending failed terminal outbox 无成功 receipt 时 finalizer no-op (0.065333ms)
✔ Pending main seam 贯穿 dataset/run identity、frozen export selection 与 terminal route (3.623208ms)
✔ E13-A Pending single/aggregate worker 与 legacy workbook 语义 golden 等价 (57.768458ms)
✔ E13-A Pending Main 只冻结紧凑 revision 且 dataset head 漂移时 fail closed (10.728875ms)
✔ E13-A Pending aggregate 在 writer 同一 read transaction 内执行 stable gate (9.106416ms)
✔ E13-A 抽取错误报告 writer 不破坏 legacy Pending 留底导出 (12.613ms)
✔ E13-A Pending 错误快照使用版本化 authority，不在 Main 深拷贝大数组 (28.76325ms)
✔ E13-A Pending error managed source 不进 Protocol 大载荷且 workbook golden 等价 (21.290875ms)
✔ E13-A Pending 拒绝未 ACK v1、stale managed source 与预启动取消 (15.323041ms)
✔ E13-A Pending 真实 Runtime authority 注入后在线程 Worker 完成 (175.194667ms)
✔ ① sheet 名为 Sheet1 (29.994375ms)
✔ ② 第一行表头 15 列且顺序 = CLEANUP_TEMPLATE_HEADERS (8.3935ms)
✔ ③ 数据行值按表头投影正确（含附言中文标点） (6.485583ms)
✔ ④ 返回 { filePath, fileName } 正确 (3.502209ms)
✔ ⑤ 缺列投影为空字符串 (6.006542ms)
✔ ⑥ atomic write：成功后不留 .tmp 半文件 (3.53625ms)
✔ position run replace 首调/取消 0 BOR，opaque 确认后恰好一次 lifecycle/run (2.52875ms)
✔ position run 选择校验在 lifecycle 前失败 (0.146541ms)
✔ position renderer replace 二次请求只含 contextId + confirmReplace (1.350375ms)
✔ source picker cancel 在 getService/BOR/reserve 前停止 (0.172584ms)
✔ source account-only、ordinary 与 mixed 均由真实输入 File Task 收口 (2.215417ms)
✔ source reserve 失败会 abandon prepared worker/staging 且 0 apply (6.528875ms)
✔ source mixed preflight 把全部选择、实际 staging 与 anomaly output 固定为同一 manifest (7.41725ms)
✔ position outer 拒绝时 abandon；实际进入业务 callback 后正常执行且不 abandon (0.142458ms)
✔ 生产 staging 与真实归档 metadata 提供可核验来源，仅返回该批次受管文件 (45.069334ms)
✔ 用户外部来源不读取、不认领；无候选时不依赖暂存根或引用 provider (0.132459ms)
✔ 活动、恢复和其他批次保护路径不被豁免，引用读取失败明确拒绝 (33.453833ms)
✔ 哈希核对结束后新增引用以及持久计划重试时新增引用均阻止删除 (34.876209ms)
✔ 其他批次通过目录别名引用同一受管文件时也必须保护 (33.114792ms)
✔ 已知文件或 job 子目录缺失可建立幂等目标，暂存根缺失不能当成功 (32.347167ms)
✔ 同内容替换文件和持久摘要不符均拒绝，不能用当前 capture 重新认领 (33.712791ms)
✔ 已知暂存路径缺少旧对象身份或输入归属时明确阻止 (31.833834ms)
✔ 暂存父目录链接和持久计划根替换均拒绝且不触及链接目标 (33.934166ms)
✔ E13-B Position run worker 与 legacy workbook 语义 golden 等价，真实 Runtime 可执行 (352.339541ms)
✔ E13-B Position stale checkpoint fail closed，差异空集不产生 artifact (13.905625ms)
✔ E13-B Position filtered worker 保留异常报告血缘并与 legacy workbook 等价 (52.928166ms)
✔ E13-B Position managed export 先验证后单次 Publisher，发布后元数据失败仅告警 (25.401792ms)
✔ E13-B Position 终态先收口 pending，再 ACK managed Publisher receipt (0.182958ms)
▶ 平盘资金性质金额口径
  ✔ 十进制转分不经过浮点数，支持千分位、科学计数法和精确四舍五入 (0.849792ms)
  ✔ 方向校验要求主方向非0、相反方向为空或0 (0.198084ms)
  ✔ Test 只校验 Debit，不检查 Credit (0.058375ms)
  ✔ 调拨金额按主方向绝对值加 signed Extra Fee，合计后不再取绝对值 (0.240125ms)
  ✔ 空手续费按0；非法手续费和负合计 fail closed (0.1085ms)
  ✔ 调拨来源金额取绝对值并精确到分，空值和0不进入候选 (0.08125ms)
✔ 平盘资金性质金额口径 (2.402417ms)
✔ 调拨同币种双腿保留为内部证据但不出现在可见链接表 (1.893458ms)
✔ 测试付款和网关入账只把FX行标为可见，基础类型证据仍可供引擎使用 (0.371667ms)
✔ 测试付款源金额为0时不生成链接候选 (0.09125ms)
✔ 单记录派生 API 与批量 API 对五类来源保持完全等价 (0.383958ms)
✔ 规范标识符字段清单独立断言为文本列 (0.633458ms)
✔ 五个链接模板严格使用正式字段、冻结首行和筛选范围 (29.393458ms)
✔ 四个订单原始表模板使用规范文件名、sheet 和严格表头 (10.869292ms)
✔ 49列结果模板的标识符列在零数据时也固定为文本格式 (2.867167ms)
✔ 49列结果只标黄实际改变的 FundType，并保持标识符文本格式 (28.759375ms)
✔ 链接表零数据仍导出合法表头，49列表头被篡改时回导拒绝 (10.686625ms)
✔ 运行时导出的零数据链接表、原始表和结果表仍保留文本列格式 (18.694084ms)
✔ 目标文件已发布后，旧备份清理失败不得把成功导出误报为失败 (8.1885ms)
✔ 发布失败时即使临时文件清理失败也必须恢复原目标文件 (7.023083ms)
✔ 异常报告按 SHA 校验、同字节导出并按运行冻结记录合并 (65.554459ms)
✔ 文件级分片与批次报告重叠时只从墓碑冻结的报告读取一次 (22.802875ms)
✔ 运行过滤合并报告超过单 Sheet 上限时完整拆分 (13.214583ms)
✔ 异常报告缺失或字节被修改时 fail closed (3.372166ms)
✔ 目标月份来源全量过滤时在匹配引擎前阻断运行 (1.11725ms)
✔ 多月份运行逐来源逐月份阻断全量过滤，不能被其他月份的正常行掩盖 (0.620209ms)
✔ 全量过滤月份仍可在链接表管理中选择并解除活动墓碑 (5.458459ms)
✔ 结果确认前重新校验运行冻结的异常报告哈希 (4.11925ms)
✔ 运行信封拒绝被改写的过滤报告引用和来源 revision (8.802834ms)
▶ v3.1.3 旧平盘导入 characterization
  ✔ SheetJS raw reader 的值、类型、负零、公式缓存、错误单元格和物理行号保持固定 (0.738791ms)
  ✔ 真实 XLSX shared/inline/formula/rich-text/1904 日期系统保持旧 SheetJS 类型契约 (12.833375ms)
  ✔ 银行只读取渠道对账单且允许额外 sheet，46 列行序、日期类型和 hash 稳定 (5.417291ms)
  ✔ 来源允许无关 sheet，多个可识别业务 sheet 时保持 ambiguous 首因 (5.319333ms)
  ✔ 五类来源结果顺序、同文件折叠、账户过滤和派生 0/隐藏/可见/双腿保持固定 (9.787167ms)
  ✔ 旧 service 数据库快照锁定五类来源、链接、revision、checkpoint 和确认语义 (20.482875ms)
  ✔ 旧 reader 对外错误仍以物理顺序中的第一条非法行为准 (2.690708ms)
✔ v3.1.3 旧平盘导入 characterization (57.936166ms)
✔ 共享 mutation helper 在同一事务写业务、input proof 与 checkpoint (7.109833ms)
✔ 共享 mutation helper 支持异步写入并在异步失败时整体回滚 (3.432625ms)
✔ 来源身份迁移折叠完全相同行并回填链接、运行和消费血缘 (16.596ms)
✔ 来源腿冲突或磁盘空间不足时身份迁移整体回滚 (4.885875ms)
✔ schema 迁移取得写锁后重新核对 checkpoint (3.608583ms)
✔ 完全重复来源行派生业务字段不一致时禁止折叠迁移 (5.022083ms)
✔ 完全重复来源行的派生腿集合不一致时禁止折叠迁移 (4.373958ms)
✔ worker 退出后按 checkpoint 历史和 input proof 恢复已提交文件 (4.825042ms)
✔ 银行批次不得套用普通来源的逐文件恢复算法 (0.085917ms)
▶ 清结算银行账户逻辑账户归并
  ✔ 仅保留账户状态正常的数据，银行账号与系统账号作为同一逻辑账户别名 (1.148542ms)
  ✔ 共享别名会传递归并；同一逻辑账户多币种或多性质标为冲突 (0.080708ms)
  ✔ 先唯一识别自有账户，再从未被自有账户命中的字段识别非自有账户 (0.193792ms)
  ✔ 自有与非自有账号只出现在同一字段时，该字段整体排除，不能重复解释 (0.079834ms)
  ✔ 多个自有账户、多个非自有账户及冲突逻辑账户均拒绝取第一条 (0.140375ms)
  ✔ 账号包含匹配 trim 后大小写敏感，不做片段大小写归一 (0.059292ms)
✔ 清结算银行账户逻辑账户归并 (2.280916ms)
▶ 平盘资金性质十组配对与审计
  ✔ 契约固定十组基础/FX配对 (1.273334ms)
  ✔ Inbound 可增加FX，只有三种币种明确相同时才移除FX (1.084834ms)
  ✔ Inbound 原始出金币种为空时证据不足，保持原值并转人工 (0.216ms)
  ✔ Inbound 出现订单、原始和银行三种不同币种时不得自动判为FX (0.226916ms)
  ✔ Inbound 的原始出金币种、订单币种和银行币种相同时判定不涉及换汇 (0.122334ms)
  ✔ Wire Return 只读取 WireReturn，普通 Inbound-VA 不得串场景 (0.110084ms)
  ✔ outbound 精准/模糊规则只允许增加FX，不满足时不得自动移除FX (0.24275ms)
  ✔ Ach Return 只读取 AchReturn；普通 outbound 明确排除 AchReturn (0.161166ms)
  ✔ Test 不比较账户和金额，Credit 非0也不阻断；异常付款状态为模糊命中 (0.1735ms)
  ✔ Others：唯一自有/非自有账户币种不同改为 Others&FX (0.440791ms)
  ✔ Revenue Clear：唯一自有/非自有账户币种不同改为 Revenue Clear&FX (0.094ms)
  ✔ From TREASURY FUND：唯一自有/非自有账户币种不同改为 From TREASURY FUND&FX (0.065917ms)
  ✔ 不支持的 FundType 原样保留且标记不适用，不进入差异 (0.06625ms)
✔ 平盘资金性质十组配对与审计 (4.987125ms)
▶ 标识符与严格1:1
  ✔ 对账标识 trim 后大小写敏感，前导零保留 (0.125834ms)
  ✔ 不同银行标识命中不同链接记录时直接转人工，不选其中一条 (0.06625ms)
  ✔ 同一 ReconID 多条完整链接候选全部转人工 (0.062041ms)
  ✔ 两条银行行共享同一链接候选时双方都转人工，不按银行顺序抢占 (0.06525ms)
  ✔ 同值命中仍消费并记录配对，但不生成 modification 和命中明细 (0.046375ms)
✔ 标识符与严格1:1 (0.427125ms)
▶ 调拨金额、方向与日期
  ✔ FundTransfer-out 支持负手续费95和正手续费1027两个资金边界 (1.073584ms)
  ✔ 金额精确到分比较，非法手续费、负合计和相反方向非0转人工 (0.217042ms)
  ✔ FundTransfer-out BillDate 不得早于交易时间 (0.090625ms)
  ✔ FundTransfer-in 同时要求不早于交易时间和唯一 FundTransfer-out 银行日期 (0.205708ms)
  ✔ FundTransfer-in 可读取当前选择外的未归档 out；缺失或多条均转人工 (0.23275ms)
  ✔ 本地日比较忽略时分秒，非法日期返回 null (0.25175ms)
✔ 调拨金额、方向与日期 (2.155167ms)
▶ 账户场景冲突、结果守恒与输入只读
  ✔ 两个账户币种相同会移除FX；多个自有账户转人工 (0.160208ms)
  ✔ 每条输入行恰有一个去向，结果按原序输出且不修改输入对象 (0.2175ms)
  ✔ 仅实际 FundType 修改生成命中明细和 modification，差异行不伪造标黄依据 (0.083834ms)
✔ 账户场景冲突、结果守恒与输入只读 (0.498292ms)
▶ 并行接线服务兼容契约
  ✔ 接受 linkedRows/allBankRows 结构并返回 service 所需 rows 契约 (0.097209ms)
  ✔ 链接行也兼容 store listLinkRows 的 {row, metadata} 包装结构 (0.045834ms)
✔ 并行接线服务兼容契约 (0.170875ms)
✔ 用户取消导入返回 cancelled，其他异常仍返回 failed (1.273959ms)
✔ worker 接受 no-file 取消后把 operation owner cancelled 意图写入 pending，供崩溃恢复 (0.310875ms)
✔ interrupted operation owner 启动恢复先 reopen running 再写终态 (0.122834ms)
✔ 暂存保护集合同时包含持久 outbox 与当前主库 pending 输入 (0.222041ms)
✔ 存档完成后会等待异步清理结束再返回业务结果 (2.381042ms)
✔ 账户表 prepare 不建空存档且清除 pending，apply 后正式存档并推进 checkpoint (0.455792ms)
✔ 输出已发布但业务状态落库失败时登记 outbox、保留文件并清除 pending (1.287084ms)
✔ 存档失败已形成持久重试后清理函数只处理未受保护暂存 (0.110667ms)
✔ 正式存档与持久重试都失败时原样返回业务成功并保留 incomplete pending (0.115708ms)
✔ 启动恢复按持久 succeeded outcome 终结原 task (0.398959ms)
✔ 启动恢复按持久 cancelled outcome 终结原 task (0.074708ms)
✔ 启动恢复按持久真实异常 outcome 终结原 task 为 failed (0.064708ms)
✔ 新 manifest owner 启动恢复只用 finishFileTask 收口原 TaskRun 与批次 (0.086375ms)
✔ 启动恢复仅把与目标一致的既有终态视为幂等，冲突终态 fail-closed (0.214625ms)
✔ 启动恢复通过 raw repository 读不到原批次时失败 (0.111292ms)
✔ 启动恢复拒绝终结与持久 batchContext 身份不一致的批次 (0.062667ms)
✔ output-only 平盘导出恢复无需伪造 input 提交凭证 (0.104042ms)
✔ 损坏存档文件清单在任何 archive 状态下都禁止同步 checkpoint 和清除 pending (0.191792ms)
✔ 恢复 input 只复用 pending 的解析时证据，不重新抓取当前文件快照 (0.084958ms)
✔ 恢复只保留 side DB 已提交的文件级输入，prepared 输入不存档也不阻断已提交输入 (0.263833ms)
✔ 部分提交恢复遇到未声明输入依赖的旧输出时 fail closed (0.103833ms)
✔ 恢复文件级提交凭证与 pending 不一致时 fail closed (0.131459ms)
✔ 恢复前暂存输入字节变化时 fail closed，不允许继续登记恢复意图 (1.70875ms)
✔ 普通来源 apply 只有在 manifest 文件证据持久化后才签发 grant (0.329625ms)
✔ 含过滤行的普通来源在 grant 前同时持久化异常报告证据 (0.236625ms)
✔ 主进程异常报告存档意图保留预检声明的输入依赖 (1.720083ms)
✔ atomic Position 在业务前登记 frozen manifest，取消 ACK 接原批次 CAS (2.267042ms)
✔ 普通来源 manifest 与 pending 文件证据不一致时禁止签发 grant (0.162583ms)
✔ atomic Position wrapper 以完整 frozen manifest 单次 settle，不再调用 legacy result/error settle (2.888625ms)
▶ 平盘导入读取器
  ✔ 银行46/49列和XLS均可读取，49列旧审计不会进入工作数据 (15.807125ms)
  ✔ 银行空表、重复BizId和非法日期整批拒绝 (7.160625ms)
  ✔ 同文件完全重复主键折叠，内容冲突拒绝 (7.019875ms)
  ✔ 同批跨文件重复主键和多份账户快照均拒绝后续文件 (6.263583ms)
  ✔ 坏行错误包含文件、sheet、Excel行号和字段 (1.970833ms)
  ✔ 数据区空白行不压缩后续银行和原始表的物理行号 (3.432708ms)
  ✔ 稀疏工作表只返回非空行并保留物理行号 (32.458334ms)
✔ 平盘导入读取器 (74.837417ms)
✔ 链接管理和原始表始终按业务规定顺序返回 (6.985583ms)
✔ 链接管理汇总缓存随导入和删除原子刷新，损坏时回退事实表 (20.565666ms)
✔ 银行管理快照单次聚合范围、总数、日期和状态并使用覆盖索引 (3.989166ms)
✔ 现代来源身份下旧小文件路径保留同业务主键的不同内容 (22.643709ms)
✔ 同业务主键的不同来源记录可分别匹配并独立消费 (55.657417ms)
✔ 流式来源配置收窄时未启用来源明确失败且不得自动回退旧路径 (438.183166ms)
✔ 普通来源 worker 退出恢复后 Service 保留已提交文件的存档证据 (3.151ms)
✔ 流式 lifecycle plan 未获 reserve 时终止 worker 并清暂存，ordinary 不获 apply 授权 (4.076791ms)
✔ 流式 service 完成银行确认、普通来源自动提交和账户快照确认替换 (1666.769292ms)
✔ 流式 service 通过 utility worker 删除来源并同步 checkpoint (406.844292ms)
✔ 流式导入取消由主进程跟踪，汇总与提交阶段拒绝取消 (3.060916ms)
✔ 平盘 service 完成导入、隐藏非FX证据、运行、导出、回导和确认 (42.342459ms)
✔ 结果文件发布后导出状态落库失败时保留已发布文件 (14.728125ms)
✔ 差异页隐藏失效和被替换草稿，并保留当前草稿批次 (18.241583ms)
✔ 清结算银行账户表只保存状态正常的行，零有效行不覆盖旧快照 (12.682125ms)
✔ legacy source lifecycle plan 在 reserve 前不 apply，mixed 保留 ordinary + account 独立确认语义 (15.741791ms)
✔ 链接原始表混合批次保持选择顺序，供存档中心准确关联成功文件 (7.920458ms)
✔ 多文件来源操作只为真正提交的文件写入凭证，失败文件不阻断恢复已提交文件 (8.060292ms)
✔ 同一多文件操作全部提交时，每份输入都有独立 side DB 提交凭证 (7.888041ms)
✔ 文件级提交凭证与业务写入共享事务，任一侧失败都整体回滚 (10.736083ms)
✔ 持久侧库关键 JSON 损坏时阻断运行，不降级成普通未命中 (8.786167ms)
✔ 持久侧库非法日期标记必须阻断读取 (7.619833ms)
✔ 持久侧库语法合法但缺字段的 JSON 必须 fail-closed (25.777791ms)
✔ 不适用行的空对象血缘也必须 fail-closed (14.668875ms)
✔ 运行结果、血缘、差异集合及当前链接引用被改写时必须 fail-closed (11.631209ms)
✔ 链接表删除必须明确月份，清空来源后运行会被阻断 (8.486333ms)
✔ FundTransfer-in 使用的外部 out 银行数据变化会使草稿失效 (11.695292ms)
✔ 差异汇总和导出严格限定当前银行渠道、月份和状态 (23.147083ms)
✔ 引擎输出必须与输入 BizId 集合严格一一对应 (0.210209ms)
✔ 银行 Excel 日期单元格经过侧库后仍以日期类型导出 (32.086542ms)
✔ 结果回导在解析后、写侧库前暂存发生变化时拒绝更新草稿 (17.479333ms)
✔ 结果回导拒绝 BillDate/ValueDate 同日时分秒、跨日和非法文本篡改 (116.435125ms)
✔ 结果回导接受纯日期文本与等价 Excel 日期单元格 (17.446125ms)
✔ 已确认订单链接记录跨月份及原始表重建后仍禁止重复消费 (24.912375ms)
✔ 同一银行 BizId 重导后可幂等复核同一链接记录 (32.994292ms)
✔ 已确认来源消费表与运行血缘必须保持双向一致 (20.687458ms)
✔ 来源消费 owner 必须由对应 confirmed 运行血缘证明 (45.157875ms)
✔ 同一银行 BizId 已确认后禁止改配到另一条链接记录 (28.755584ms)
✔ 银行导出拒绝实际无数据的 Channel 月份组合 (5.574666ms)
✔ 银行导入 BizId 与其他范围冲突时明确拒绝并保留原数据 (8.425791ms)
✔ 银行批量同时替换新旧范围时也禁止 BizId 跨范围迁移 (8.318667ms)
✔ 银行导入确认使用不可变暂存副本，原路径被覆盖不改变写库和存档来源 (6.594625ms)
✔ 银行 prepare 后暂存字节变化时 apply 拒绝写库并回收失效 token (4.961542ms)
✔ 账户表确认前暂存字节变化时拒绝覆盖旧快照 (5.415791ms)
✔ 普通链接表在解析与自动落库之间发生暂存变化时整份失败 (5.552625ms)
✔ 启动暂存清理跳过仍被存档失败批次引用的文件 (1.455125ms)
✔ 主库 pending 单独引用的过期暂存文件必须在恢复前保留 (5.336458ms)
✔ 存档保护来源不可用时保守跳过全部过期暂存清理 (17.17175ms)
✔ pending archiveFiles 缺失或损坏时保守跳过全部过期暂存清理 (24.982625ms)
✔ pending 合法空 archiveFiles 允许清理无保护的过期暂存 (4.488833ms)
✔ 业务后置清理只返回没有未完成存档引用的暂存目录 (0.097083ms)
✔ 取消账户确认不得删除普通来源存档重试仍引用的共享暂存目录 (4.675333ms)
✔ 账户确认取消时存档保护集不可读会保守保留暂存目录 (2.543125ms)
✔ 规则版本变化后持久草稿自动失效并禁止确认 (11.293875ms)
✔ 已初始化的平盘侧库缺失或被替换为空库时必须阻断，不得静默重建 (3.384625ms)
✔ 侧库初始化结果只暴露 new 或 existing 模式 (3.568042ms)
✔ 新建侧库在 existsSync 后被第二连接抢先创建时必须锁内拒绝 (1.94075ms)
✔ 完整空旧侧库只在合法 generation 0 bootstrap 下原地升级 (20.816834ms)
✔ 空旧侧库预检后被第二连接写入时，加锁后的复检必须阻断升级 (14.447542ms)
✔ 空旧侧库的 bootstrap 所有权或 generation 不合法时保持阻断 (43.052833ms)
✔ 空旧侧库十张表任一非空都不得自动接管 (163.107916ms)
✔ 空旧侧库缺表、错列或未知 schema 对象时保持阻断 (186.730708ms)
✔ 空旧侧库 quick_check 失败时不得修补或写入 checkpoint (37.260167ms)
✔ 首次 bootstrap 只绑定同一份 generation 0 侧库，旧 marker 和既有现代库均不得接管 (12.685167ms)
✔ checkpoint 父链允许线性追平并阻断新旧 generation 分叉 (18.743708ms)
✔ 运行范围、快照和汇总 JSON 语法合法但结构不完整时必须 fail-closed (12.455709ms)
▶ 平盘来源过滤白名单
  ✔ 非付款成功调拨缺金额或币种时进入稳定过滤去向 (2.034709ms)
  ✔ 付款成功调拨缺同样证据仍是硬错误 (0.101375ms)
  ✔ 调拨业务键或日期无效不进入过滤白名单 (0.541208ms)
  ✔ 测试付款仅在目标证据有效时过滤源证据缺失 (0.144542ms)
  ✔ 正常行和非目标来源保持 accepted/invalid 既有语义 (0.084666ms)
✔ 平盘来源过滤白名单 (3.506333ms)
✔ Pre-fund run lineage 精确冻结 Bank/MPT/Gateway producer，v0 不伪造 producer (1.467292ms)
✔ Pre-fund run-output lineage 使用不复用的主库 mirror id (0.2285ms)
✔ startup receipt owner 在 terminal/ack 前恢复镜像并耐久绑定 exact business run id (0.227667ms)
✔ receipt 指向错误 TaskRun 时 fail-closed，不恢复镜像、不 ack (0.325375ms)
✔ failed terminal outbox replay 对 Pre-fund receipt 无副作用 (0.102209ms)
✔ mirror 补偿失败在返回业务错误前把同一 Pre-fund TaskRun 保持为 interrupted (0.126458ms)
✔ E13-B PreFund channel/audit worker 与 legacy workbook 语义 golden 等价 (128.964875ms)
✔ E13-B PreFund Main 只冻结紧凑 revision，未 ACK 与 mirror/side 漂移 fail closed (11.089458ms)
✔ E13-B PreFund 模板 revision 纳入来源证据，确认后漂移必须 fail closed (10.187709ms)
✔ E13-B PreFund managed export 逐渠道生成后只做一次整批 Publisher (61.197792ms)
✔ E13-B PreFund 渠道 job 缺失或第二个 unit 失败时绝不调用 Publisher (29.428583ms)
✔ E13-B PreFund 预启动取消不产生 artifact，真实 Runtime 在线程 Worker 完成 (315.598958ms)
✔ 十进制 canonicalizer 不用浮点即可稳定处理等价值、科学计数法和超安全整数 (1.107125ms)
✔ 十进制 canonicalizer 拒绝非法格式且中文错误包含字段名 (0.372625ms)
✔ 有符号十进制加法不使用浮点，支持正负手续费和超安全整数 (0.224417ms)
✔ Extra Fee 进入银行匹配金额但不改变原方向金额，零发生额仍跳过 (0.272292ms)
✔ 非法 Extra Fee 即使发生额为零也定位并阻断 (0.127458ms)
✔ Credit 非零派生 CREDIT、Drawee/name/cardNo、金额绝对值和稳定追溯ID (0.110458ms)
✔ Credit 派生兼容标准46列表头 Drawee Name/Drawee CardNo (0.074584ms)
✔ Debit 非零派生 DEBIT、Payee/name/cardNo，已有 OriginBillId 原样优先 (0.06425ms)
✔ 双零/空、空 reconId、双非零四类互斥分类 (0.101834ms)
✔ 双非零整次失败错误包含文件名、Excel行号和两个原始金额 (0.153ms)
✔ 非法单边金额也携带文件和行定位 (0.070792ms)
✔ 稳定追溯ID在同文件同行确定、跨行唯一 (0.04925ms)
✔ no-clobber 发布身份可识别外部后续修改 (21.36025ms)
✔ 目标目录不支持硬链接时降级排他复制且仍不覆盖 (7.583292ms)
✔ 最终模板必须严格为固定5-sheet顺序和21/31/31/16/14表头 (28.178625ms)
✔ 真实 asset 已升级为最终5-sheet契约 (10.502958ms)
✔ 模板任一固定表头漂移时中文 fail-fast 并定位sheet/列 (13.106167ms)
✔ 按单渠道逐行写5-sheet：数据列固定、网关账单/订单修复仅表头、样式宽度冻结保留 (25.263667ms)
✔ 0不平仍导出：不平结果和渠道账单只有表头，平账结果有数据 (22.374708ms)
✔ 有重复时末尾动态追加22列第6 sheet，无银行行的重复专属渠道前5 sheet仅表头 (18.325791ms)
✔ 无重复时即使传入空重复 iterable 仍保持5 sheet (15.142583ms)
✔ 批量writer顺序消费逐渠道 async iterable，两个渠道文件内容不串 (24.427417ms)
✔ 渠道账单行数与不平结果不一致时拒绝伪成功并清理临时文件 (8.432083ms)
✔ 数据 iterable 中途抛错时不留下最终文件或临时文件 (10.011584ms)
✔ 目标文件在生成期间被外部创建时不覆盖且清理临时文件 (12.0555ms)
✔ 文件名使用本机日历日并复用安全文件名规则 (4.265666ms)
✔ 单 sheet 数据行超过 Excel 上限时显式失败 (4.218916ms)
✔ 日期统一 YYYY-MM-DD，含斜杠、ISO时间、Date和Excel序列号 (1.827958ms)
✔ 指纹字符串字段只 trim 且大小写敏感，金额按十进制数值等价 (0.757792ms)
✔ 规范MPT行的指纹与并行PR2解析器SHA-256契约一致 (0.151542ms)
▶ 十个指纹字段分别变化时均不得误折叠
  ✔ date (0.078458ms)
  ✔ channel (0.065833ms)
  ✔ merchantId (0.086958ms)
  ✔ orderId (0.050541ms)
  ✔ billReconId (0.044375ms)
  ✔ currency (0.060375ms)
  ✔ amount (0.075084ms)
  ✔ tradeType (0.04225ms)
  ✔ realChannel (0.043541ms)
  ✔ clearingNetwork (0.043792ms)
✔ 十个指纹字段分别变化时均不得误折叠 (1.582417ms)
✔ 同 reconId+fingerprint 跨来源完全重复折叠，临时来源优先保留 (0.348708ms)
✔ 原始业务JSON只取MPT rawJson或持久entry.row，不混入包装层元数据 (0.090292ms)
✔ 两条银行同ID、一条网关：银行不去重，第一条平账、第二条右单边 (0.538209ms)
✔ 一条银行、同ID两条不同指纹网关：只消费稳定第一候选 (0.103458ms)
✔ 临时和持久来源同ID但不同指纹时临时候选先消费，来源内稳定 (0.171916ms)
✔ 匹配仅 trim 后精确且大小写敏感，不做子串兜底 (0.0925ms)
✔ 类型规则已满足时，对账ID、渠道、十进制金额和币种四个基础字段必须全部相同 (0.185541ms)
✔ 同ID前候选要素不符时不消费，后续完整匹配候选仍可平账 (0.081625ms)
✔ 类型规则已满足时，银行四个基础字段与规范网关候选使用同一严格比较口径 (0.110667ms)
✔ 银行空ID/双零和网关空ID分类统计可见且不进入匹配结果 (0.53325ms)
✔ 网关空ID先排除，不因该无关行的日期或金额脏值阻断指纹构建 (0.191ms)
✔ 同一网关行同时存在别名字段时，空首选字段不会遮蔽后续非空规范字段 (0.053583ms)
✔ 持久网关游标 wrapper 的 envelope 字段和 raw row 正确合并规范化 (0.131375ms)
✔ 网关联合池无非空ID数据时阻断运行，避免整表误报 (0.080625ms)
✔ 双非零失败携带截至失败行的非法统计，运行不返回部分成功结果 (0.13575ms)
✔ side-DB adapter迭代路径不保留全量数组，仍保持临时优先、重复折叠和银行行守恒 (0.448291ms)
✔ 按 INBOUND/OUTBOUND 分 sheet 导出错误字段并无损分片超长原始行 (38.903625ms)
✔ 源文件变化时拒绝导出且保留目标文件原内容 (1.896708ms)
✔ 错误数据超过单 sheet 行数上限时拒绝发布并保留目标文件 (5.684292ms)
✔ 固定输出表头严格为21列不平、31列平账、16列渠道账单 (1.28625ms)
✔ 重复网关账单固定22列表头且原始JSON按UTF-16安全边界无损分片 (0.19325ms)
✔ 合法对象短值和30000边界矩阵含中英文转义字符时逐字符无损 (1.361875ms)
✔ 不平结果只映射银行右单边，固定值和稳定追溯ID正确 (2.266916ms)
✔ 不平结果 FundType 缺失或空值时保持空，不根据交易方向推导 (0.084792ms)
✔ 平账结果完整映射网关14列、结果列和银行16列 (0.256ms)
✔ 渠道账单16列只映射同一缺网关银行行 (0.172708ms)
✔ 输出统计严格守恒：参与行=平账+不平，渠道账单行数=不平 (0.168667ms)
✔ 集合或统计漂移时中文 fail-fast，不静默导出 (0.298458ms)
✔ 逐渠道输出暴露 generator，不复制全量数组且内容不串渠道 (0.298333ms)
✔ 导出渠道为银行渠道优先加重复专属渠道，重复审计双方逐条且不串渠道 (0.292583ms)
✔ 重复审计记录原始JSON损坏时显式失败 (0.062417ms)
✔ 重复专属渠道按首次被折叠事件顺序追加，不按保留候选出现顺序 (0.166416ms)
✔ 数组行投影也必须严格匹配固定列数 (0.061458ms)
✔ 附件14类规则完整固化，方向和名称保持稳定 (1.708125ms)
✔ FundType 同时属于多条规则时合并允许的网关类型 (0.166584ms)
✔ 规则值只 trim，大小写不等价；方向不符有独立原因 (0.063708ms)
✔ ExternalTransfer 空网关类型不是通配符或空字符串匹配 (0.059ms)
✔ 正手续费和负手续费都按规则及五字段条件平账 (2.174375ms)
✔ 四字段相同但 tradeType 不允许时不消费候选并输出原因 (0.208416ms)
✔ 未配置、方向不符和无网关类型均进入不平并分别统计 (0.26425ms)
▶ PreFundReconciliationService
  ✔ runs strict 1:1 against persistent iterator and stores balanced/unbalanced outputs (23.153ms)
  ✔ main mirror create 失败时按 TaskRun 精确补偿 side receipt 与全部结果 (8.012875ms)
  ✔ mirror finish 与 side 补偿同时失败时保留 receipt/running mirror 供 owner 恢复 (6.854625ms)
  ✔ production side-DB path only consumes candidates matching ID, channel, amount and currency (8.659084ms)
  ✔ production side-DB path uses direction amount plus Extra Fee and only consumes rule-allowed tradeType (7.503834ms)
  ✔ does not enable export when a successful run has no channel output (5.826084ms)
  ✔ production run consumes one million persistent gateway rows lazily (2075.703292ms)
  ✔ rejects the run when gateway union has no eligible nonblank ID rows (6.122834ms)
  ✔ same-month temporary MPT runs and exports the real five-sheet template, then OUTBOUND deletion invalidates export without deleting INBOUND (67.231333ms)
  ✔ MPT 明细失败签发轻量令牌，支持错误导出和逻辑删除重跑且令牌一次性失效 (15.841875ms)
  ✔ 重新选择 MPT 文件后旧错误令牌失效 (4.395417ms)
  ✔ 逻辑删除重跑发现源文件变化时作废旧令牌且不反复提供修复操作 (4.349125ms)
  ✔ 逻辑删除重跑遇到旧批次序号时终止失败令牌 (0.717834ms)
  ✔ bank re-import and persistent gateway metadata changes both invalidate the previous result (15.665875ms)
  ✔ duplicate-only gateway channel is appended after bank channels and exports isolated sixth sheet (30.293833ms)
  ✔ rolls back candidate and output bulk when side-run finalization fails (5.874958ms)
  ✔ run 使用独立主库读快照，共享连接写入独立提交且 side rollback 不回滚该写入 (173.360542ms)
  ✔ startup marks unfinished runs interrupted and successful mirrors with missing side DB unavailable (4.467167ms)
  ✔ recovery 以 TaskRun 定位同月复用 sideRunId，并闭合缺失或 running 的精确镜像 (1.180458ms)
  ✔ new run supersedes the previous mirror and replaces the whole result side DB (17.727041ms)
  ✔ runtime result side-DB loss disables export and marks the mirror unavailable (4.943916ms)
  ✔ external file created after conflict check is neither overwritten nor deleted by rollback (15.151417ms)
  ✔ overwrite export succeeds through no-clobber copy fallback when hard links are unsupported (10.412584ms)
  ✔ partial backup failure preserves every pre-existing export file (1.945208ms)
✔ PreFundReconciliationService (2516.727375ms)
✔ Parser Core与当前parser golden等价：行序、长ID、日期、金额文本、fingerprint与strict/skip分类 (8.859708ms)
✔ E05-A Parser/spool/Coordinator静态证明不引用SQLite/store、repair token、replacement或候选排序 (1.076417ms)
✔ Parser Core保持OUTBOUND bankDebit→target→origin成对fallback与币种金额文本 (2.245042ms)
✔ fileOperationKey和unitId稳定派生，file目录固定为task staging/job/file index (0.997375ms)
▶ writer与cleanup逐层拒绝symlink目录且不越界删除
  ✔ taskStagingDir symlink在创建spool前拒绝 (1.429875ms)
  ✔ fileDir symlink cleanup fail closed且不删除外部文件 (1.35525ms)
✔ writer与cleanup逐层拒绝symlink目录且不越界删除 (3.051167ms)
✔ jobId目录token对大小写、尾点和设备保留名隔离，cleanup不串扰 (61.548542ms)
✔ Spool success：part先收口、ready三件套、Reader完整回放且计数/行序守恒 (17.258458ms)
✔ strict spool保留error候选但不生成repair token或业务结果 (15.450542ms)
✔ durability unsupported时manifest不发布且当前file spool清理 (7.105417ms)
✔ 真实平台目录屏障决定ready发布且unsupported保持fail closed (22.752125ms)
✔ 取消与解析业务错误均清理part/ready，不留下伪manifest (4.148708ms)
✔ 解析期间source snapshot变化会fail closed并清理 (2.44775ms)
▶ Reader tamper matrix：manifest/path/symlink/hash/count/header/source全部fail closed且不回调consumer
  ✔ manifest part不能冒充ready (12.914083ms)
  ✔ basename/目录边界拒绝 (11.954958ms)
  ✔ ready symlink拒绝 (11.935292ms)
  ✔ size/hash tamper在回调前拒绝 (15.848666ms)
  ✔ count tamper拒绝 (14.982542ms)
  ✔ header identity tamper拒绝 (10.108334ms)
  ▶ 零行与全-invalid即使联动重签header也必须锚定真实source
    ✔ zero/sourceBatch (10.399041ms)
    ✔ zero/sourceType原型键 (14.966916ms)
    ✔ zero/sourceFileSequence (12.039084ms)
    ✔ all-invalid/sourceBatch (14.676833ms)
    ✔ all-invalid/sourceType原型键 (15.813875ms)
    ✔ all-invalid/sourceFileSequence (13.602791ms)
  ✔ 零行与全-invalid即使联动重签header也必须锚定真实source (82.321417ms)
  ✔ source change拒绝 (10.623084ms)
  ✔ 逐行schema与安全整数在hash/count自洽篡改下仍拒绝 (11.382792ms)
  ✔ normalized金额与fingerprint联动篡改仍被rawJson来源证据拒绝 (14.465834ms)
✔ Reader tamper matrix：manifest/path/symlink/hash/count/header/source全部fail closed且不回调consumer (197.625875ms)
✔ gzip解压后的spool超过已批准单文件预算时fail closed并清理 (35.345375ms)
✔ cleanup只移除当前file已知spool文件，不跨job或跨file (20.776375ms)
✔ Ordered Coordinator乱序ready/error仍严格递增、consumer单飞、结果等长同序 (1.491458ms)
▶ Ordered Coordinator高水位背压、取消与transport crash按各自合同收口
  ✔ ready高水位阻止继续派发，前序到达后释放 (0.764458ms)
  ✔ 取消后completion拒绝且不消费后续 (0.504667ms)
  ✔ transport crash按旧service语义形成当前file error并继续 (0.51775ms)
✔ Ordered Coordinator高水位背压、取消与transport crash按各自合同收口 (2.192ms)
▶ one-shot Parser Worker真实成功、取消与transport终止不留下伪manifest
  ✔ 真实Worker发布ready spool且结果不携带路径或业务提交字段 (32.858583ms)
  ✔ 真实Worker cleanup incomplete只回传bounded当前file cleanup信号与原cause code (23.966208ms)
  ✔ 真实Worker普通解析错误保持原三字段语义且不误标cleanup (23.796042ms)
  ✔ 真实Worker取消清理当前file spool (70.819542ms)
  ✔ 真实Worker transport终止只形成crash证据，不映射产品结果 (55.5945ms)
✔ one-shot Parser Worker真实成功、取消与transport终止不留下伪manifest (207.902041ms)
✔ validated spool Writer以同事务receipt覆盖insert、exact replay、noop与replacement lineage (67.322625ms)
✔ historical additive migration v0的repair noop 0→0与import replacement 0→1可形成authoritative receipt (43.655083ms)
✔ Single Writer首遍预验证加ACK后streaming transaction总计只扫描spool两遍 (15.693125ms)
✔ same operation不同source identity fail closed，低序号与同名异hash不产生receipt (46.577583ms)
✔ repair spool保持valid+excluded=declared守恒并同事务记录repair receipt (19.444458ms)
✔ opaque exact batch scope：同identity一致，同月不同batch不互阻，import/repair action无关 (0.556125ms)
✔ legacy与spool同名同hash noop先于repair token校验；receipt replay校验真实行数 (19.123333ms)
✔ Inspector canonical只读：insert/noop committed，缺receipt not-committed，receipt-only与缺行unknown (39.568666ms)
✔ exact Hold gate：同batch import/repair/delete阻断，同月不同batch继续，date-range与clear覆盖旁路 (2.074375ms)
✔ Hold scope预检跳过不可识别文件，mixed import仍逐文件失败并继续有效文件 (6.992833ms)
✔ repair Hold预检跳过缺失源，保留其token并让同批可读repair完成终态删除 (8.313875ms)
✔ date-range Hold gate与legacy删除共享trim后的权威range，held batch不可被空白payload绕过 (7.172667ms)
✔ legacy mutation在BEGIN前按实际header identity复核Hold，prepare后换成held batch不能写入 (3.42225ms)
✔ sealed parser outcome绑定固定identity并拒绝tamper与symlink，cleanup覆盖sidecar (29.838791ms)
✔ Parser outcome测试注入不放宽生产默认directory durability fail-closed (7.471125ms)
✔ sealed success sidecar后的Coordinator失败保留原cause且Main清理未交接spool (79.35375ms)
✔ import/repair input与expectedContentHash按action精确fail closed (1.218834ms)
✔ Single Writer只消费validated spool、fileIndex递增且ACK后protected不取消 (12.7885ms)
✔ Single Writer在中间parser失败后保留共享job目录，直到末file完成再清理父目录 (35.46775ms)
✔ Single Writer active pre-critical安全点接受shutdown cancel并清理，未进入store (12.001917ms)
✔ Writer技术错误与parent validator独立清除或拒绝绝对路径，后续file继续 (21.656916ms)
✔ Parser cleanup元数据在Writer完成cleanup后不进入公开file result (6.302375ms)
✔ import与repair parent result validator保持action-specific exact public shape (0.687167ms)
✔ canonical MPT超长sequence fileName保持公开parity，任意账号样式文件名仍fail closed (1.010458ms)
✔ sealed Parser error保留canonical超长sequence basename并拒绝任意账号样式fileName (7.243667ms)
✔ PreFund policy保持冻结action-specific static keys、资源和production gate (0.930459ms)
✔ managed Writer以canonical超长sequence形成receipt后unit与parent validator仍接受 (75.273041ms)
✔ 一个parent job复用单一Writer transport，Parser effective=1按unit receipt后递增提交 (98.360291ms)
✔ E05-C真实8文件Parser Pool + Single Writer形成逐file唯一receipt并与legacy业务行parity (197.156292ms)
✔ E05-C Pool中一个真实transport crash只失败当前file，后续真实Writer/receipt继续 (177.290459ms)
✔ parser-error作为显式预注册unit保留原错误并继续后续file (98.638417ms)
✔ managed strict MPT_ROW_ERRORS与legacy保持可定位detail及顶层repair shape (75.146292ms)
✔ Parser OS error在sidecar边界清除绝对路径，当前file失败且后续file继续 (53.495042ms)
✔ Writer cleanup failure是authoritative file结果，不被Main parser error覆盖 (55.327ms)
✔ Parser result必须等待clean exit，result后nonzero按当前file crash且Parser绝不重叠 (40.145875ms)
✔ Writer dispatch后critical前transport exit交还Main cleanup且不升级资金不确定 (46.463958ms)
✔ ordinary shutdown cancel终止Parser并清理当前及未来未start unit的spool与空owner目录 (74.30675ms)
✔ managed critical:ready按Writer实际header scope在持久ACK前复核Hold (7.456583ms)
✔ prepared与acked同一Control transaction，mark-acked注入失败不留open Intent或Hold (9.719ms)
✔ durable recovery：prepared→acked；COMMIT结果丢失原子写interrupted/Hold并close，未提交直接recovered (50.614833ms)
✔ receipt authority拒绝后Intent保持acked并由唯一Inspector形成RESULT_LOST Hold (15.766375ms)
✔ critical payload拒绝缺失source sequence与非守恒counts (10.418167ms)
✔ E00 platform factory冻结canonical CPU/worker/utility/IO与freemem-reserve内存预算 (4.213292ms)
✔ PreFund requested topology独立收敛4/3/2/1，fileCount/unitCount与repair边界冻结 (0.583333ms)
✔ topology registry freeze捕获带receiver的planner，后续method替换不改变native binding (2.423209ms)
✔ native Supervisor使用E00 canonical预算，requested4诚实降级为实际1并在ready后只读暴露 (23.460042ms)
✔ 隔离Governor竞争压力把requested4降为1，repair无论文件数都只获批1 (16.865584ms)
✔ file0 straggler下in-flight+ready permit原子有界，Writer仍严格递增单飞 (3.414ms)
✔ fatal/cancel原子拒绝permit与legacy observer，已提交和in-flight permit最终归零 (0.518208ms)
✔ spool估算覆盖source放大与余量，溢出/不足fail closed且错误不泄露路径 (2.0335ms)
✔ valid+missing+valid逐file fail-closed，结果等长同序且缺失file无critical/receipt (110.83075ms)
✔ repair源文件缺失逐file失败并交还adopter，缺失file无critical/receipt或Parser启动 (40.226084ms)
✔ valid+symlink+valid中null source snapshot磁盘贡献0，Parser逐file fail-closed且结果等长同序脱敏 (123.230292ms)
✔ admission cancel先完成parent terminal/release barrier，Parser构造与spool均为0 (11.939375ms)
✔ Writer spawn失败先完成authoritative terminal/release barrier，Parser构造与spool均为0 (12.21825ms)
✔ running但非法topology先cancel并等待parent terminal，Parser构造与spool均为0 (1.359792ms)
✔ Parser Pool可乱序完成但fake Writer严格fileIndex单飞，parent结果仍等长同序 (144.652916ms)
✔ parent终止会取消全部active Parser并等待clean exit barrier，Main cleanup每file exactly once (2.730083ms)
✔ 真实Supervisor在file0 dispatchAccepted后pre-critical中断，混合ownership与Pool clean barrier准确收口 (31.82525ms)
✔ 真实service任意per-file transport异常形成mixed结果并继续，父shape由fixture冻结 (3.782959ms)
✔ 真实policy/TaskLifecycle执行与handler/Renderer源码seam冻结partial terminal (1.926208ms)
✔ Ordered Coordinator乱序transport crash同样只失败当前unit并继续后续unit (0.400834ms)
✔ managed strict failure沿用legacy顶层repair token shape且新轮清除旧token (1.189375ms)
✔ managed repair与legacy逐项保持token删除/保留和顶层结果shape (0.729667ms)
✔ source-month Side DB幂等创建冻结receipt schema、唯一键、三outcome且无batch FK (6.449875ms)
✔ repository只在现有事务写receipt，三outcome唯一且exact replay幂等 (3.627958ms)
✔ deleteBatch在receipt=0时物理删库，receipt>0时只删业务batch并保留receipt (8.642167ms)
✔ deleteByDateRange在receipt=0时物理删库，receipt>0时只删业务batch并保留receipt (7.812875ms)
✔ clearAll在receipt=0时物理删库，receipt>0时只删业务batch并保留receipt (8.283ms)
✔ 旧月库没有receipt table时按receipt=0处理并维持物理删除 (6.521333ms)
▶ 文件身份与十进制字符串
  ✔ 兼容账期/序号有下划线和无下划线，超长序号保持字符串 (1.0445ms)
  ✔ CHANNEL_OTHERS 明确拒绝且不承诺后续版本 (0.434417ms)
  ✔ 其它前缀明确拒绝 (0.746708ms)
  ✔ 金额规范化不经浮点：等价小数归一、超长精度不丢失 (0.716583ms)
✔ 文件身份与十进制字符串 (3.503375ms)
▶ txt/gz、BOM、首行形状识别与批量背压
  ✔ INBOUND txt 成功 (6.2135ms)
  ✔ INBOUND gz+BOM 成功 (1.570541ms)
  ✔ OUTBOUND txt 成功 (1.54325ms)
  ✔ OUTBOUND gz 成功 (1.385458ms)
  ✔ header-only seam复用gzip/BOM/filename/header规则且不解析明细 (1.367708ms)
  ✔ header-only seam复用UTF-8、4MB单行上限和stream error映射 (22.285917ms)
  ✔ 按 batchSize 回调，不累计全文件对象 (1.922042ms)
  ✔ 10 万行 gzip 按有界批次流式解析 (1637.851542ms)
✔ txt/gz、BOM、首行形状识别与批量背压 (1674.448334ms)
✔ OUTBOUND 币种/金额按 bankDebit -> target -> origin 完整对下沉，绝不交叉拼接 (1.625667ms)
▶ 强校验错误
  ✔ 字段数错误 (0.767292ms)
  ✔ 声明行数错误 (0.839667ms)
  ✔ 十进制字段错误 (0.611084ms)
  ✔ 错误收集模式跳过明细错误、保留有界样本并继续流式交付有效行 (1.068292ms)
  ✔ 日期错误 (0.812ms)
  ✔ 首行日期与文件名不一致 (0.7495ms)
  ✔ OUTBOUND 三层均无完整币种金额对 (0.731083ms)
  ✔ 截断 gzip 原子报错 (1.385916ms)
  ✔ 非法 UTF-8 拒绝 (0.927458ms)
  ✔ 含换行符的超长明细行仍受单行安全上限拦截 (20.349542ms)
✔ 强校验错误 (28.459166ms)
✔ E13-A Pending Main settlement 在三次 source gate 后才调用 Publisher (15.694292ms)
✔ E13-A Pending authority、artifact tamper 与最终 source drift 均阻断 Publisher (6.715292ms)
✔ E13-A BizOP Publisher crash 透传且无效 ISO 日期返回受控错误 (3.821667ms)
✔ E13-A Main 五入口均按 action gate；BizOP 仅单日在发布后更新 export_path (2.965625ms)
▶ runReconIdFix — 入参校验
  ✔ scenario 缺失 → 抛错 (0.603833ms)
  ✔ scenario.category 非法 → 抛错 (0.081083ms)
  ✔ sheets 缺失 → 抛错 (0.061792ms)
  ✔ sheets.businessBills 非数组 → 抛错 (0.050417ms)
  ✔ sheets.opponentBills 非数组 → 抛错 (0.053958ms)
  ✔ 合法 business category + 空 sheets → 不抛错（C4 内部处理） (0.317125ms)
  ✔ 合法 gateway category → subMode=gateway 透传 C4 (0.0525ms)
✔ runReconIdFix — 入参校验 (1.792ms)
▶ runReconIdFix — VALID_CATEGORIES 自洽
  ✔ recon-id-fix（business）合法 (0.1095ms)
  ✔ gateway-recon-id-fix 合法 (0.055333ms)
✔ runReconIdFix — VALID_CATEGORIES 自洽 (0.244375ms)
✔ canonical export policy byte-for-byte、strict bounded manifest与production false (1.961542ms)
✔ standard main+unmatched按FilePlan顺序回读并只调用一次Publisher (230.690208ms)
✔ export generation完成后的取消由单一cleanup owner清零且同staging可重试 (515.969ms)
✔ standard真实数据驱动覆盖main-only/unmatched-only/main+unmatched output-set (560.530125ms)
✔ BOC export成功回读gateway业务；linked evidence变化时Publisher=0新增调用 (191.68275ms)
✔ artifact set/collision/target alias/symlink staging均在Publisher前拒绝 (176.67025ms)
✔ batchContext是唯一authority：A runtime context/B journal batch在Worker前拒绝 (166.561792ms)
✔ export必须使用当前runtime owner的唯一evidence admission (174.376792ms)
✔ Main-owned kind/artifactKey/target binding拒绝反序 targets且Publisher=0 (167.746167ms)
✔ tamper、stale identity/revision/scenario/linked、order与lineage全部Publisher=0 (1806.111042ms)
✔ sheet/headers/records/style业务篡改即使同步伪造size/hash仍Publisher=0 (750.011959ms)
✔ 业务cell/新增行与自洽Worker manifest/summary仍必须对generation前authority失败 (386.764458ms)
✔ 真实 journal Publisher 一次提交 main+unmatched 且保留原批次 recovery receipt (322.567834ms)
✔ Publisher failure/uncertain只调用一次且不猜成功、不自动重发 (387.769583ms)
✔ 双artifact Publisher kill后沿用journal recovery：未提交回滚、已提交按原批次恢复 (680.852834ms)
▶ readReconIdFixFile gateway 3.0.14 compatibility
  ✔ accepts legacy four-sheet workbook unchanged (13.296167ms)
  ✔ accepts v3.0.26 five-sheet workbook and strips source/FundType fields from C4 result rows (3.79725ms)
  ✔ accepts v3.0.14-v3.0.25 twenty-column unbalanced sheet unchanged (3.345458ms)
  ✔ rejects nineteen-column data under modern unbalanced sheet name (3.299333ms)
  ✔ rejects twenty-one-column data under legacy result sheet name (2.431458ms)
  ✔ rejects new unbalanced sheet when FundType is not the sixth column (2.465667ms)
  ✔ rejects unknown twenty-second unbalanced column (4.981916ms)
  ✔ accepts six-sheet workbook, validates duplicate audit headers, and ignores its rows (3.319292ms)
  ✔ six-sheet and five-sheet return identical non-empty C4 business data (5.457666ms)
  ✔ loads only one header row first, then excludes duplicate audit data from the business read (3.262708ms)
  ✔ rejects six-sheet workbook when duplicate audit headers are malformed (2.809917ms)
  ✔ rejects modern workbook when required balanced sheet is absent (2.039917ms)
  ✔ rejects malformed balanced sheet when it is present (2.349458ms)
✔ readReconIdFixFile gateway 3.0.14 compatibility (53.713541ms)
✔ JPM canonical policy保持production false，runtime固定single unit且禁止caller override (269.336375ms)
✔ Main-owned JPM database authority拒绝caller B库与ACK identity漂移且A/B均零写入 (314.98025ms)
✔ E11前序control DB幂等升级JPM open-scope唯一索引 (2.221375ms)
✔ control DB唯一租约拒绝跨operation ACK及同/换worker再ACK，legacy边界观察open Intent (97.594375ms)
✔ ACKed JPM Intent在真实bank source mutation前fail closed且Main import/delete接线早于写入 (130.555041ms)
✔ active JPM Hold在真实ADM replace同步边界重检，gate错误不被兼容catch吞且source/image不变 (133.874125ms)
✔ 两个runtime/coordinator并发竞争全局ADM scope时仅首个获得持久ACK (427.797959ms)
✔ managed JPM mutation按ACK→同事务receipt→authority gate→adopt收口且payload有界 (273.068709ms)
✔ E11-C JPM exact adopted result可导出，ADM evidence漂移时Publisher保持0新增调用 (279.029084ms)
✔ exact noop不创建Intent/transaction/receipt，只采用bounded result (275.405458ms)
✔ stale revision在critical前fail closed且不触碰ADM/Intent/receipt (232.651667ms)
✔ JPM等待fixed unit:start后执行，stale job不杀Service且无需重导入即可同generation合法run (260.368167ms)
✔ authority拒绝commit receipt时resource adoption gate不grant full candidate (246.143542ms)
✔ receipt-first Inspector覆盖pre/post-without-receipt/committed/bad-json并保留WAL family (88.840709ms)
✔ mark-committed owner已reserve后崩溃，第二次startup exact replay收敛且第三次零动作 (152.616792ms)
✔ close owner已reserve后崩溃，第二次startup exact replay收敛且第三次零动作 (153.218333ms)
✔ INSPECTOR_UNAVAILABLE observation anchor写入失败时attempt与owner同事务回滚 (125.572375ms)
✔ threshold atomic anchor后task-owner崩溃，重启先恢复exact bundle再收敛committed (155.967792ms)
✔ threshold atomic anchor后task-owner崩溃，重启先恢复exact bundle再收敛not-committed (154.851041ms)
✔ threshold atomic anchor后hold-owner崩溃，重启先恢复exact bundle再收敛committed (157.593333ms)
✔ threshold atomic anchor后hold-owner崩溃，重启先恢复exact bundle再收敛not-committed (159.392333ms)
✔ active INSPECTOR_UNAVAILABLE Hold下anchor先于Task owner且崩溃后收敛committed (165.100167ms)
✔ active INSPECTOR_UNAVAILABLE Hold下anchor先于Task owner且崩溃后收敛not-committed (188.675667ms)
✔ active Hold下71c1 legacy task-owner先清理再Inspector收敛committed (210.3265ms)
✔ active Hold下71c1 legacy task-owner先清理再Inspector收敛not-committed (164.398917ms)
✔ active Hold下71c1 legacy task-unbound-attempt先清理再Inspector收敛committed (158.858125ms)
✔ active Hold下71c1 legacy task-unbound-attempt先清理再Inspector收敛not-committed (191.306625ms)
✔ 71c1 legacy task-owner残留先确定性清理再Inspector收敛committed (188.214125ms)
✔ 71c1 legacy task-owner残留先确定性清理再Inspector收敛not-committed (200.700916ms)
✔ 71c1 legacy hold-owner残留先确定性清理再Inspector收敛committed (155.796625ms)
✔ 71c1 legacy hold-owner残留先确定性清理再Inspector收敛not-committed (156.548208ms)
✔ 71c1 legacy unbound-attempt残留先确定性清理再Inspector收敛committed (157.864708ms)
✔ 71c1 legacy unbound-attempt残留先确定性清理再Inspector收敛not-committed (157.40875ms)
✔ INSPECTOR_UNAVAILABLE threshold bundle reserve后崩溃，重启先恢复bundle再收敛committed (157.635708ms)
✔ INSPECTOR_UNAVAILABLE threshold bundle reserve后崩溃，重启先恢复bundle再收敛not-committed (162.013667ms)
✔ prepared threshold Task body不兼容时fail closed且不关闭Intent (140.111541ms)
✔ 既有INSPECTOR_UNAVAILABLE Hold + running Task重启收敛committed且再重启零动作 (154.96425ms)
✔ 既有INSPECTOR_UNAVAILABLE Hold + running Task重启收敛not-committed且再重启零动作 (154.055167ms)
✔ 新INSPECTOR_UNAVAILABLE threshold把Task interruption与Hold同次收口 (128.070166ms)
✔ prepared与acked同一Control transaction，ACK注入失败不遗留open Intent (234.967541ms)
✔ COMMIT后receipt event丢失保持interrupted并创建RESULT_LOST Hold且不重跑mutation (288.853167ms)
✔ closed committed-result-lost仅在Intent/Hold exact identity与Task保护态完整时保留且重复startup零副作用 (137.302208ms)
✔ open unknown/unavailable Hold的correlated scope漂移在Inspector前fail closed且JPM gate持续阻断 (275.777833ms)
✔ critical ACK后的shutdown将JPM保持protected，transport loss不降级为cancelled (250.750625ms)
✔ critical前cancel即使随后持久ACK也由Inspector判定not-committed且不重跑 (306.533292ms)
✔ unknown经人工补齐exact receipt后保持active Hold与interrupted RESULT_LOST (138.372291ms)
✔ unknown经人工恢复exact pre后原子收敛not-committed并第三次startup幂等 (138.613042ms)
✔ post-without-receipt恢复为unknown，startup幂等创建ADM Hold并阻断mutation gate (133.593917ms)
✔ ID-aware ADM reader 以 id ASC 返回 raw_json/parsed/count/digests，legacy reader 仍独立 (4.08325ms)
✔ 空 ADM image 保持零行血缘并形成 exact noop (0.794041ms)
✔ ID-aware reader 对全部坏 JSON hard fail，错误只含有限脱敏 id token 且不回传 raw_json (0.942292ms)
✔ pure plan 用 source object identity 绑定 exact id，engine mutation 只允许三个 writeback 字段 (1.505334ms)
✔ plan 拒绝 engine 重排、外来 row、非 writeback 字段变化和 candidate 泄漏输入 (1.5905ms)
✔ exact noop 只返回 bounded handle/summary，transaction primitive 在触碰 DB 前拒绝 (0.550042ms)
✔ receipt migration 幂等、AppDatabase restart 可见，repository 强制同事务且字段 exact (84.763ms)
✔ mutation primitive 在同一 BEGIN IMMEDIATE 按 exact id 更新并写唯一 receipt (1.987667ms)
✔ mutation primitive 对有缺口的 DB id 仍按 exact id 写回，不按数组下标猜行 (1.523208ms)
✔ transaction 对 rowCount 变化 fail closed 且不写 receipt (0.761208ms)
✔ transaction 对 id/order with same count 变化 fail closed 且不写 receipt (0.61125ms)
✔ transaction 对 preimage 变化 fail closed 且不写 receipt (0.495084ms)
✔ 故障注入 after-updates：ADM mutation 与 receipt 一起 rollback (0.583125ms)
✔ 故障注入 after-receipt-insert：ADM mutation 与 receipt 一起 rollback (0.603833ms)
✔ before-commit seam 改写 ADM 时最终权威回读阻止 COMMIT 并回滚 receipt (0.70175ms)
✔ before-commit seam 改写 receipt 时最终权威回读阻止 COMMIT 并回滚 ADM (0.696667ms)
✔ 事务内 trigger 改变未计划行时 postimage 校验失败并整体 rollback (0.763792ms)
✔ 已有 receipt 时 mutation primitive 不猜 replay，fail closed 且不改 ADM (0.488792ms)
✔ E11-P0 不注册 JPM managed/critical/inspector/recovery 入口，readonly production 继续关闭 (1.306666ms)
✔ E11-A policy byte-for-byte 沿用 canonical fixture，且 production 保持 false (1.767041ms)
✔ phase-extension 预检先于 XLSX.readFile，超出 policy 上限时 fail closed (15.083791ms)
✔ standard Service golden 等价，revision/busy/stale/JPM 边界不越界 (9.665042ms)
✔ unsafe integer 仅投影到 evidence，数值型长单号/大金额与 legacy golden 等价 (4.9055ms)
✔ scenario 变化先失效旧 result，再原子 adopt 新 result (3.80425ms)
✔ BOC Service 只读 golden 等价，DB evidence 变化会锁定失效旧 result (7.681875ms)
✔ ordinary gateway C4 managed/legacy golden 保持金额币种行数且 phase 回收 (187.8655ms)
✔ import parse 失败仍先获 phase 准入并在 error terminal 前回收 (161.724875ms)
✔ real ServiceHost 复用单 owner，close/crash 升 generation 并回收 lease (477.391917ms)
✔ active import shutdown 在 parse 后安全点取消，且无 late/double terminal 或资源泄漏 (158.434584ms)
✔ phase grant/adoption-in-flight shutdown 收口后再取消且不泄漏 (150.715333ms)
✔ active run shutdown 等 invalidation adoption 收口后在 result 前取消 (171.964375ms)
✔ adopt-ack 后 terminal-in-flight shutdown race 幂等收口且不泄漏 (1574.006042ms)
✔ E11-A legacy/live 边界不被后续 ReconFix Worker tranche 改写 (2.182667ms)
▶ bucketScenarios —— DBS-Charge 落 dbsChargeFundCheck 桶（不漂 R2/R4）
  ✔ funcCategory=dbs-charge-fund-check → dbsChargeFundCheck 桶；fund-nature-check → r4；其余 → r2 (0.724125ms)
  ✔ 返回对象含 dbsChargeFundCheck 键（空入参也有该键） (0.067333ms)
✔ bucketScenarios —— DBS-Charge 落 dbsChargeFundCheck 桶（不漂 R2/R4） (1.319792ms)
▶ runReconciliation R3.5 —— DBS-Charge 改写流出（modifiedRows + stats + rounds）
  ✔ 步骤1 赋 ReconciliationId + 标 FundTransfer-out + 步骤2 兄弟行转 outbound → 进 modifiedRows、_round=R3.5、stats/rounds 计数 (4.457708ms)
  ✔ 步骤1 归并同 reconId 兄弟行为 Charge（assignChargeToSiblings 接线流出） (0.592167ms)
  ✔ 步骤2 Credit 方向不符 warning 汇总进 errorReport，银行行保持原值且不进 modifiedRows (0.390958ms)
✔ runReconciliation R3.5 —— DBS-Charge 改写流出（modifiedRows + stats + rounds） (5.570916ms)
▶ runReconciliation R3.5 —— 缺省/空/无场景 no-op（不抛、行数守恒）
  ✔ 无 DBS-Charge 场景（桶空）→ R3.5 不跑、stats/rounds 计数 0 (0.530167ms)
  ✔ 有 DBS-Charge 场景但缺省 dispatchReconContext → 空入参 no-op、不抛 (0.373834ms)
  ✔ dispatchReconContext.dispatchReconRows=[] 显式空数组 → no-op、不抛 (0.467792ms)
✔ runReconciliation R3.5 —— 缺省/空/无场景 no-op（不抛、行数守恒） (1.4745ms)
▶ runReconciliation —— R3.5 先于 R4（跨轮链 outbound→HX-out）
  ✔ 🔴 R3.5 把 DBS 行 Charge→outbound（步骤2 网关确认）后，R4 hx-out 续改 outbound→HX-out（次序正确） (0.985625ms)
✔ runReconciliation —— R3.5 先于 R4（跨轮链 outbound→HX-out） (1.030417ms)
▶ runReconciliation R3.5 —— 行数守恒（混合行）
  ✔ 命中行 + 未命中 DBS 行 + 非 DBS 行 → modifiedRows + unmatchedRows === bankRows.length (0.518791ms)
✔ runReconciliation R3.5 —— 行数守恒（混合行） (0.57175ms)
▶ runReconciliation R3.5 —— 独立调拨 M2M 审计 context
  ✔ R5 关闭、R3.5 开启、N=7 的 2×2：R3.5 正常改写，R5 零改写，实际修改行均进入调拨审计且行数守恒 (1.674542ms)
  ✔ 未提供独立审计 context 时，兼容回退 fundTransferReconContext.reconRows (0.519958ms)
✔ runReconciliation R3.5 —— 独立调拨 M2M 审计 context (2.274333ms)
▶ runReconciliation R5s2 二选一 —— 勾选路（reconSourceMid 缺省/true → 调拨对账单回填）
  ✔ reconSourceMid 缺省（默认勾选）→ 新引擎命中 → ReconciliationId 回填、_round=R5s2-recon (3.953875ms)
  ✔ reconSourceMid:true（显式勾选）→ 同上走新引擎 (0.745042ms)
  ✔ v3.0.26 勾选路按含 Extra Fee 的银行金额匹配 (0.648875ms)
  ✔ 勾选路 fundTransferReconContext 缺省 → 新引擎空入参 no-op、不抛、行数守恒 (0.476666ms)
✔ runReconciliation R5s2 二选一 —— 勾选路（reconSourceMid 缺省/true → 调拨对账单回填） (6.438333ms)
▶ runReconciliation R5s2 二选一 —— 取消路（reconSourceMid:false → 网关回填，现状 parity）
  ✔ reconSourceMid:false → 走旧网关 runRound5FundTransferBackfill、_round=R5s2、来源=网关 (0.808334ms)
  ✔ reconSourceMid:false + 空网关 → no-op（现状一致） (0.398709ms)
  ✔ v3.0.26 取消路按含 Extra Fee 的银行金额匹配 (0.4465ms)
✔ runReconciliation R5s2 二选一 —— 取消路（reconSourceMid:false → 网关回填，现状 parity） (1.775583ms)
▶ v3.1.1 resolved policy 接线（两来源共用，配置失败关闭）
  ✔ 日期关闭时调拨来源跨期仍可匹配；启用 ±1 时同一输入不匹配 (1.082833ms)
  ✔ 调拨来源 directions 缺项时整轮失败关闭，不产生消费或改写 (0.383833ms)
✔ v3.1.1 resolved policy 接线（两来源共用，配置失败关闭） (1.575583ms)
✔ Payment 子配置不改变 R5s2 场景分桶 (0.655334ms)
▶ Payment 先执行，R5s2-recon 后执行
  ✔ Payment 开启会强制派生表来源，并优先回填、消费银行行和派生行 (4.803625ms)
  ✔ Payment 未命中的 in 派生行可降级给 R5s2-recon (1.027125ms)
  ✔ Payment 同值命中仍排除银行行，R5 不得用另一派生行覆盖 (0.521917ms)
  ✔ 同一调拨的 in 被 Payment 消费后，out 仍可由 R5s2-recon 独立回填 (0.681333ms)
  ✔ 每次 run 先重置旧使用标记，再执行 Payment (0.515167ms)
✔ Payment 先执行，R5s2-recon 后执行 (7.862333ms)
▶ Payment gating 与兼容
  ✔ Payment 关闭时保持 reconSourceMid=false 的网关路径 (0.804291ms)
  ✔ Payment 开启但共享派生表为空时安全 no-op (0.418417ms)
  ✔ 历史非法多账号配置产生可见告警，Payment 不消费任何行 (0.466ms)
✔ Payment gating 与兼容 (1.844334ms)
▶ bucketScenarios：refund-order-backfill 落 r5s4
  ✔ refund-order-backfill → r5s4，不误入 R2/R5s2/R5s3 (0.440417ms)
  ✔ platform-order 但 subCategory 缺失 → 落 R2（不误入 r5s4） (0.054ms)
  ✔ 空 / null 入参 → r5s4 桶空，不抛 (0.055666ms)
✔ bucketScenarios：refund-order-backfill 落 r5s4 (1.058083ms)
▶ runReconciliation R5 场景4 集成
  ✔ refundContext 传参到引擎 → backfillRows 流出到返回对象（S1 一笔命中） (3.4205ms)
  ✔ 编排器传 r1.pairs：同 reconid 仅 R1 选中的 AchReturn 银行行被拦，未配对行仍回填 (0.531042ms)
  ✔ 合成最小回归：Inbound-VA 配对不阻断精准退款命中 (0.5255ms)
  ✔ 场景开关透传到引擎：关闭保持未命中，开启救回差额小于10的流水号候选 (1.155ms)
  ✔ 🔴 数据隔离：场景4 不改 bankRows、不进 modifiedRows、行数守恒不变 (0.426208ms)
✔ runReconciliation R5 场景4 集成 (6.251583ms)
▶ runReconciliation R5 场景4 守卫
  ✔ 空 bucket（未启用退款场景）→ no-op、返回空数组、字段仍在 (0.993042ms)
  ✔ 启用退款场景但 refundContext 缺省 → 引擎空入参返回空、不抛 (0.523041ms)
✔ runReconciliation R5 场景4 守卫 (1.602417ms)
▶ v3.0.7 需求6：bank-deposit 门控谓词与 r5s4 分桶同源
  ✔ 含 refund-order-backfill → 门控 true (0.087958ms)
  ✔ 不含 refund（仅其它 builtin/C 类）→ 门控 false (0.025416ms)
  ✔ platform-order 但缺 subCategory → 门控 false（不误判，与分桶落 R2 一致） (0.01825ms)
  ✔ subCategory=refund-order-backfill 但 category 非 builtin-fixed → 门控 false（category 收紧一致） (0.014042ms)
  ✔ 空集 → 门控 false (0.012542ms)
  ✔ 退款 + 其它场景混合 → 门控 true (0.014667ms)
✔ v3.0.7 需求6：bank-deposit 门控谓词与 r5s4 分桶同源 (0.232ms)
▶ bucketScenarios 分桶
  ✔ builtin-fixed + funcCategory 正确落 R4 / R5s2 / R5s3；其余落 R2 (0.555458ms)
  ✔ platform-order 但缺 subCategory → 落 R2（不误入 R5） (0.109417ms)
  ✔ v3.1.1 canonical owner 绑定：仅 owner id 进入 R5s2，伪内置同签名不会落入 R2 (0.722041ms)
  ✔ v3.1.1 owner 缺失：保留签名场景不执行 R5s2，也不旁路进入 R2 (0.070083ms)
  ✔ 空 / null 入参 → 四桶皆空，不抛错 (0.056167ms)
✔ bucketScenarios 分桶 (2.227625ms)
✔ v3.1.1 initialWarnings 先进入错误报告并按稳定身份去重 (2.958833ms)
▶ runReconciliation stats.r5s3Enabled / r5s4Enabled（需求A）
  ✔ 两 bucket 皆空（无场景）→ r5s3Enabled / r5s4Enabled 均为 false (0.507458ms)
  ✔ 仅启用 R5 场景3 → r5s3Enabled=true（即使 0 条命中也为 true）；r5s4Enabled=false (0.467792ms)
  ✔ 仅启用 R5 场景4 → r5s4Enabled=true（即使 0 条命中也为 true）；r5s3Enabled=false (0.497042ms)
  ✔ 两场景同时启用 → r5s3Enabled / r5s4Enabled 均为 true (0.396917ms)
✔ runReconciliation stats.r5s3Enabled / r5s4Enabled（需求A） (2.023959ms)
▶ runReconciliation 全链路 R1→R5
  ✔ 断言1+2：返回结构完整 + 行数守恒 (3.068167ms)
  ✔ 断言3：R4 改写 R2 已命中行 FundType → _modifiedColumns 跨轮合并 + 仍带 R2 命中元数据 (0.764709ms)
  ✔ 断言4：R5 场景2 回填 → 对应行 _modifiedColumns 含 ReconciliationId (0.624875ms)
  ✔ 断言5：R5 场景3 → platformCleanupRows 含预期剔除行（A/B/C-O 正确） (0.588833ms)
  ✔ v3.0.23：R1 先选非目标网关时，R4 仍从完整 exactRows 命中后续正确网关 (0.441959ms)
  ✔ v3.0.23 增补：R4 AchReturn no-op 关系传给 R5，关闭重复 ReconID 退款池漏过滤 (0.44ms)
✔ runReconciliation 全链路 R1→R5 (6.088875ms)
▶ R2 锁定但未改值的命中行
  ✔ 前置：dispatcher 确认 L1/R1 被锁定进 modifiedRows 但 modifications 为空（_modifiedColumns 空 Set） (0.300333ms)
  ✔ 编排器：R2 锁定未改值行不进 modifiedRows，进入 unmatchedRows，行数守恒 (0.518833ms)
  ✔ 编排器：实际改值行可继续带多对多异常说明，改值列与行数守恒不变 (0.447208ms)
  ✔ 编排器：C3 匹配成功但 assign 同值时不进 modifiedRows (0.557291ms)
  ✔ v3.0.23：C3 使用专用候选池，未传时回退 gwRows (0.593042ms)
  ✔ v3.0.23：C3 网关侧显式 Channel 条件仍区分大小写 (0.40175ms)
✔ R2 锁定但未改值的命中行 (2.928792ms)
▶ buildOutputRows — 仅实际改值行进入命中结果
  ✔ 空修改列集合不算改值，note-only/R2 锁定元数据不能提升为 modifiedRows (0.071875ms)
✔ buildOutputRows — 仅实际改值行进入命中结果 (0.101875ms)
▶ R2 零回归
  ✔ 只给一个普通 C2 → 落 R2，modifiedRows 与直接调 dispatcher 行为一致（命中元数据在） (0.704875ms)
✔ R2 零回归 (0.740916ms)
▶ enablement 守卫
  ✔ scenarios 为空数组 → 全部轮 no-op，不报错，行数守恒，无修改 (0.422917ms)
  ✔ 只启用 R5 场景3（其它 bucket 空）→ 仅产剔除文件，R2/R4/R5s2 no-op (0.380708ms)
✔ enablement 守卫 (0.858166ms)
▶ buildOutputRows
  ✔ _modifiedColumns 是新建 Set（与累积 Map 解耦）+ 嫁接 R2 元数据排除 _rowId/_modifiedColumns (0.069375ms)
✔ buildOutputRows (0.089792ms)
▶ buildChannelRegionHits 直接单测（需求1a）
  ✔ R2 命中行：scenarioNames 取 _hitScenarioName；按 渠道-地区 聚合行数 (0.119875ms)
  ✔ R4/R5-only 行（无 _hitScenarioName）：scenarioNames 用 allMods 轮次中文标签兜底 (0.045292ms)
  ✔ 混合：同一行 R2 命中名优先（不退化为轮次标签），同组兼有 R4 行 (0.038167ms)
  ✔ 地区空 → 只产 裸 Channel 组合；Channel 空 → 跳过整行（口径与枚举一致） (0.037583ms)
  ✔ Channel 含前后空格 → trim 后聚合（与 extractChannelRegionCombos trim 口径一致） (0.027291ms)
  ✔ 空集 / 全部行 Channel 空 → []（renderer 据此回退旧格式） (0.029875ms)
  ✔ R4/R5 行 allMods 反查不到（防御）→ scenarioNames 为空数组，不抛错 (0.0265ms)
  ✔ 契约形状：每条均含 {channelRegion:string, rowCount:number, scenarioNames:string[]} (0.031542ms)
✔ buildChannelRegionHits 直接单测（需求1a） (0.4845ms)
▶ runReconciliation stats.channelRegionHits 端到端（需求1a）
  ✔ 全链路：JPM-US 组（b1=R2+R4 取 R2 名 / b2=R5s2 取轮次标签），口径=extractChannelRegionCombos (1.383958ms)
  ✔ 多渠道-地区：按 channelRegion 升序、rowCount 准确 (0.327041ms)
  ✔ 无命中 / 全部行 Channel 空 → channelRegionHits 为 []（回退旧格式） (0.454125ms)
✔ runReconciliation stats.channelRegionHits 端到端（需求1a） (2.2205ms)
▶ v3.0.7 需求6：gwRows 全程只读不变量（删 structuredClone 安全）
  ✔ run 前后 gwRows 逐字节不变（structuredClone 快照 deepStrictEqual） (0.88975ms)
✔ v3.0.7 需求6：gwRows 全程只读不变量（删 structuredClone 安全） (0.919208ms)
▶ v3.0.8 需求3：runReconciliation async + onProgress 轮次边界（结果 golden 不变）
  ✔ onProgress 仅在轮次边界被调，顺序固定 R1→R2→R3.5→R4→R5s2b→R5s2→R5s3→R5s4→M2M (1.908292ms)
  ✔ 🔴 golden 不变：有 onProgress vs 无 onProgress，产物逐字节相等（异步化/进度不改结果） (0.882875ms)
  ✔ onProgress 抛异常被吞掉，不影响 run（结果与无 onProgress 一致） (0.76525ms)
  ✔ async 路径下 gwRows 仍全程只读（run 前快照 deepStrictEqual run 后；onProgress 存在） (0.455291ms)
✔ v3.0.8 需求3：runReconciliation async + onProgress 轮次边界（结果 golden 不变） (4.079667ms)
✔ ① workbook 含「回填模板」+「未匹配报错」两个 sheet (29.337458ms)
✔ ② sheet1 表头 33 列顺序正确；E=命中类型 F=匹配命中详情；银行 12 列含 Debit 不含 Credit；中台 15 列 (9.0215ms)
✔ ③ sheet1 数据行值按表头投影正确（E 命中类型 + F 命中详情 + 银行/中台字段） (7.49475ms)
✔ ④ sheet2 表头 13 列（REFUND_BANK_COLUMNS 12 + 报错/提示信息），无「结果类型」「退款单号」 (9.091791ms)
✔ ⑤ sheet2 银行未匹配行正确落列；报错/提示靠【报错】/【提示】前缀区分；缺 key → 空 (6.718208ms)
✔ ⑥ 两个 sheet 表头行均加粗 (6.200125ms)
✔ ⑦ 返回 { filePath, fileName } 正确，且 atomic 不留 .tmp 半文件 (3.650875ms)
✔ ⑧ writer 能消费引擎真实产出（backfillRows + 银行未匹配行） (6.720375ms)
✔ ⑨ sheet1 标黄：仅 _matchedColumns 列填黄（argb FFFFFF00），其余列无填充 (6.213ms)
✔ ⑨ sheet1 标黄列偏移正确：标的是 REFUND_TEMPLATE_HEADERS[i] 对应第 i+1 列（无前导列） (6.425125ms)
✔ ⑨ 无 _matchedColumns / 空数组 → 整行无标黄 (8.044667ms)
✔ ⑩ 空 backfill + 空 unmatched → 两 sheet 仍输出表头（sheet2 仍 13 列） (5.06675ms)
▶ run-check-multiworker（plan-b write-splitting）
  ✔ 1.M=1 🔴 byte-for-byte：多 worker 产出 == 单 worker 逐 chunk INSERT...SELECT 逐行一致 (35.595666ms)
  ✔ 1.M=2 🔴 byte-for-byte：多 worker 产出 == 单 worker 逐 chunk INSERT...SELECT 逐行一致 (28.801ms)
  ✔ 1.M=4 🔴 byte-for-byte：多 worker 产出 == 单 worker 逐 chunk INSERT...SELECT 逐行一致 (27.429875ms)
  ✔ 2. 🔴 chunkIndex 升序汇总：temp db 乱序排布也按 chunkIndex 0..N-1 升序汇总插入 (8.690083ms)
  ✔ 3. 退化：chunk 数=1（单 chunk）byte-for-byte 一致 + effectiveWorkerCount 收敛 (18.270167ms)
  ✔ 4. worker crash（reader 阶段 process.exit(1)）→ reject + temp db 不泄漏 (16.237958ms)
  ✔ 5. 无 SQLITE_BUSY：M=4 / 多 chunk 并行不触发写锁冲突 (39.293541ms)
  ✔ 6. onProgress：completedChunks 单调递增至 totalChunks (24.415417ms)
  ✔ 7. 空 chunks（0 行）→ insertedRows=0 短路返回 (1.816666ms)
  ✔ 8. 入参校验：非法 workerCount / 列数不匹配 / 非法列名 / chunkIndex 越界都抛错 (2.264709ms)
  ✔ 9. worker.buildPartTableSql 拒绝非法列名 + seq 列固定 (0.134583ms)
  ✔ 10. 🔴 C1：tempDir 残留 part-0.sqlite 含垃圾行 → 写前清除，不污染 merge（byte-for-byte） (23.301959ms)
  ✔ 11. P2 cancel：运行中 cancelToken 取消 → 中止(CancelError) + 不汇总(0行) + temp 不泄漏 (19.879834ms)
✔ run-check-multiworker（plan-b write-splitting） (247.201042ms)
▶ run-check-worker-pool
  ✔ 1. dispatchRunCheck 正常路径 → done (315.859541ms)
  ✔ 1a. resume IPC prepare/execute contract 在 reserve 前取锁并将持久 batchContext 透传到 worker (320.08675ms)
  ✔ 1b. Acquiring 五条 file action 只从冻结 FilePlan 消费路径并按 exact-7 透传 worker owner (2.242542ms)
  ✔ 2. dispatchRunCheck 错误透传（monthKey 缺失） (208.656791ms)
  ✔ 3. cancel API（无 active job 返回 false） (277.4665ms)
  ✔ 4. getStatus 各状态正确 (274.8885ms)
  ✔ 5. preWarm 幂等（重复调用不重启） (188.893958ms)
  ✔ 6. shutdown 干净退出 (194.4885ms)
  ✔ 7. crash recovery — worker 异常 exit 后下次 dispatch 触发 cold-start (298.321917ms)
  ✔ 8. callbacks.onProgress 接 worker progress 事件 (281.248917ms)
  ✔ 9. dispatch 不传 __dbPath / preWarm 未跑 → throw (0.176875ms)
  ✔ 10. preWarm 后用相同 dbPath 调 dispatch（不传 __dbPath）→ 复用 workerDbPath (281.266666ms)
  ✔ 11. getLastBusyEndTs 初始 0；done 后更新到 <100ms 内 (279.0235ms)
  ✔ 12. getLastBusyEndTs reject 后也更新 (201.523416ms)
  ✔ 13. setFailureListener 注册 + crash 时回调（shutdown timeout terminate 触发 exit） (281.62725ms)
  ✔ 14. setFailureListener 入参非函数 throw (0.16ms)
  ✔ 15. worker crash（process.exit(1) via __crash_for_test__）→ failureListener 触发 + activeJob reject + lastBusyEndTs 更新 (213.716417ms)
  ✔ 17. init-error 后 reset + 下次 dispatch 触发新 cold-start（SR-FIX-1 round 2 P0-2） (297.052959ms)
  ✔ 18. shutdown 不抹 activeJob → failureListener 收到 hadActiveJob=true（SR-FIX-1 Round 4 F2） (199.751ms)
  ✔ 19. init 期 worker exit/error → ensureInitialized reject + 模块级状态 reset + 下次 dispatch cold-start（SR-FIX-1 Round 6 H3） (287.549875ms)
  ✔ 16. crash 后下次 dispatch 自动 cold-start + 成功 (305.252417ms)
✔ run-check-worker-pool (4710.577959ms)
▶ v2.1.13 builtin-fixed 在 dispatcher 的执行
  ✔ runScenario：builtin-fixed（含 extractByFeature）复用 C1 提取；缺 config 抛错 (5.808541ms)
  ✔ 默认（无适用渠道 null）→ 对所有渠道行生效 (4.0855ms)
  ✔ 适用渠道限定 [工商] → 仅工商行生效 (4.1725ms)
  ✔ 适用渠道空数组 [] → 等同全部生效 (3.536042ms)
  ✔ 适用渠道限定 [招商] → 工商行不生效（兜底语义保持，未匹配渠道行也不生效） (4.011167ms)
✔ v2.1.13 builtin-fixed 在 dispatcher 的执行 (22.235458ms)
▶ P2-3 run 路径 builtin-fixed displayIndex 对齐 manager（端到端真实 listScenarios）
  ✔ 通用渠道：builtin-fixed(p0) + 普通 C1(p3) 同时启用 → 命中 builtin-fixed 的 displayIndex=1 (5.661042ms)
  ✔ 回归对照：若按 (priority DESC, id ASC) 算（未修复），builtin-fixed displayIndex 会是末位（>1） (5.3495ms)
✔ P2-3 run 路径 builtin-fixed displayIndex 对齐 manager（端到端真实 listScenarios） (11.514708ms)
▶ buildChannelKey
  ✔ 正常 row → "Channel-地区" (6.419083ms)
  ✔ 空字段 → "-" (7.629083ms)
  ✔ null row → "-" (4.131333ms)
  ✔ 字段前后空格 trim (3.864583ms)
✔ buildChannelKey (22.633334ms)
▶ extractChannelName / extractChannelLocation
  ✔ 正常字段 trim (3.217541ms)
  ✔ null / undefined → "" (3.42425ms)
✔ extractChannelName / extractChannelLocation (6.722916ms)
▶ groupScenariosByChannelId
  ✔ 正常按 channelId 分组 (4.2425ms)
  ✔ 缺 channelId 兜底到 1（通用） (3.3805ms)
  ✔ snake_case channel_id 兼容 (3.572041ms)
✔ groupScenariosByChannelId (11.460291ms)
▶ runAllScenarios 双维调度 — spec §2.2 4 种行结果矩阵
  ✔ 矩阵 1：行匹配专属渠道 + 专属场景命中 (4.110709ms)
  ✔ 矩阵 2：行匹配专属 + 专属无命中 → 通用兜底命中 (3.747792ms)
  ✔ 矩阵 3：行匹配专属 + 专属和通用都未命中 → unmatchedRows（Sheet 2） (3.560583ms)
  ✔ 矩阵 4：行未匹配渠道 + 通用兜底命中 (3.711667ms)
  ✔ 矩阵 5：行未匹配渠道 + 通用也未命中 → unmatchedRows（Sheet 2） (3.544625ms)
✔ runAllScenarios 双维调度 — spec §2.2 4 种行结果矩阵 (18.813125ms)
▶ v2.1.9 D16=b：_hitChannelId 写入语义
  ✔ 命中专属渠道场景 → _hitChannelId = 专属渠道 id (3.991291ms)
  ✔ 命中通用渠道场景（行匹配专属，但走 fallback）→ _hitChannelId = 通用 id（不是专属） (3.392708ms)
  ✔ 行匹配通用本身 → _hitChannelId = 通用 id (3.728334ms)
  ✔ 未命中行（专属+通用都未命中）→ unmatchedRows 行 _hitChannelId=null (3.789333ms)
  ✔ 用户场景（BOSH-CN → 通用兜底）：_hitChannelId=通用 id（不是 BOSH-CN 行原始 key） (3.409041ms)
✔ v2.1.9 D16=b：_hitChannelId 写入语义 (18.426875ms)
▶ first-match-wins 不变量 + 分阶段执行
  ✔ 阶段 A 命中 → 不进阶段 B（专属命中后通用不被尝试） (4.140416ms)
  ✔ 单行最多命中 1 场景（first-match-wins 不变量） (3.679584ms)
  ✔ modifiedRows + unmatchedRows = bankRows（互斥 + 完整） (4.097666ms)
✔ first-match-wins 不变量 + 分阶段执行 (11.99525ms)
▶ 向后兼容：deps 缺省走 v2.1.8 legacy 单维路径
  ✔ deps 为 undefined → legacy 路径（无 _hitChannelKey 字段） (3.214375ms)
  ✔ deps 为 null → legacy 路径 (4.1185ms)
  ✔ deps 缺 channelsRepo → fallback legacy 单维 (3.482916ms)
✔ 向后兼容：deps 缺省走 v2.1.8 legacy 单维路径 (10.886959ms)
▶ v2.1.8 输出契约：hitScenarios / displayIndex / stats
  ✔ 双维路径 hitScenarios 含 { id, displayIndex, name } (3.544125ms)
  ✔ hitScenarios 跨行去重（同 scenario 命中多行只入一次） (3.593584ms)
  ✔ 双维路径 stats 字段完整（hitRowCount / unmatchedRowCount / skippedC4/C3Count） (3.098708ms)
✔ v2.1.8 输出契约：hitScenarios / displayIndex / stats (10.329584ms)
▶ 兼容性：旧 scenarios 无 channelId
  ✔ 无 channelId 场景在双维路径下走通用渠道 (3.923125ms)
✔ 兼容性：旧 scenarios 无 channelId (3.9615ms)
▶ runAllScenarios 输入校验
  ✔ bankRows 非数组 → throw (3.60525ms)
  ✔ scenarios 非数组 → throw (3.793583ms)
  ✔ 空 bankRows + 双维 → 返回空结果（无 throw） (3.348792ms)
  ✔ 空 scenarios + 双维 → 所有行进 unmatchedRows (3.425333ms)
✔ runAllScenarios 输入校验 (14.283125ms)
▶ v2.1.9 SR-FIX-1 spec §16.4 — C3 矩阵 case 1-6
  ✔ case 1：阶段 A 专属 channel C3 命中 + gw 行被消费 (3.814042ms)
  ✔ case 2：阶段 A 同 channel 多 bank 行多 gw 行严格 1v1（C3 资金红线 1v1 不变量） (3.402125ms)
  ✔ case 3：阶段 A C3 gw 行不够 → 多余 bank 行 unmatched (3.866791ms)
  ✔ case 4：阶段 A 专属 C3 不匹配 → 阶段 B 通用 C3 命中 (3.884417ms)
  ✔ case 5：行未匹配任何渠道 → 阶段 B 通用 C3 命中（兜底） (3.743667ms)
  ✔ case 6：跨 channel + 跨场景的 gw 行允许多次消费（已知边界，记录不抛错） (3.587833ms)
✔ v2.1.9 SR-FIX-1 spec §16.4 — C3 矩阵 case 1-6 (22.454792ms)
▶ v2.1.9 SR-FIX-1 spec §16.4 — C2 矩阵 case 7-10
  ✔ case 7：阶段 A 专属 C2 leftRow + rightRow 笛卡尔配对成功（修复 SR1 #2） (4.143042ms)
  ✔ case 8：阶段 A 专属 C2 仅 leftRow 一行 → 无配对 → unmatched（不抛错） (2.967958ms)
  ✔ case 9：阶段 A 无专属 C2 → 阶段 B 通用 C2 笛卡尔配对成功 (3.766291ms)
  ✔ case 10：C2 reconFields=0 衍生方案 A — 命中 billType 即写字段（不走笛卡尔） (3.745334ms)
✔ v2.1.9 SR-FIX-1 spec §16.4 — C2 矩阵 case 7-10 (14.734958ms)
▶ v2.1.9 SR-FIX-1 spec §16.4 — 混合 case 11-15
  ✔ case 11：C1 命中行后 first-match-wins 锁定 → 后续 C2 场景不再处理同行 (3.472ms)
  ✔ case 12：C3 命中行 → 锁定后 C2 同 channel 同行不再处理 (3.721208ms)
  ✔ case 13：跨 channel 同名 scenarios 都能在 dispatcher 内正确归属各自 channel (5.943917ms)
  ✔ case 14：全部场景在通用 + 行匹配专属 → 阶段 A 空跑 → 阶段 B 通用命中 + fallback (4.202ms)
  ✔ case 15：全部场景在通用 + 行未 matched 任何渠道 → 阶段 B 命中（兜底）+ metadata 完整 (3.626625ms)
✔ v2.1.9 SR-FIX-1 spec §16.4 — 混合 case 11-15 (21.094375ms)
▶ v3.0.3 PR-E：hitScenarios channelId/channelName + 去重键含 channelId
  ✔ 双维专属命中 → hitScenarios 附带 channelId/channelName（专属渠道） (3.160583ms)
  ✔ 双维通用兜底命中 → channelName = 「通用」 (2.881042ms)
  ✔ 同一 scenario.id 在两个渠道各命中 → 去重键含 channelId → 产生两条 hitScenarios (3.736459ms)
  ✔ legacy 单维路径：hitScenarios 仍为 {id, displayIndex, name}（无 channelId/channelName）+ 去重键不变 (3.240042ms)
✔ v3.0.3 PR-E：hitScenarios channelId/channelName + 去重键含 channelId (13.0865ms)
▶ validateBankDirection — 严格借贷方向矩阵
  ✔ DEBIT：Debit 非零且 Credit 为空或合法零才通过；负主侧按绝对值语义通过 (1.2395ms)
  ✔ CREDIT：Credit 非零且 Debit 为空或合法零才通过；科学计数法和负主侧合法 (0.111667ms)
  ✔ 主侧为空、非法、零分别返回稳定 code (0.137125ms)
  ✔ 另一侧非法或非零分别失败；双侧非零不会通过 (0.114042ms)
  ✔ 未知方向失败关闭，不尝试猜测 (0.068708ms)
  ✔ 无银行对象也按主侧为空失败，不抛异常 (0.040625ms)
✔ validateBankDirection — 严格借贷方向矩阵 (2.351333ms)
▶ 组全配 — 整组匹配成功
  ✔ 单组 2 行 → 复制网关命中行 2 份、Type===1(number)、Reference/Amount 行级、11 列同源、stats (0.715333ms)
✔ 组全配 — 整组匹配成功 (1.210834ms)
▶ 组半配 — 整组失败不消耗
  ✔ 组内 2 行只配到 1 条渠道行 → group-partial-match 整组失败、fixedRows=0 (0.130958ms)
✔ 组半配 — 整组失败不消耗 (0.173375ms)
▶ 调拨单号异常 — 整组失败
  ✔ 组内某行调拨单号空 → group-allocation-missing (0.090166ms)
  ✔ 组内调拨单号不一致 → group-allocation-inconsistent (0.160708ms)
✔ 调拨单号异常 — 整组失败 (0.325917ms)
▶ 网关 OrderId 命中数 — 唯一才生成
  ✔ OrderId 0 命中 → gw-orderid-not-found 整组失败 (0.16325ms)
  ✔ OrderId 多命中 → gw-orderid-multi-match 整组失败（区别于 JPM 取第一） (0.104042ms)
✔ 网关 OrderId 命中数 — 唯一才生成 (0.347958ms)
▶ 链接ID 空 — 整组失败
  ✔ 组内某行链接ID 空 → group-link-id-empty 整组失败 (0.080042ms)
✔ 链接ID 空 — 整组失败 (0.122167ms)
▶ 早返回 — 渠道无 BOC 行 / 链接表空
  ✔ 渠道无 channelName=BOC 行 → boc-channel-not-found 早返回 (0.095125ms)
  ✔ BOC链接表空 → boc-link-table-empty 早返回 (0.09675ms)
✔ 早返回 — 渠道无 BOC 行 / 链接表空 (0.258666ms)
▶ 1v1 消耗 — 同链接ID 出现 k 次须有 k 条渠道行
  ✔ 组内同链接ID 出现 2 次、渠道恰 2 条同 reconId 行 → 成功复制 2 份 (0.111166ms)
  ✔ 组内同链接ID 出现 2 次但渠道仅 1 条同 reconId 行 → 整组失败（1v1 消耗不足） (0.083166ms)
✔ 1v1 消耗 — 同链接ID 出现 k 次须有 k 条渠道行 (0.230417ms)
▶ 跨组同链接ID — D7 相关组全失败
  ✔ 同一链接ID 出现在两个分组 → link-id-ambiguous、两组都失败、fixedRows=0 (0.658208ms)
  ✔ 链接ID 跨多组 + 同组另有干净链接ID — 两种渠道行序产出完全一致、fixedRows=0、两组皆失败 (0.125875ms)
✔ 跨组同链接ID — D7 相关组全失败 (0.814708ms)
▶ 两组共享调拨单号 — D8 第二组失败
  ✔ 两组各自链接ID 不同但调拨单号相同 → 先处理组成功、后处理组 group-allocation-reused 失败 (0.064667ms)
✔ 两组共享调拨单号 — D8 第二组失败 (0.08525ms)
▶ channelName 比较 — trim 后精确等值、大小写敏感（D5）
  ✔ channelName 带空白 " BOC " trim 后命中 (0.047792ms)
  ✔ channelName 小写 "boc" 不命中（大小写敏感） (0.0385ms)
  ✔ config.channelName 缺失 → 常量 BOC 兜底 (0.061708ms)
✔ channelName 比较 — trim 后精确等值、大小写敏感（D5） (0.1845ms)
▶ 分组空行忽略 — 分组为空的链接表行不参与
  ✔ 分组为空的链接表行（2.2 已剔除）不进任何组、不影响成功组 (0.068583ms)
✔ 分组空行忽略 — 分组为空的链接表行不参与 (0.086667ms)
▶ 入参不可变 — sheets 三数组与 bocLinkRows 不被修改
  ✔ run 后入参与运行前深快照 byte-for-byte 一致 (0.091208ms)
✔ 入参不可变 — sheets 三数组与 bocLinkRows 不被修改 (0.109417ms)
▶ 分流 — runReconIdFix 按 config.subCategory（四路）
  ✔ subCategory=boc-dispatch-order-fix → 走 BOC 引擎（无 admUpdates、有 stats.channelBocTotal） (0.088792ms)
  ✔ JPM 分流不回归（subCategory=jpm-dispatch-order-fix → 仍走 JPM，返回 admUpdates） (0.159459ms)
  ✔ 普通 gateway 场景（无 subCategory）→ 走 C4（无 admUpdates、无 channelBocTotal） (0.225083ms)
  ✔ business 场景 → 走 C4（不回归） (0.03875ms)
  ✔ BOC 分流不传 bocLinkRows（旧 2 参兼容）→ bocLinkRows 默认 [] → boc-link-table-empty 早返回不抛 (0.037958ms)
✔ 分流 — runReconIdFix 按 config.subCategory（四路） (0.590917ms)
▶ stats 完整性
  ✔ 返回 stats 含 spec 列出的全部键（含 fixedRowCount） (0.065125ms)
✔ stats 完整性 (0.082542ms)
▶ RECONCILIATION_ID_COLUMN
  ✔ = ReconciliationId (0.363375ms)
✔ RECONCILIATION_ID_COLUMN (0.864167ms)
▶ buildFeatureRegex
  ✔ totalLength = featureCode.length + digitCount → 无 [A-Z] 前缀 (0.1165ms)
  ✔ totalLength > featureCode + digitCount → 有 [A-Z]{N} 前缀 (0.046375ms)
  ✔ 参数总长 < featureCode + digit → 抛错 (0.171333ms)
  ✔ regex 真实匹配 — 全 5 位数字 (0.59725ms)
  ✔ regex 真实匹配 — 带英文前缀 (0.056875ms)
  ✔ featureCode 缺失（空串） + totalLength = digitCount → 仅 \d{N} (0.041416ms)
✔ buildFeatureRegex (1.153333ms)
▶ runC1Scenario — extractByOtherField 模式
  ✔ 正常路径：条件命中 + 取字段值 → 写入 ReconciliationId (0.779167ms)
  ✔ 条件不命中 → 不修改 (0.066667ms)
  ✔ 取字段空 → 不修改 (0.079833ms)
  ✔ 原值 = 新值 → 不算修改（first-match-wins 不锁定） (0.049833ms)
  ✔ 空 conditions → 任意行都不命中 (0.035459ms)
✔ runC1Scenario — extractByOtherField 模式 (1.117375ms)
▶ runC1Scenario — extractByFeature 模式
  ✔ 单字段提取 → 命中 + 写值 (0.107708ms)
  ✔ 多字段提取 + 值一致 → 写值 (0.046208ms)
  ✔ 多字段值不一致 → warn + 不写值 (0.089959ms)
  ✔ 无字段值匹配 → 不修改 (0.036084ms)
  ✔ 字段空 → 跳过 (0.036583ms)
✔ runC1Scenario — extractByFeature 模式 (0.363667ms)
▶ runC1Scenario — conditionsLogic AND/OR
  ✔ AND：两个条件都满足 → 命中 (0.057958ms)
  ✔ AND：仅一个满足 → 不命中 (0.030291ms)
  ✔ OR：仅一个满足 → 命中 (0.031333ms)
  ✔ OR：全不满足 → 不命中 (0.026958ms)
  ✔ 未指定 logic → fallback OR（向下兼容） (0.033583ms)
✔ runC1Scenario — conditionsLogic AND/OR (0.221208ms)
▶ runC1Scenario — 边界
  ✔ 空 bankRows → 空结果 (0.033916ms)
  ✔ config 缺失 → 不抛错 (0.060791ms)
  ✔ 配置 extractByOtherField + extractByFeature 同存：feature 优先 (0.047334ms)
✔ runC1Scenario — 边界 (0.187583ms)
✔ 交叉候选完整计数：一对多左行仍构成右行的多对一，不赋值、不锁定 (1.869916ms)
✔ 交叉候选下反向 AND 条件换序，不改变赋值与锁定对象 (0.297667ms)
✔ 交叉歧义不妨碍独立合法配对，只修改并锁定独立配对的行 (0.172709ms)
✔ 独立合法配对赋值同值时仍锁定双方，交叉歧义仍不锁定 (0.106333ms)
✔ 交叉歧义保留后续场景处理资格，命中归属、异常来源和行数可追溯 (0.66075ms)
✔ 3×3 全部 512 种候选关系：只执行无共享端点的配对，条件和输入行换序、左右赋值均一致 (54.719459ms)
▶ isNumericFieldName — 启发式数值字段判断
  ✔ 含 Amount → true (0.567417ms)
  ✔ 含 Fee → true (0.051459ms)
  ✔ 含 金额 / 数额 → true (0.064375ms)
  ✔ 普通字符串 → false (0.417708ms)
  ✔ null / undefined / 空 → false (0.054375ms)
✔ isNumericFieldName — 启发式数值字段判断 (1.795ms)
▶ classifyRowsByBillTypes
  ✔ 按 billTypes 条件分类 → 每行 _c2Types (0.7345ms)
  ✔ 行可命中多 type seq → 数组多元素 (0.062917ms)
  ✔ 行不命中任何 type → 空数组 (0.058166ms)
  ✔ 自动给每行赋 _rowId (0.052208ms)
✔ classifyRowsByBillTypes (1.0095ms)
▶ pairsMatch — 笛卡尔配对字段相等
  ✔ 单字段相等 → true (0.146833ms)
  ✔ 单字段不等 → false (0.042959ms)
  ✔ 多字段全等 → true (0.061625ms)
  ✔ 一字段不等 → false (0.039291ms)
  ✔ Amount 字段数值比较（字符串 vs 数字） (0.028167ms)
✔ pairsMatch — 笛卡尔配对字段相等 (0.39275ms)
▶ runC2Scenario — reconFields = 0 无条件赋值
  ✔ 命中 markValue.type 的行直接写值 (0.202583ms)
  ✔ 原值 = 新值 → 不修改 / 不锁定 (0.037792ms)
  ✔ billTypes 空 → invalid-config warning + 返回空结果 (0.062292ms)
  ✔ markValue.type 或 .field 缺失 → invalid-config (0.046458ms)
✔ runC2Scenario — reconFields = 0 无条件赋值 (0.386125ms)
▶ runC2Scenario — reconFields ≥ 1 配对模式
  ✔ 一对一配对成功 → 给 rightRow 写值（标准场景） (0.131291ms)
  ✔ 一对多 → warn + 终止该 leftRow (0.061208ms)
  ✔ 多对一 → warn + 不写 rightRow (0.056125ms)
  ✔ 无 leftRow / rightRow → 无修改 (0.044458ms)
  ✔ markValue.type = leftType → 改 leftRow (0.048ms)
✔ runC2Scenario — reconFields ≥ 1 配对模式 (0.388417ms)
▶ runC2Scenario — 边界
  ✔ 空 bankRows → 空结果 (0.037541ms)
  ✔ 配对成功后清理 _c2Types 临时字段 (0.04425ms)
✔ runC2Scenario — 边界 (0.1095ms)
▶ normalizeBillTypeRow — 单条件 → 多条件归一化
  ✔ 旧单条件 {seq,field,op,value} → conditions:[{...}]（删顶层 field/op/value） (0.069042ms)
  ✔ 已是 conditions 结构 → 幂等（仅补齐缺字段） (0.048375ms)
  ✔ 缺字段防御：op 缺省 等于、value 缺省 空串 (0.02475ms)
  ✔ 非对象入参 → 安全降级（seq undefined + 空 conditions） (0.035ms)
✔ normalizeBillTypeRow — 单条件 → 多条件归一化 (0.216333ms)
▶ normalizeBillTypes — 整数组归一化幂等
  ✔ 混合新旧结构数组 → 全部归一化为 conditions (0.048375ms)
  ✔ 非数组 → 空数组 (0.022ms)
✔ normalizeBillTypes — 整数组归一化幂等 (0.093625ms)
▶ classifyRowsByBillTypes — 多条件 AND（D-T3-1a）
  ✔ 多条件全满足 → 命中 (0.047042ms)
  ✔ 多条件任一不满足 → 不命中 (0.032209ms)
  ✔ 单条件兼容（旧结构）→ 归一化后命中 (0.025542ms)
  ✔ 空 conditions 类型 → 不命中任何行（spec §4.3） (0.023458ms)
  ✔ 一行命中多个多条件类型 → _c2Types 多元素 (0.029166ms)
✔ classifyRowsByBillTypes — 多条件 AND（D-T3-1a） (0.198833ms)
▶ runC2Scenario — 多条件 AND 端到端赋值
  ✔ 多条件 AND 命中后无条件赋值（reconFields=0） (0.043583ms)
✔ runC2Scenario — 多条件 AND 端到端赋值 (0.073791ms)
✔ 同向包含对照：类型 1 包含类型 2 时仍赋值类型 2 并锁定双方 (1.793ms)
✔ 反向包含不成立：类型 2 的 123 不包含类型 1 的 ABC123，不赋值、不锁定 (0.099792ms)
✔ 反向包含成立：类型 2 的 ABC123 包含类型 1 的 123，正确赋值和锁定 (0.086417ms)
✔ 相反方向的 AND 条件换序后，命中、赋值和锁定结果一致 (0.162583ms)
✔ 反向等于也按自身类型读取不同字段，缺省操作符保留金额数值比较 (0.506625ms)
✔ 配对内同一类型的条件两端读取同一行，不借用另一类型的字段 (0.095417ms)
✔ 第一条两侧同类型时保留左右候选行，仍允许单行自身匹配 (0.087209ms)
✔ 行可归属多个类型时，字段仍绑定当前配对的类型角色 (0.054459ms)
✔ 引用配对之外的类型时不从现有候选借值，不误赋值或锁定 (0.11375ms)
✔ 反向条件未命中后，两行仍可被后续场景处理，命中归属和行数守恒 (0.337584ms)
✔ 包含：左向右、trim、大小写、空值与 0，金额名也按字面子串 (0.715292ms)
✔ 等于兼容金额数值、普通字符串和缺省 op；混用仍需 AND (0.148125ms)
✔ 包含唯一配对保留双方锁定和仅实际修改记录；多候选继续告警跳过 (1.045834ms)
✔ 显式非法 op 在分类前拒绝，不能产生锁定或赋值 (0.216958ms)
✔ C2 仓储补缺省幂等、CRUD 拒绝非法 op；bundle 往返保留包含 (2.703375ms)
▶ countC3BankCandidates — v2.1.12 需求6 数据侧预检只读 helper
  ✔ 无银行 conditions → 兜底所有行皆候选（与引擎 bankRowsFiltered 兜底一致） (0.516167ms)
  ✔ 有银行 condition「包含」→ 仅命中行计入 (0.126208ms)
  ✔ 银行 condition 全不命中 → 0 (0.05925ms)
  ✔ 仅网关侧 conditions → 不影响银行候选（无银行条件视为全候选） (0.065417ms)
  ✔ 空 bankRows / null config 兜底不崩 (0.057166ms)
✔ countC3BankCandidates — v2.1.12 需求6 数据侧预检只读 helper (1.50575ms)
▶ 需求5 extra fee 匹配 — DS1-9（spec-alpha-req5 §4.1 资金 POC）
  ✔ DS1 零回归：默认关(无 extraFee) + 金额场景 gw=bank=100 → 命中 (0.394ms)
  ✔ DS2 加 fee 命中：fee=5, gw=100, bank=105 (0.100667ms)
  ✔ DS3 加 fee 不命中：fee=5, gw=100, bank=100（105≠100） (0.064667ms)
  ✔ DS4 fee=0 显式勾选：gw=bank=100 → 命中（等价默认关） (0.064917ms)
  ✔ DS5 负 fee：fee=-5, gw=100, bank=95 (0.080792ms)
  ✔ DS6 小数 fee：fee=0.5, gw=100, bank=100.5 (0.071334ms)
  ✔ DS7 A1：多金额字段对时 fee 仅作用「发生额绝对值」对，另一 Fee 字段对需精确相等 (0.099416ms)
  ✔ DS8 1v1 消费不变：2 bank 同额 + 1 gw(加 fee 命中) → 仅 1 条命中 (0.047042ms)
  ✔ DS9 浮点边界：fee=0.1, gw=0.2, bank=0.3 → 归一到分命中 (0.043917ms)
✔ 需求5 extra fee 匹配 — DS1-9（spec-alpha-req5 §4.1 资金 POC） (1.111ms)
▶ runC3Scenario — W2 Extra Fee 写盘（v2.1.15 资金红线 / v3.0.4 F1 取反）
  ✔ W2-1 fee 启用 + 命中 + Extra Fee 原值空 → 写入差额相反数并标黄 (0.1055ms)
  ✔ W2-2 fee 启用 + 命中 + Extra Fee 原值=写盘相反数 → 不 record 不标黄，但 lock + gw 消费 (0.07375ms)
  ✔ W2-3 fee 未启用 → Extra Fee 完全不动（byte-for-byte 回归保护） (0.071875ms)
  ✔ W2-4 assign 同值(原 early-return) + Extra Fee 需写 → assign 不 record / Extra Fee record / lock+gw 正确 (0.049291ms)
  ✔ W2-5 mode=custom + fee 启用 + 命中 → customValue 写 assign + Extra Fee 照常写 (0.042375ms)
✔ runC3Scenario — W2 Extra Fee 写盘（v2.1.15 资金红线 / v3.0.4 F1 取反） (0.397ms)
▶ runC3Scenario — mode=direct 行为回归（v2.1.7 baseline）
  ✔ mode=direct：从 gw 字段取值写入 bank 字段 (0.055792ms)
  ✔ mode 字段缺失（老 scenario）→ 走 direct 路径（默认行为） (0.033166ms)
  ✔ mode=direct：gw 字段空 → candidates 过滤掉 → 无修改 (0.035542ms)
✔ runC3Scenario — mode=direct 行为回归（v2.1.7 baseline） (0.165542ms)
▶ runC3Scenario — v3.0.13 多候选优先同值赋值候选
  ✔ 同值候选在后时仍优先选择同值候选：不覆盖已有 ReconciliationId，仍 warning + lock (0.119375ms)
  ✔ 同值候选在前时行为不变：消费第一条候选且不改值 (0.585125ms)
  ✔ 没有同值候选时沿用第一条候选并产生 modification (0.039583ms)
  ✔ 银行旧值为空时沿用第一条候选 (0.037584ms)
  ✔ custom mode 不走同值候选优先，仍写入 customValue (0.035167ms)
  ✔ Extra Fee 回归：同值候选在后，assign 不改值，Extra Fee 仍写入相反数并 lock (0.039208ms)
  ✔ 1v1 消费回归：第一条银行行因同值优先消费 gwSame，第二条只能消费剩余 gwOther (0.033833ms)
✔ runC3Scenario — v3.0.13 多候选优先同值赋值候选 (0.96025ms)
▶ runC3Scenario — mode=custom（v2.1.8 N2 新增）
  ✔ mode=custom + customValue 非空 → newValue=customValue 写入 bank (0.046125ms)
  ✔ mode=custom：跳过 gw 字段非空过滤（gw 行不需要 Reference 字段） (0.027083ms)
  ✔ mode=custom + customValue 空 → warning + skip（防御性 bundle/手改 DB 兼容） (0.037375ms)
  ✔ mode=custom + customValue 仅空白字符 → 同 customValue 空（trim 后空） (0.030792ms)
  ✔ mode=custom + reconFields 不匹配 → 无修改（与 mode=direct 一致） (0.027084ms)
  ✔ mode=custom + 多 bank 行 + 单 gw 行 → 严格 1v1 红线（usedGwRowIdx 消费） (0.040083ms)
  ✔ mode=custom + oldValue === newValue → lock 但不 record（沿用 round 9 F2 fix 行为） (0.032041ms)
✔ runC3Scenario — mode=custom（v2.1.8 N2 新增） (0.294667ms)
▶ runC3Scenario — mode=custom + customValue 类型边界
  ✔ customValue 是 null → 视为空 → skip (0.113833ms)
  ✔ customValue 是数字 → String() 转换写入 (0.060792ms)
✔ runC3Scenario — mode=custom + customValue 类型边界 (0.232083ms)
▶ runC3Scenario — W2 Extra Fee 写入值资金正确性（v2.1.15 补强 / v3.0.4 F1 取反）
  ✔ W2-V1 fee=0：写盘相反数 -0 → Extra Fee 写 "0"（-0 边界 String(-0)==="0"，绝不出 "-0"） (0.065041ms)
  ✔ W2-V2 负 fee=-5（负输入对称取反核心）：gw100 + (-5) = bank95 命中 → Extra Fee 写 "5" (0.051791ms)
  ✔ W2-V3 小数 fee=0.5：gw100 + 0.5 = bank100.5 命中 → Extra Fee 写 "-0.5" (0.031375ms)
  ✔ W2-V4 浮点边界 fee=0.1（gw0.2+0.1=bank0.3 归一到分命中）→ Extra Fee 写配置原值取反 "-0.1"（非浮点漂移） (0.02725ms)
  ✔ W2-V5 覆盖既有非空 Extra Fee：原值 "9" ≠ 写盘相反数 "-5" → 覆盖为 "-5" 并标黄（oldValue 记原值） (0.046083ms)
✔ runC3Scenario — W2 Extra Fee 写入值资金正确性（v2.1.15 补强 / v3.0.4 F1 取反） (0.271708ms)
▶ runC3Scenario — F1 取反迁移边界（v3.0.4 资金红线）
  ✔ F1-M0 fee=-3（spec §9.1 精确矩阵点）：负输入对称取反 → Extra Fee 写 "3" (0.044208ms)
  ✔ F1-M1 存量旧正值被覆盖取反：原 Extra Fee="5"（旧版正符号存量）+ fee=5 → 新写 "-5" 标黄 (0.036916ms)
  ✔ F1-M2 取反终态原值幂等：原 Extra Fee="-5"（已是取反终态）+ fee=5 → newFee="-5" 同值仅 lock 不 record (0.029208ms)
✔ runC3Scenario — F1 取反迁移边界（v3.0.4 资金红线） (0.136959ms)
▶ lookupReconId
  ✔ 返回行 reconId（trim） (0.467958ms)
  ✔ reconId 为空 → 空串 (0.065667ms)
  ✔ 行为 null → 空串 (0.04975ms)
  ✔ reconId 是数字 → 字符串 (0.038292ms)
✔ lookupReconId (1.262916ms)
▶ computeCommonId
  ✔ source = left（默认 — source 非 opp 都走 left）→ leftRow.reconId + suffix (0.101167ms)
  ✔ source = opp → rightRow.reconId + suffix (0.036166ms)
  ✔ cfg 为 null → 空串 (0.042166ms)
  ✔ suffix 为 null → 空串拼接 (0.051041ms)
  ✔ source = opp 但 rightRow 缺 reconId → 仅 suffix (0.056875ms)
✔ computeCommonId (0.407458ms)
▶ parseRowIdxNum — _rowIdx 末尾数字解析（PR #36 round 1 P2 修复）
  ✔ main_5 → 5 (0.106375ms)
  ✔ opp_10 → 10（不要字典序） (0.081833ms)
  ✔ null / undefined → MAX_SAFE_INTEGER（排最后） (0.034083ms)
  ✔ 非法格式 → MAX_SAFE_INTEGER (0.02625ms)
  ✔ 纯数字字符串 → 仍尝试匹配末尾 (0.02225ms)
✔ parseRowIdxNum — _rowIdx 末尾数字解析（PR #36 round 1 P2 修复） (0.335209ms)
▶ parseBillDateMs
  ✔ YYYY-MM-DD → UTC ms (0.089375ms)
  ✔ YYYY/MM/DD → UTC ms (0.049958ms)
  ✔ 单位月份补 0：YYYY-M-D (0.025209ms)
  ✔ 带时间后缀 → 仅取日期段 (0.030083ms)
  ✔ null / 空 → null (0.02275ms)
  ✔ 非法字符串 → null (0.024625ms)
  ✔ Excel 序列号（number）→ null（必须先经 normalizeBillDateValue） (0.027292ms)
✔ parseBillDateMs (0.342917ms)
▶ billDateMatches
  ✔ strict 模式：字符串相等 → true (0.056625ms)
  ✔ strict 模式：字符串不等 → false（即使 ±1day 内） (0.020292ms)
  ✔ strict 模式：trim 后比较 (0.02125ms)
  ✔ ±1day 模式：差 1 天 → true (0.027959ms)
  ✔ ±1day 模式：差 2 天 → false (0.021083ms)
  ✔ ±1day 模式 + days=2：差 2 天 → true (0.020208ms)
  ✔ 空值 → false (0.020709ms)
  ✔ 其它 mode 串：当 strict 处理 (0.01975ms)
✔ billDateMatches (0.2675ms)
▶ toCents
  ✔ 数字 × 100 + 四舍五入 (0.539ms)
  ✔ 字符串数字 (0.053ms)
  ✔ 浮点四舍五入：1.235 → 124（避免 0.1+0.2 浮点坑） (0.025292ms)
  ✔ null / undefined → null (0.02125ms)
  ✔ 空字符串 → null（避免 Number("") = 0） (0.020208ms)
  ✔ 非法字符串 → null (0.020291ms)
  ✔ NaN / Infinity → null (0.0295ms)
  ✔ 对象 / 数组 / boolean → null (0.032125ms)
✔ toCents (0.817458ms)
▶ rowsMatchFieldPairs
  ✔ 全部字段相等 → true (0.066083ms)
  ✔ 一字段不等 → false (0.034541ms)
  ✔ 双方都为空 → false（不算匹配） (0.022875ms)
  ✔ 空 fieldPairs → false (0.020375ms)
✔ rowsMatchFieldPairs (0.178875ms)
▶ rowsMatchOtherFieldPairs
  ✔ 空 otherFieldPairs → true（无其他约束） (0.035375ms)
  ✔ 全字段相等 → true (0.027541ms)
  ✔ 双方都空 → false (0.025125ms)
✔ rowsMatchOtherFieldPairs (0.121167ms)
▶ groupReconFields
  ✔ 已有 reconGroups → 直接使用 (0.093209ms)
  ✔ fallback 兼容老 reconFields[] (0.036375ms)
  ✔ cfg 为 null → 空数组 (0.53925ms)
  ✔ reconGroups 与 reconFields 都缺 → 空数组 (0.019625ms)
✔ groupReconFields (0.726667ms)
▶ findAmountLockedPair
  ✔ locked = true 优先 (0.052167ms)
  ✔ 无 locked，按字段名 Amount/Amount 兼容识别 (0.025ms)
  ✔ 无 locked + 无 Amount/Amount → null (0.019333ms)
  ✔ 空数组 / null → null (0.017375ms)
✔ findAmountLockedPair (0.1555ms)
▶ classifyRows
  ✔ 按 side 过滤 billTypes，行 _types 反映命中 seq (0.176209ms)
  ✔ 无 conditions 的 type → 不命中（保守） (0.024583ms)
  ✔ 返回新对象（不污染入参） (0.031458ms)
✔ classifyRows (0.255458ms)
▶ buildOutputRow
  ✔ business 子模式 — 15 列含 SubBizType (0.064333ms)
  ✔ gateway 子模式 — 14 列不含 SubBizType (0.034708ms)
  ✔ 缺失字段 → 空串（不是 undefined） (0.025666ms)
  ✔ overrides 覆盖 srcRow (0.02475ms)
  ✔ _sourceSide 在 enumerable=false (0.027167ms)
✔ buildOutputRow (0.213541ms)
▶ enumerateAmountSubsets
  ✔ 正常路径：找出和 = target 的 2 元子集 (0.116875ms)
  ✔ depth < 2 不算解（单元素不返回） (0.019541ms)
  ✔ 无解 → 空数组 (0.022166ms)
  ✔ candidates 太少 → 空数组 (0.02425ms)
  ✔ targetCents ≤ 0 → 空数组 (0.021875ms)
  ✔ maxSize 限制 subset 大小 (0.0455ms)
✔ enumerateAmountSubsets (0.287708ms)
▶ normalizeBillDateValue — Excel 序列号 → ISO 字符串
  ✔ 空值（null / undefined / 空字符串）→ 空字符串 (0.485375ms)
  ✔ Excel 序列号（number）→ YYYY-MM-DD (0.550709ms)
  ✔ Excel 序列号 — 2026-05-22（验算：与 XLSX.SSF.parse_date_code 一致） (0.044667ms)
  ✔ Excel 序列号 — F5-TEST2.xlsx createTime 首行实测 (0.049625ms)
  ✔ Excel 序列号 — 现代日期范围若干 (0.055042ms)
  ✔ 小数序列号 → 取整数部分（忽略时间） (0.041708ms)
  ✔ 字符串已是 YYYY-MM-DD → 原样返回 (0.040583ms)
  ✔ 字符串 YYYY/MM/DD → 原样（让 parseBillDateMs 处理） (0.082458ms)
  ✔ 非数字非字符串 → toString (0.063708ms)
  ✔ Infinity / NaN → 空字符串（避免无效日期写入） (0.07ms)
✔ normalizeBillDateValue — Excel 序列号 → ISO 字符串 (2.188958ms)
▶ normalizeBillDateValue + parseBillDateMs 联调（F5 端到端）
  ✔ Excel 序列号 46164 → "2026-05-22" → parseBillDateMs 返回有效 ms (0.154542ms)
  ✔ v2.1.6 现状回归：字符串 "2026-05-22" 直接 parseBillDateMs 仍 OK (0.076542ms)
  ✔ v2.1.7 根因复现：number 46164 直接 parseBillDateMs → null（必须经 normalizeBillDateValue） (0.035708ms)
  ✔ 空值 → normalize 后仍是空 → parseBillDateMs 返回 null（保持现状） (0.024792ms)
✔ normalizeBillDateValue + parseBillDateMs 联调（F5 端到端） (0.382167ms)
▶ findBestAmountSubset — 基本契约（v2.1.7 行为回归）
  ✔ candidates < 2 → null (0.118084ms)
  ✔ targetCents 非正数 → null (0.029083ms)
  ✔ 简单子集和（2 行）→ 找到 (0.178792ms)
  ✔ 无解 → null (0.037917ms)
✔ findBestAmountSubset — 基本契约（v2.1.7 行为回归） (0.403083ms)
▶ findBestAmountSubset — maxSize 动态档位（spec.md F5-D1）
  ✔ pool ≤ 12 → 全跑：找出大子集（v2.1.7 maxSize=8 卡死的场景） (0.082291ms)
  ✔ pool 13-20 → maxSize=12：可找到 12 行子集，13 行子集找不到 (0.122125ms)
  ✔ TEST2.xlsx T54SWIC494447 场景模拟：pool=16 应能找到 16 行子集（v2.1.7 maxSize=8 漏掉） (1.34925ms)
  ✔ pool 21-25 → maxSize=10 + degraded warn (20.150167ms)
  ✔ pool > 25 → maxSize=8 + safety-floor (118.809292ms)
  ✔ options.maxSize 显式传入 → 覆盖动态档位（向后兼容） (0.089583ms)
  ✔ v2.1.7 baseline 行为：pool ≤ 8 + 不传 options → 行为不变 (0.086208ms)
✔ findBestAmountSubset — maxSize 动态档位（spec.md F5-D1） (140.796166ms)
▶ findBestAmountSubset — 性能护栏（spec.md F5-D5）
  ✔ options.silent=true 抑制告警日志（unit test 用） (124.756084ms)
  ✔ 未传 silent 时大池子触发 appendModuleLog warning（性能护栏告警） (119.474125ms)
✔ findBestAmountSubset — 性能护栏（spec.md F5-D5） (244.2935ms)
▶ sortRightRowsForManyToOne — 复合排序 (spec.md F5-D2)
  ✔ 金额降序：大金额 right 排前面（root case — TEST2.xlsx T54SWIC470181 4M 优先消费 left 池） (0.295708ms)
  ✔ 同金额：candidates pool size 降序（spec F5-D2 子集大小代理） (0.088375ms)
  ✔ pairedRight 中的行排到最后 (0.063292ms)
  ✔ pairedLeft 影响 candidates count 计算 (0.044709ms)
  ✔ rightRows 空 → 返回空数组（不应抛错） (0.636375ms)
  ✔ 原数组不被修改（稳定 slice） (0.084291ms)
✔ sortRightRowsForManyToOne — 复合排序 (spec.md F5-D2) (1.283708ms)
▶ currencyMatches — gateway 子模式 currency 等值过滤
  ✔ 非 gateway 子模式 → 直通 true（不过滤） (0.046375ms)
  ✔ cfg 为 undefined / null → 直通 true（兼容旧调用） (0.02275ms)
  ✔ gateway 子模式 + 两侧 currency 都非空相等 → true (0.026416ms)
  ✔ gateway 子模式 + 两侧 currency 都非空不等 → false（核心过滤行为） (0.02575ms)
  ✔ gateway 子模式 + 任一为空 → 直通 true（数据质量兼容，避免比 v2.1.7 退步） (0.040125ms)
  ✔ 字段名大小写敏感（GATEWAY_BILL_FIELDS Currency 大写 vs CHANNEL_BILL_FIELDS currency 小写） (0.023208ms)
  ✔ normalizeCellValue 应用：trim + 大小写归一 (0.027542ms)
  ✔ null/undefined row → 直通 true（防御性） (0.034083ms)
✔ currencyMatches — gateway 子模式 currency 等值过滤 (0.311125ms)
▶ sortRightRowsForManyToOne + currencyMatches 集成（T10 + T11 协同）
  ✔ gateway 子模式：currency 不同的 left 不计入 candidates count (0.058709ms)
  ✔ business 子模式：currency 过滤直通 → candidates 不被 currency 过滤 (0.042166ms)
✔ sortRightRowsForManyToOne + currencyMatches 集成（T10 + T11 协同） (0.121458ms)
▶ applyFieldValueOverrides — 修复订单字段取值（v3.0.2 需求3）
  ✔ fieldValue 缺失 / 未启用 → 返回空 overrides (0.1155ms)
  ✔ 启用 + 单规则命中 → overrides[mainField] = oppRow[oppField] (0.041ms)
  ✔ 🔴 不污染源行对象（调用后 mainRow/oppRow 原字段未变） (0.025333ms)
  ✔ 🔴 seq 以字符串传入（"1"/"2"）经 Number 归一仍命中 (0.025875ms)
  ✔ 分组过滤：mainRow._types 不含 mainTypeSeq → 跳过 (0.032292ms)
  ✔ 分组过滤：oppRow._types 不含 oppTypeSeq → 跳过 (0.03125ms)
  ✔ 源字段为 null/undefined → 赋空字符串（不阻断） (0.030125ms)
  ✔ mainField / oppField 任一空 → 跳过该规则（不抛错） (0.032667ms)
  ✔ 多规则部分命中：只写命中的规则 (0.0345ms)
  ✔ 行缺 _types → 返回空 overrides（防御） (0.044042ms)
✔ applyFieldValueOverrides — 修复订单字段取值（v3.0.2 需求3） (0.47275ms)
▶ builder↔DBS-Charge 端到端联测（方向感知门控，🔴 抓 codex-pr74 P1）
  ✔ ① DBS→DBS：真实 builder 派生 in+out 两腿都含 DBS → 两腿都命中并标 FundTransfer-in/out (1.667791ms)
  ✔ ② DBS→外部(ICBC)：付款渠道=DBS、收款渠道=ICBC → 仅出腿命中（标 FundTransfer-out）；入腿不命中 (0.140292ms)
  ✔ ③ 外部(ICBC)→DBS：付款渠道=ICBC、收款渠道=DBS → 仅入腿命中（标 FundTransfer-in）；出腿不命中 (0.099375ms)
  ✔ ④ 外部→外部(ICBC→CITI)：付款渠道=ICBC、收款渠道=CITI → 两腿都不含 DBS → 完全不命中（零改动） (0.068334ms)
  ✔ 混合四单一把跑：各组合命中范围互不串台（DBS→DBS 两腿 / DBS→外部 仅出 / 外部→DBS 仅入 / 外部→外部 全不） (0.268125ms)
✔ builder↔DBS-Charge 端到端联测（方向感知门控，🔴 抓 codex-pr74 P1） (2.8015ms)
▶ DBS-Charge — 步骤1 金额口径
  ✔ dispatchAmountAbs = |金额|（单列，读 recon.amount）；非数值 → NaN (0.436208ms)
  ✔ dispatchBankAmountEqual：调拨单列金额 ↔ 银行 |credit-debit|，精确到分 (0.073ms)
  ✔ 步骤1 金额比较完全忽略非零 Extra Fee (0.053292ms)
✔ DBS-Charge — 步骤1 金额口径 (1.0625ms)
▶ DBS-Charge — 步骤1 匹配赋值
  ✔ ① in 行：big_account=收款卡号，银行 MerchantId=收款卡号 → 命中赋 ReconciliationId (1.153583ms)
  ✔ 步骤1 端到端：非零 Extra Fee 不改变调拨金额命中 (0.107291ms)
  ✔ ① 取反：big_account 与银行 MerchantId 不等 → 不命中（零改动） (0.070208ms)
  ✔ ② 金额差 1 分 → 不命中 (0.157333ms)
  ✔ ② 币种不等 → 不命中 (0.143792ms)
  ✔ out 行：big_account=付款卡号，银行 MerchantId=付款卡号 → 命中（方向零分支，仅比 big_account） (0.11925ms)
✔ DBS-Charge — 步骤1 匹配赋值 (1.920125ms)
▶ DBS-Charge v3.1.1 — Step1 日期策略全局两阶段
  ✔ 全局 Phase1 先完成所有同日：后序调拨保住同日行，前序调拨再取剩余 ±N 行 (0.296083ms)
  ✔ 日期关闭完全跳过日期：来源与银行日期非法仍可按其它严格条件命中 (0.069708ms)
  ✔ 日期开启时非法日期不降级，近似候选不消费并产生可审计告警 (1.177291ms)
  ✔ 同一来源已有同日合法候选时，日期非法 near-candidate 仍逐条告警且不影响选择/改写 (0.188167ms)
  ✔ 25×25 日期失败密集组按银行行/方向/原因去重，Phase1/2 不放大为 625 条 (4.965917ms)
  ✔ 同一银行行的不同日期失败原因分别保留 (0.158625ms)
  ✔ ±7 边界包含，+8 排除；绝对差相等继续按银行原序并保留多候选告警 (0.142917ms)
✔ DBS-Charge v3.1.1 — Step1 日期策略全局两阶段 (7.102083ms)
▶ DBS-Charge — 步骤1 命中行标 FundTransfer-in/out
  ✔ ③ in 调拨行（fund_type=FundTransfer-in）命中 → 命中行 FundType 标 FundTransfer-in；ReconciliationId 仍赋值 (0.087667ms)
  ✔ ③ out 调拨行（fund_type=FundTransfer-out）命中 → 命中行 FundType 标 FundTransfer-out (0.051209ms)
  ✔ ③ 命中行原 FundType 已等于目标 fund_type → no-op（不 record） (0.045459ms)
  ✔ ③ 调拨 fund_type 为空（未知方向）→ 不进 dispRows、不匹配、不赋值（方向感知门控） (0.034708ms)
✔ DBS-Charge — 步骤1 命中行标 FundTransfer-in/out (0.262916ms)
▶ DBS-Charge — 步骤1 in/out 同 ReconID 交互（两阶段防覆盖，🔴 红线核心）
  ✔ ③' 一笔调拨单 in+out 两行（同 ReconID）各匹配两银行行 → 两命中行各保留 FundTransfer-in/out，不被对方归并；同 ReconID 第三非命中行→Charge (0.101708ms)
  ✔ v3.1.1 同 RID/账号/币种/金额/日期的 Debit/Credit 严格分流，保护命中行且 Stage B 只归并 Debit sibling (0.126791ms)
✔ DBS-Charge — 步骤1 in/out 同 ReconID 交互（两阶段防覆盖，🔴 红线核心） (0.2545ms)
▶ DBS-Charge — 步骤1 阶段B 归并 Charge
  ✔ ③'' 同 reconId 非命中行 Inbound → Charge；命中行不动（初始 FundType=目标方向时 no-op）；已 Charge no-op (0.068625ms)
  ✔ ③ 显式 scope='all'：批量置 Charge 搜【全量 bankRows】（含非 DBS 渠道行同 reconId 也被波及——忠于原文，red-line 点1） (0.054625ms)
✔ DBS-Charge — 步骤1 阶段B 归并 Charge (0.147542ms)
▶ DBS-Charge — 步骤1 ReconciliationId 覆盖 + 1v1
  ✔ ④ 命中即覆盖（含非空原值） (0.049166ms)
  ✔ ④ 调拨 ReconID 为空 → 不写 ReconciliationId（且空键不触发批量置 Charge） (0.038708ms)
  ✔ ④ 严格 1v1：两条调拨行抢一条银行行 → 第二条无候选不命中 (0.043583ms)
  ✔ ④ 多候选 tie → 取原序首行 + warning (0.057667ms)
✔ DBS-Charge — 步骤1 ReconciliationId 覆盖 + 1v1 (0.2255ms)
▶ DBS-Charge — 步骤2 命中→outbound / 未命中→Charge
  ✔ ⑤ Charge 行：网关 amount+currency 命中 → 转 outbound (0.119125ms)
  ✔ 步骤2 端到端：非零 Extra Fee 不污染网关金额命中 (0.03775ms)
  ✔ ⑤ 网关币种不等 → 未命中 → Charge（候选已是 Charge，no-op 不 record） (0.032166ms)
  ✔ ⑤ 网关金额差 1 分 → 未命中 → Charge（候选已是 Charge，no-op） (0.033958ms)
  ✔ ⑥ 🔴 语义翻转：候选 outbound 行网关未命中 → 变 Charge（原『保持 outbound』断言翻转） (0.035084ms)
  ✔ ⑥ 同桶混合：命中行 outbound 留 outbound、未命中行 outbound 翻 Charge (0.042084ms)
  ✔ ⑥ 多笔：同 reconId 桶内命中行转 outbound、未命中 Charge 行留 Charge（no-op） (0.047458ms)
  ✔ ⑥ 幂等：已是 outbound 的行命中 → no-op（不 record、不回退） (0.034667ms)
  ✔ ⑥ candidates 仅 {Charge, outbound}：其他 FundType 值（如 Inbound）即便金额命中也不转 (0.038583ms)
  ✔ ⑦ 步骤2 用步骤1改后的【新 ReconciliationId】匹配网关（非银行原 reconId） (0.057583ms)
  ✔ 步骤2：reconId 桶网关侧无行 → 整桶不动（保持步骤1 的 FundType；不触发未命中→Charge） (0.032458ms)
✔ DBS-Charge — 步骤2 命中→outbound / 未命中→Charge (0.598625ms)
▶ DBS-Charge — 步骤2 网关白名单
  ✔ 固定 12 类 TradeType 均可进入步骤2索引并命中 outbound (0.113ms)
  ✔ TradeType 先 trim 再严格匹配：外侧空白接受，大小写不同拒绝 (0.03925ms)
  ✔ 非白名单-only 桶保持原 FundType，不触发 outbound→Charge，也不告警 (0.033167ms)
  ✔ 混合桶只看白名单候选：非白名单金额命中不算 hit，既有 outbound 按现有规则回落 Charge (0.034042ms)
✔ DBS-Charge — 步骤2 网关白名单 (0.264791ms)
▶ DBS-Charge — 步骤2 outbound Credit 方向守卫
  ✔ 白名单金额币种命中但 Credit Amount 非0：Charge 保持原值、不 modification、新增 warning (0.100125ms)
  ✔ 方向不符时既有 outbound 也保持原值，但仍产生 warning (0.029917ms)
  ✔ 方向守卫先于金额币种：白名单金额不匹配时，非0 Credit 的 outbound 仍保持原值 (0.028583ms)
  ✔ Stage B 严格 DEBIT：Credit sibling 不归 Charge，步骤2方向不符也保持原值 (0.057666ms)
  ✔ Credit Amount 为0、空或非法均按0：允许 Charge→outbound 且不告警 (0.07625ms)
✔ DBS-Charge — 步骤2 outbound Credit 方向守卫 (0.337125ms)
▶ DBS-Charge — 端到端走查（同 ReconID 桶三类终态）
  ✔ ⑧ 一笔调拨 out 命中 + 网关确认一条 outbound + 其余归 Charge → 三类终态各断言 (0.097292ms)
✔ DBS-Charge — 端到端走查（同 ReconID 桶三类终态） (0.113209ms)
▶ DBS-Charge — 步骤1 空 big_account 调拨行不赋值/不归并（负向护栏）
  ✔ 调拨 big_account 为空 → 不命中 MerchantId 也为空的银行行（valuesEqual("","")===true 的误命中被护栏拦截）+ 不触发归并 (0.044333ms)
  ✔ 空 big_account 行不占池：同一 DBS 银行行仍可被后续有效 big_account 调拨行命中 (0.0365ms)
✔ DBS-Charge — 步骤1 空 big_account 调拨行不赋值/不归并（负向护栏） (0.099375ms)
▶ DBS-Charge — 跨渠道置 Charge 单向性（步骤2 不恢复）
  ✔ 非 DBS 同 reconId 行步骤1 被置 Charge 后，步骤2 不恢复（非 dbsBankRows 不进步骤2 桶，即便网关金额匹配） (0.079625ms)
  ✔ chargeSiblingsScope='dbs-only'：非 DBS 同 reconId 行不被置 Charge；DBS 同 reconId 行仍被置 Charge (0.044458ms)
  ✔ 默认 scope='dbs-only'：不传 chargeSiblingsScope → 非 DBS 同 reconId 行不被置 Charge；DBS 同 reconId 行仍被置 Charge (0.040958ms)
✔ DBS-Charge — 跨渠道置 Charge 单向性（步骤2 不恢复） (0.189542ms)
▶ DBS-Charge — 零额行严格方向失败关闭
  ✔ 零额调拨行与双零银行行虽金额绝对值相等，主侧为0仍不得命中/消费/改写 (0.062417ms)
  ✔ 零额调拨行 不命中 非零额银行行（0 ≠ 100，金额精确到分仍生效） (0.0305ms)
✔ DBS-Charge — 零额行严格方向失败关闭 (0.11125ms)
▶ DBS-Charge — Channel 门控 + 空入参
  ✔ ⑧ 无 DBS 行 → 整体 no-op（即便调拨 + 网关都能配上） (0.059875ms)
  ✔ ⑨ 空入参 no-op：bankRows 空 / 全空 / 缺省 (0.039375ms)
  ✔ dispatchChannelValue 方向感知门控：fund_type 空（未知方向）→ 该调拨行不参与步骤1 (0.026209ms)
  ✔ 方向感知门控：in 行判收款渠道===DBS（付款渠道留空也命中，builder D1 单向固化口径） (0.03325ms)
  ✔ 方向感知门控：in 行收款渠道≠DBS → 跳过（即便付款渠道恰为 DBS 也不判付款列） (0.025083ms)
  ✔ 方向感知门控：out 行判付款渠道===DBS（收款渠道留空也命中，builder D1 单向固化口径） (0.031333ms)
  ✔ 方向感知门控：out 行付款渠道≠DBS → 跳过（即便收款渠道恰为 DBS 也不判收款列） (0.024417ms)
  ✔ config 化：自定义 setFundTypeOutbound 字面值生效（零硬编码验证） (0.049208ms)
✔ DBS-Charge — Channel 门控 + 空入参 (0.339667ms)
▶ engine-date-utils.toDate
  ✔ Excel 序列号 46155 → 本地 2026-05-13（复用 normalizeDateExportValue） (0.600958ms)
  ✔ 字符串 2026-03-10（短横）→ 本地 2026-03-10 (0.2875ms)
  ✔ 字符串 2026/03/10（斜杠）→ 本地 2026-03-10（与短横同日） (0.198834ms)
  ✔ null / undefined / 空串 / 无效串 → null (0.231709ms)
  ✔ Date 实例直接传入 → 归一为本地午夜（保留年月日） (0.049542ms)
✔ engine-date-utils.toDate (1.897417ms)
▶ engine-date-utils.sameDay
  ✔ 同日（同格式）→ true (0.096708ms)
  ✔ 差 1 天 → false (0.042625ms)
  ✔ 跨格式同日（短横 vs 斜杠）→ true (0.047916ms)
  ✔ Excel 序列号 vs 同日字符串 → true (0.06175ms)
  ✔ 任一无法解析（null / 空 / 无效）→ false (0.354708ms)
✔ engine-date-utils.sameDay (0.708375ms)
▶ engine-date-utils.dayDiffWithin(., ., 1)
  ✔ 差 0 天 → true (0.081375ms)
  ✔ 差 1 天（任一方向）→ true (0.04325ms)
  ✔ 差 2 天 → false (0.033667ms)
  ✔ 跨格式差 1 天 → true（短横 vs 斜杠） (0.03275ms)
  ✔ Excel 序列号差 1 天 → true (0.033875ms)
  ✔ 任一无法解析 → false (0.049208ms)
  ✔ n=0 时仅同日为 true（边界） (0.032375ms)
✔ engine-date-utils.dayDiffWithin(., ., 1) (0.381417ms)
▶ engine-date-utils.signedDayDiff（R4：保留方向，不取 abs）
  ✔ a 晚于 b → 正数 (0.041666ms)
  ✔ a 早于 b → 负数（与 dayDiffWithin 的 abs 不同） (0.023167ms)
  ✔ 同日 → 0 (0.020041ms)
  ✔ 跨格式 / Excel 序列号方向正确 (0.028416ms)
  ✔ 任一无法解析 → null (0.031584ms)
✔ engine-date-utils.signedDayDiff（R4：保留方向，不取 abs） (0.184042ms)
▶ normalizeCellValue
  ✔ null / undefined → 空串 (0.45175ms)
  ✔ 字符串 trim (0.0975ms)
  ✔ 有限数字 → 字符串 (0.077584ms)
  ✔ NaN / Infinity → 空串 (0.473167ms)
  ✔ 空字符串 (0.081084ms)
  ✔ 对象 → String() 调用 toString (0.089166ms)
✔ normalizeCellValue (1.991833ms)
▶ isEmptyValue
  ✔ 归一后空串 → true (0.075834ms)
  ✔ 归一后非空 → false (0.070334ms)
✔ isEmptyValue (0.226625ms)
▶ parseNumber
  ✔ null / undefined / 空 → null (0.104334ms)
  ✔ 数字直通 (0.071042ms)
  ✔ NaN / Infinity → null (0.041791ms)
  ✔ 字符串数字 → 数字 (0.04ms)
  ✔ 千分位字符串 → 数字 (0.046958ms)
  ✔ 非法字符串 → null (0.034667ms)
  ✔ 仅空白字符串 → null (0.024ms)
✔ parseNumber (0.461125ms)
▶ evaluateCondition
  ✔ condition 缺失 / 无 field → false (0.078042ms)
  ✔ "等于" 精确匹配 (0.0295ms)
  ✔ "不等于" (0.030875ms)
  ✔ "包含" (0.024166ms)
  ✔ "包含" 期望空串 → false（保守） (0.020584ms)
  ✔ "不包含" (0.027959ms)
  ✔ "不包含" 期望空串 → true（任何串都不"包含"空） (0.026042ms)
  ✔ "空值" (0.034625ms)
  ✔ "非空值" (0.023083ms)
  ✔ "开头为" (0.025334ms)
  ✔ "开头为" 期望空串 → false (0.020208ms)
  ✔ 未知 op → false (0.025291ms)
  ✔ condition.value null → 视为空串 (0.02075ms)
✔ evaluateCondition (0.472166ms)
▶ ensureRowId
  ✔ 已有 _rowId → 返回原值 (0.065292ms)
  ✔ 无 _rowId → 生成 row_<idx> (0.022708ms)
  ✔ _rowId = 0 视为有值（非 null/undefined） (0.019334ms)
  ✔ _rowId = null → 重生成 (0.02025ms)
  ✔ _rowId = undefined → 重生成 (0.024541ms)
✔ ensureRowId (0.205667ms)
▶ valuesEqual
  ✔ 字符串模式：相同 → true (0.05575ms)
  ✔ 字符串模式：不同 → false (0.019625ms)
  ✔ 数字模式：数值相等 → true (0.025625ms)
  ✔ 数字模式：数值不等 → false (0.021333ms)
  ✔ 数字模式：任一不可解析 → false (0.020291ms)
  ✔ 数字模式：两侧都 null → false（防 "" === "" 误判） (0.018708ms)
✔ valuesEqual (0.20625ms)
▶ makeWarningCollector
  ✔ push 后 list 返回 warnings (0.057625ms)
  ✔ 空 collector → list 空数组 (0.573959ms)
  ✔ 多次 push 累计 (0.031875ms)
✔ makeWarningCollector (0.69225ms)
▶ makeModificationCollector
  ✔ record 记录修改 + 自动 lock (0.110167ms)
  ✔ lock 单独锁定（不记录修改） (0.034833ms)
  ✔ 多次 record + lock (0.025ms)
  ✔ record 字段 (0.069792ms)
✔ makeModificationCollector (0.272958ms)
▶ engine-week-utils — parseFtaDate
  ✔ 需求例 FTA202606021000477 → 2026-06-02（年月日逐字一致） (0.875042ms)
  ✔ 真实样本 FTA202604280200028 → 2026-04-28 (0.219041ms)
  ✔ 非 FTA 前缀 → null (0.051208ms)
  ✔ FTA 后不足 8 位数字 → null (0.041708ms)
  ✔ FTA 后 8 位但非法日期（20260230 / 20261301）→ null (0.050291ms)
  ✔ 空 / null / undefined / 非字符串 → null (0.045125ms)
✔ engine-week-utils — parseFtaDate (1.865167ms)
▶ engine-week-utils — weekTag ISO 8601 基准四元组
  ✔ 2026-06-02 → 2623（需求例） (0.108334ms)
  ✔ 2026-01-01 → 2601（周四，归 2026-W01） (0.055833ms)
  ✔ 🔴 2025-12-29 → 2601（周一，ISO week-year=2026，与日历年 2025 分叉） (0.050084ms)
  ✔ 🔴 2027-01-01 → 2653（周五，ISO week-year=2026 第 53 周，与日历年 2027 分叉） (0.0635ms)
  ✔ 2026-12-31 → 2653（2026 是 ISO 53 周年） (0.044792ms)
  ✔ FTA202606021000477 派生日期的 weekTag = 2623（需求例端到端） (0.047541ms)
  ✔ 无法解析日期 → null (0.237417ms)
✔ engine-week-utils — weekTag ISO 8601 基准四元组 (0.73525ms)
▶ engine-week-utils — weekTagPlusOne（日期语义 +7 天所在周）
  ✔ 普通周内 +1：2026-06-02（2623）→ 2624 (0.128333ms)
  ✔ 🔴 年末进位：2026-12-31（2653）+1 → 2701（日期语义；YYWW 数字加法 2653+1=2654 不存在） (0.0795ms)
  ✔ 跨年初进位：2025-12-29（2601）+1 → 2602 (0.035875ms)
  ✔ 无法解析日期 → null (0.199083ms)
✔ engine-week-utils — weekTagPlusOne（日期语义 +7 天所在周） (0.514333ms)
▶ engine-week-utils — weekTagToNumber
  ✔ '2623' → 2623（number）；非法 → null (0.065542ms)
  ✔ 订单周 +1 后 number = 银行周 number（join 语义自洽） (0.036083ms)
✔ engine-week-utils — weekTagToNumber (0.127458ms)
▶ 步骤2 — additionInfo 出账日期提取
  ✔ 真实样例 ATS OF 26/05/04 → 2026-05-04 (0.85625ms)
  ✔ JSON 内金额 2100000.00（无斜杠）不误匹配 → null (0.096083ms)
  ✔ 行首日期（^ 定界）26/05/04 命中 (0.226167ms)
  ✔ 提取不到 → null (0.050708ms)
  ✔ 非法日期 26/13/40（13 月）→ null（toDate 校验） (0.060917ms)
  ✔ 斜杠日期需空白定界：紧贴文字 OF26/05/04x 不命中 (0.042416ms)
  ✔ toIsoDate 与 ADM BillDate 规范化口径一致（2026/05/04 与 2026-05-04 同值） (0.0655ms)
✔ 步骤2 — additionInfo 出账日期提取 (2.051792ms)
▶ 步骤4 — Fundtransfer-in金额 逐笔转分累加 === receiveAmount
  ✔ 整组汇总 15000+6000=21000 === receiveAmount 命中 (0.105542ms)
  ✔ 浮点 0.1+0.2 逐笔转分 === 0.3 命中（严禁先浮点累加后 round） (0.059583ms)
  ✔ 任一非数值 → 整组不匹配 (0.073333ms)
  ✔ 汇总 ≠ receiveAmount → 不命中（容差0） (0.046042ms)
  ✔ 字符串数字 + 千分位逗号可解析 (0.030833ms)
✔ 步骤4 — Fundtransfer-in金额 逐笔转分累加 === receiveAmount (0.41625ms)
▶ 步骤1 — merchantId 过滤
  ✔ 渠道账单无指定 merchantId → 空 fixedRows + warn + admUpdates 原样 (0.29375ms)
✔ 步骤1 — merchantId 过滤 (0.32325ms)
▶ 完整链路 — 单批次多调拨号（Type=2）
  ✔ 2 调拨号同批次 → 全命中、Type=2、fixedRows=2 (0.78275ms)
✔ 完整链路 — 单批次多调拨号（Type=2） (0.808584ms)
▶ 完整链路 — 单批次单调拨号（Type=0）
  ✔ 1 调拨号 → Type=0、fixedRows=1 (0.091583ms)
✔ 完整链路 — 单批次单调拨号（Type=0） (0.121917ms)
▶ F2 修复 — 同批次跨多出账日期不同 reconId → Reference 行级
  ✔ 批次 CO1 跨 05-04(RC1)/05-05(RC2)：网关 A2→Reference=RC2（行级，非批级首行 RC1） (0.118041ms)
✔ F2 修复 — 同批次跨多出账日期不同 reconId → Reference 行级 (0.139791ms)
▶ F3b 修复 — 同出账日期多笔渠道账单 → channel-date-collision warn
  ✔ 两笔渠道账单同出账日期 → 恰一条 channel-date-collision warn (0.097875ms)
✔ F3b 修复 — 同出账日期多笔渠道账单 → channel-date-collision warn (0.11675ms)
▶ 步骤4 不命中 — 金额不平不写标志
  ✔ 整组汇总 ≠ receiveAmount → 不命中、不进网关、warn (0.162917ms)
✔ 步骤4 不命中 — 金额不平不写标志 (0.199708ms)
▶ 步骤6 批次 gating — 部分匹配不进网关
  ✔ 同批次号 2 行跨 2 出账日期，仅 1 行渠道命中 → 批次不进网关段 (0.133042ms)
  ✔ 同批次号 2 行跨 2 出账日期，各自命中 → 批次进网关段 (0.091292ms)
✔ 步骤6 批次 gating — 部分匹配不进网关 (0.26475ms)
▶ 步骤7 网关匹配异常 — warn
  ✔ 网关无 OrderId 对应调拨号 → gw-orderid-not-found warn、该行无网关匹配 (0.094166ms)
  ✔ 网关多行匹配同调拨号 → gw-multi-match warn、取第一行 (0.073792ms)
  ✔ OrderId↔调拨号 1v1 消费：两调拨号不同 → 各匹配各自网关行 (0.114292ms)
✔ 步骤7 网关匹配异常 — warn (0.340667ms)
▶ 步骤8 — fixedRows = Type ∧ Reference 均有值
  ✔ 未命中网关行（Type/Reference 空）不进 fixedRows (0.0585ms)
✔ 步骤8 — fixedRows = Type ∧ Reference 均有值 (0.08875ms)
▶ 调拨号为空 — 不进网关匹配
  ✔ ADM 行调拨号空（中台未匹配）→ 渠道命中但不进网关 (0.048958ms)
✔ 调拨号为空 — 不进网关匹配 (0.067625ms)
▶ admUpdates 契约 — 同一数组、行数顺序不变
  ✔ admUpdates === 入参 admRows，长度不变（无 filter/重排/增删） (0.062792ms)
  ✔ round-trip：readAdmBankDepositRows → run → writeAdmMatchFlags 落库 (4.548417ms)
✔ admUpdates 契约 — 同一数组、行数顺序不变 (4.651709ms)
▶ M9.1 修复 — 入口重置标志 → 二次运行幂等
  ✔ 同一 ADM 数组连跑两次（run1 已置标志1）→ run2 stats/fixedRows 与 run1 完全一致 (0.111917ms)
  ✔ no-op run（merchantId 不命中，channels=0）不清掉上一轮已持久化的标志 (0.04675ms)
✔ M9.1 修复 — 入口重置标志 → 二次运行幂等 (0.198667ms)
▶ 鲁棒性 — 空入参不抛异常
  ✔ 无 ADM 行 → 空 fixedRows (0.061417ms)
  ✔ 提取不到出账日期 → 跳过该渠道行 + warn，不抛 (0.046334ms)
✔ 鲁棒性 — 空入参不抛异常 (0.131584ms)
▶ 分流 — runReconIdFix 按 config.subCategory
  ✔ subCategory=jpm-dispatch-order-fix → 走 JPM 引擎（返回 admUpdates） (0.108125ms)
  ✔ 普通 gateway 场景（无 jpm subCategory）→ 走 C4（不回归，无 admUpdates） (0.232333ms)
  ✔ business 场景 → 走 C4（不回归） (0.033792ms)
  ✔ JPM 分流不传 admRows（旧 2 参兼容）→ admRows 默认 [] 不抛 (0.031208ms)
✔ 分流 — runReconIdFix 按 config.subCategory (0.440458ms)
✔ GW_TYPE_COL === GATEWAY_BILL_FIELDS[8]（超长缺括号 Type 列） (0.0325ms)
✔ NvM：2 银行 × 2 网关 同账号同币种同金额同日 → 两条银行行均命中 (2.2015ms)
✔ 1v1 不命中 (0.082292ms)
✔ 1vN 不命中（银行侧仅 1 行） (0.052583ms)
✔ Nv1 不命中（对手侧仅 1 行） (0.071917ms)
✔ 非 FundTransfer 银行行也能命中（检测不按 FundType 过滤） (0.132459ms)
✔ 空账号被护栏排除（不误并大组） (0.062959ms)
✔ 空币种被护栏排除 (0.054042ms)
✔ 非有限金额被护栏排除（网关 amount 非数值 → NaN 不进池） (0.061833ms)
✔ 非空非法 Extra Fee 使银行行退出多对多审计池 (0.06325ms)
✔ ±1 边界成边 → NvM 命中 (0.221875ms)
✔ 差 2 天不成边 → 该分量对手不足 2，不命中 (0.116791ms)
✔ dateToleranceDays=0：隔 1 天的 2×2 组不成边 → 不命中（默认容差 1 下本应命中） (0.08575ms)
✔ dateToleranceDays=3：隔 2 天的 2×2 组成边 → 命中（默认容差 1 下本应漏） (0.0715ms)
✔ dateMatchEnabled=false：完全跳过日期，非法/空/跨年日期的宽方向 2×2 组仍直接命中 (0.1225ms)
✔ dateMatchEnabled=true：同一非法日期 2×2 组仍不成边 (0.576625ms)
✔ 网关 + 调拨同一银行行命中 → 去重为一条、note 合并两侧 (0.132875ms)
✔ 调拨 NvM 命中（网关空） (0.063875ms)
✔ 调拨 big_account ≠ 银行 MerchantId → 不同组 → 不命中 (0.04175ms)
✔ 空入参 no-op（[] / null / 仅银行行） (0.059708ms)
✔ 🔴 纯只读：检测不改写任何 bankRow 字段（深度快照不变） (0.061042ms)
✔ 金额相差 1 分（0.01）→ 不同组 → 不命中 (0.031ms)
✔ Extra Fee 先加总再按分分组：100.004+0.004 与对手 100.01 同组命中 (0.050958ms)
✔ signed Extra Fee 在网关与调拨两侧统一参与多对多分组 (0.068709ms)
✔ 科学计数法与合计为 0 在多对多审计中沿用同一含手续费金额口径 (0.066125ms)
✔ 合计后不再 abs：100+(-150)=-50，不得与绝对值为 50 的对手并组 (0.034583ms)
✔ 金额取绝对值：银行 Debit 行（负方向）与网关正金额同 |金额| 并组命中 (0.075917ms)
✔ 门控短路：无任何 banks≥2 键 → 直接 []，且 cpRows 完全未被遍历 (0.037917ms)
✔ 大组封顶：nb×nc 超 MAX_BIPARTITE_EDGES → 不建图、整组银行行全部命中、note 含「规模过大」（用户可见非静默信号） (0.61175ms)
▶ R1 — 正常 1v1 命中（① 引用关系正确）
  ✔ 两条网关 ↔ 两条银行，各自精确命中，pairs gwRow/bankRow 为原引用 (0.550792ms)
  ✔ 部分网关行无对应银行行 → 仅命中的进 matchedGwRows (0.068625ms)
✔ R1 — 正常 1v1 命中（① 引用关系正确） (1.15ms)
▶ R1 — ② 一个 reconid 对应多条银行行（取第一条 + warn + 单向消费）
  ✔ 一条网关 reconid 命中两条银行行 → 取银行原序第一条 + multi-bank-match-r1 warning (0.104125ms)
  ✔ 两条网关同 reconid + 两条银行同 reconid → 1v1 单向消费：第二条网关命中第二条银行 (0.066791ms)
  ✔ 两条网关同 reconid 但只有一条银行行 → 第二条网关未命中（银行行被抢空） (0.060416ms)
✔ R1 — ② 一个 reconid 对应多条银行行（取第一条 + warn + 单向消费） (0.321959ms)
▶ R1 — ③ 空 reconid 跳过（网关侧 / 银行侧）
  ✔ 网关行空/空白 reconid → 跳过不参与匹配 (0.068917ms)
  ✔ 银行行空/空白 reconid → 不入索引，不会被命中 (0.081542ms)
✔ R1 — ③ 空 reconid 跳过（网关侧 / 银行侧） (0.228041ms)
▶ R1 — ④ gwRows 为空/非数组 → no-gateway-rows warning + 空结果
  ✔ gwRows = [] → warning + 空结果 (1.078709ms)
  ✔ gwRows = null / undefined → warning + 空结果（不崩） (0.085333ms)
  ✔ bankRows 为空但 gwRows 有值 → 无命中、无 warning（非 no-gateway-rows 场景） (0.077333ms)
✔ R1 — ④ gwRows 为空/非数组 → no-gateway-rows warning + 空结果 (1.304125ms)
▶ R1 — ⑤ 契约：不改字段 + modifications=[] + lockedRowIds.size===0
  ✔ modifications 恒为空数组、lockedRowIds 为空 Set，且输入 bankRows/gwRows 字段未被改动 (0.222583ms)
✔ R1 — ⑤ 契约：不改字段 + modifications=[] + lockedRowIds.size===0 (0.255208ms)
▶ R1 — ⑥ 大小写敏感（当前默认行为，记录之）
  ✔ 网关 reconid 'abc' vs 银行 'ABC' → 大小写不同 → 不命中 (0.053ms)
  ✔ 大小写完全一致才命中（同 case 命中） (0.033416ms)
✔ R1 — ⑥ 大小写敏感（当前默认行为，记录之） (0.114166ms)
▶ R4 v3.0.23 — 固定四类规则
  ✔ 规则表冻结且字段与业务枚举一致 (1.077292ms)
  ✔ ach-return：完整条件命中后写 Ach Return (1.093667ms)
  ✔ wire-return：完整条件命中后写 Wire Return (0.123792ms)
  ✔ hx-out：完整条件命中后写 HX-out (0.087333ms)
  ✔ hx-in：完整条件命中后写 HX-in (0.064625ms)
  ✔ 核心口径由 subCategory 固定，不读取漂移的 gwTradeType/setFundType/方向配置 (0.086209ms)
  ✔ 未启用对应 subCategory 或 TradeType 大小写不同均不处理 (0.079209ms)
✔ R4 v3.0.23 — 固定四类规则 (3.2685ms)
▶ R4 v3.0.23 — 文本主键与金额
  ✔ ReconID、MerchantId、Currency 首尾空格 trim 后精确匹配 (0.195042ms)
  ✔ 账号大小写不同：同 ReconID 但不完整，保持原值并告警 (0.195375ms)
  ✔ 币种大小写不同：同 ReconID 但不完整，保持原值并告警 (0.101958ms)
  ✔ 账号为空：同 ReconID 但不完整，保持原值并告警 (0.059833ms)
  ✔ 币种为空：同 ReconID 但不完整，保持原值并告警 (0.063458ms)
  ✔ 网关账号为空：同 ReconID 但不完整，保持原值并告警 (0.048875ms)
  ✔ 网关币种为空：同 ReconID 但不完整，保持原值并告警 (0.031667ms)
  ✔ 主金额取绝对值；正/负 Extra Fee 按原符号相加 (0.07225ms)
  ✔ 空 Extra Fee 按0；千分位、科学计数法和超分位规范值精确相等 (0.171458ms)
  ✔ 主金额为空：不匹配、不改写、有 mismatch (0.094125ms)
  ✔ 主金额非法：不匹配、不改写、有 mismatch (0.043ms)
  ✔ 主金额为0且手续费补足：不匹配、不改写、有 mismatch (0.0265ms)
  ✔ 手续费非法：不匹配、不改写、有 mismatch (0.045042ms)
  ✔ 网关金额为空：不匹配、不改写、有 mismatch (0.034708ms)
  ✔ 网关金额非法：不匹配、不改写、有 mismatch (0.030916ms)
  ✔ 高精度末位不同：不匹配、不改写、有 mismatch (0.0325ms)
✔ R4 v3.0.23 — 文本主键与金额 (1.474917ms)
▶ R4 v3.0.23 — 借贷方向
  ✔ 相反方向金额「空」按0放行 (0.073125ms)
  ✔ 相反方向金额「0」按0放行 (0.029959ms)
  ✔ 相反方向金额「0.00」按0放行 (0.024042ms)
  ✔ 相反方向金额「0e9」按0放行 (0.030958ms)
  ✔ 相反方向金额「1」阻断并输出方向告警 (0.056125ms)
  ✔ 相反方向金额「-0.01」阻断并输出方向告警 (0.027542ms)
  ✔ 相反方向金额「invalid」阻断并输出方向告警 (0.039542ms)
✔ R4 v3.0.23 — 借贷方向 (0.336166ms)
▶ R4 v3.0.23 — 严格1:1消费与顺序
  ✔ 同 ReconID 只有一条完整候选：只改该行，不扩散 (0.078333ms)
  ✔ v3.1.1 同 ReconID 的 AchReturn/WireReturn 只形成 Debit/Credit 两个具体 opposite-direction pair (0.4615ms)
  ✔ 多个完整银行候选：取银行原序第一条并告警 (0.138834ms)
  ✔ 两个网关争用同一银行行：网关原序优先，跨场景不可复用 (0.060917ms)
  ✔ 两个相同网关、两条完整银行行：按原序分别消费 (0.054666ms)
  ✔ 同值 no-op 仍消费：后续网关不能再次命中 (0.054708ms)
  ✔ 无同 ReconID 银行桶静默跳过 (0.0335ms)
  ✔ 前一条网关账号错误、后一条正确：正确候选仍能命中 (0.042667ms)
✔ R4 v3.0.23 — 严格1:1消费与顺序 (1.003125ms)
▶ R4 v3.0.23 — 防御与候选评估
  ✔ 空/非法入参返回空结果 (0.055875ms)
  ✔ 完整条件不满足时不产生 matchedPairs (0.035375ms)
  ✔ 缺少 _rowId 时按银行原序补稳定行ID (0.044375ms)
  ✔ evaluateR4Candidate 返回去重原因且不泄露账号值 (0.107041ms)
✔ R4 v3.0.23 — 防御与候选评估 (0.282334ms)
▶ R5场景2 — Extra Fee 金额口径
  ✔ 旧 bankAmountAbs 继续只算 |credit-debit|，不纳入 Extra Fee（DBS-Charge 兼容锁） (0.447625ms)
  ✔ credit/debit 任一空/非数值按 0 计 (0.056625ms)
  ✔ DBS 旧口径比较器只比两侧绝对值到分，显式忽略 Extra Fee (0.074083ms)
  ✔ bankAmountWithExtraFee = |credit-debit| + signed fee；空 fee=0，正负号原样参与 (0.092042ms)
  ✔ gwAmountAbs = |amount|；非数值 → NaN (0.039833ms)
  ✔ amountEqual 精确到分：相等 true、差 1 分 false (0.052375ms)
  ✔ amountEqual 先加总再按分精度比较，不分别归分 (0.046875ms)
  ✔ 合计后不再 abs：银行合计 -50 时，对手金额正负都不命中 (0.042875ms)
  ✔ 主金额与负手续费抵消为 0 时按合计值匹配 (0.045625ms)
  ✔ amountEqual 两侧任一非有限数 → false（不误判相等） (0.094292ms)
✔ R5场景2 — Extra Fee 金额口径 (1.616583ms)
▶ R5场景2 — Extra Fee 端到端匹配与非法值退出
  ✔ 正/负/空 fee 分别按 105/95/100 匹配 (1.854ms)
  ✔ 非空非法 fee 的银行行退出 R5、不占候选，并且一行只产生一次可见 warning (0.283916ms)
  ✔ 对手池为空也不吞非法 fee warning (0.058792ms)
  ✔ 非法 fee warning 按稳定 _rowId 优先去重；无 _rowId 才按对象身份 (0.077875ms)
✔ R5场景2 — Extra Fee 端到端匹配与非法值退出 (2.341792ms)
▶ R5场景2 — ① 同日命中回填 ReconciliationId
  ✔ out 方向同日 + 字段全等 + 金额绝对值相等 → 银行 ReconciliationId 写为网关 reconciliationid (0.094541ms)
  ✔ 字段不等（merchantid 不同）→ 不命中、不改写 (0.048792ms)
  ✔ 币种不等 → 不命中 (0.043167ms)
✔ R5场景2 — ① 同日命中回填 ReconciliationId (0.220375ms)
▶ R5场景2 — ② 同日无候选 → ±1day 命中
  ✔ 网关 06-07、银行 06-08（差 1 天）、同日无候选 → ±1day 命中回填 (0.103ms)
  ✔ 差 2 天 → 超出 ±1day，不命中 (0.113833ms)
  ✔ dateToleranceDays 可 config 化：差 2 天 + tolerance=2 → 命中 (0.059334ms)
✔ R5场景2 — ② 同日无候选 → ±1day 命中 (0.3095ms)
▶ R5场景2 — ③ 同日与 ±1day 都有候选时同日优先
  ✔ 一条 gw（06-07），两条候选银行：b_diff(06-08) + b_same(06-07) → 消费同日那条 (0.095416ms)
  ✔ 同日优先是硬约束（即使同日候选在数组更后位）+ 第二条 gw 才用 ±1day 那条 (0.082041ms)
  ✔ 全局 Phase1：前序 gw 的 +1 候选必须先留给后序 gw 的同日匹配 (0.084417ms)
✔ R5场景2 — ③ 同日与 ±1day 都有候选时同日优先 (0.296542ms)
▶ R5场景2 — ④ 严格 1v1 单向消费
  ✔ 两条 gw 抢同一条 bank（同字段同日）→ 仅第一条命中，第二条不命中 (0.044916ms)
✔ R5场景2 — ④ 严格 1v1 单向消费 (0.06525ms)
▶ R5场景2 — F1 空 reconciliationid 网关行不占用银行候选
  ✔ 空 reconid gw 不消费银行行 → 后续有效 reconid gw 仍能回填该行 (0.044125ms)
✔ R5场景2 — F1 空 reconciliationid 网关行不占用银行候选 (0.061708ms)
▶ R5场景2 — F2 Phase2 多候选按绝对天数差最小优先
  ✔ tolerance=2、bankPool 中差 2 天候选排在差 1 天前面 → 选中差 1 天那条 (0.104125ms)
✔ R5场景2 — F2 Phase2 多候选按绝对天数差最小优先 (0.120375ms)
▶ R5场景2 — ⑤ 金额精确到分匹配（端到端）
  ✔ 相差 1 分（0.01）→ 不命中 (0.062833ms)
  ✔ 金额相等（含分位）→ 命中 (0.044958ms)
  ✔ 网关金额带负号、银行走 debit → |amount| 与 |credit-debit| 相等命中 (0.03625ms)
✔ R5场景2 — ⑤ 金额精确到分匹配（端到端） (0.174209ms)
▶ R5场景2 — ⑥ 借贷方向：out 用 Debit 侧、in 用 Credit 侧
  ✔ FundTransfer-out：银行发生额在 Debit 侧 → 通过 |credit-debit| 命中 (0.058292ms)
  ✔ FundTransfer-in：银行发生额在 Credit 侧 → 通过 |credit-debit| 命中 (0.040791ms)
  ✔ 两方向独立跑：out 网关不会命中 in 银行行（FundType 过滤隔离池子） (0.046125ms)
  ✔ out + in 各一对，混在一起 → 各自命中各自方向 (0.054875ms)
✔ R5场景2 — ⑥ 借贷方向：out 用 Debit 侧、in 用 Credit 侧 (0.247625ms)
▶ R5场景2 — ⑦ ReconciliationId 原值非空被覆盖
  ✔ 银行 ReconciliationId 原值非空 → 不发 overwrite warning 但仍写入 (0.069375ms)
  ✔ 原值已等于网关 reconid → 不重复写、不发 overwrite warning（同值不标黄） (0.04675ms)
  ✔ 网关 reconciliationid 为空 → 不写（不会把银行原值清空） (0.028708ms)
✔ R5场景2 — ⑦ ReconciliationId 原值非空被覆盖 (0.172041ms)
▶ R5场景2 — usedBankRowIds 完整消费集（含同值未写行）
  ✔ 实写命中行 → usedBankRowIds 含该 _rowId（与 modification 一致） (0.055209ms)
  ✔ 🔴 同值未写命中行 → 不产 modification 但 usedBankRowIds 仍含该 _rowId（窄缺口闭合核心断言） (0.035792ms)
  ✔ 双方向各消费一行 → usedBankRowIds 聚合两方向（跨 direction union） (0.041708ms)
  ✔ 未命中 / 空入参 → usedBankRowIds 为空 Set（不为 undefined） (0.04425ms)
✔ R5场景2 — usedBankRowIds 完整消费集（含同值未写行） (0.218292ms)
▶ R5场景2 — ⑧ 多候选 tie-break 取 bankPool 原序最前
  ✔ 一条 gw 同日命中两条银行行 → 取原序最前 + multi-bank-match-backfill warning (0.060333ms)
  ✔ Phase2（±1day）多候选同样取原序最前 + warning（phase 标 ±1day） (0.055125ms)
✔ R5场景2 — ⑧ 多候选 tie-break 取 bankPool 原序最前 (0.139417ms)
▶ R5场景2 v3.1.1 — 严格真实方向与 eligibleCandidates
  ✔ FundType 路由相同但真实方向相反：不计入 multi、不消费；后置正确方向行被选中 (0.088917ms)
  ✔ 只有方向失败近似候选时零消费、零改写，且告警不泄露账号 (0.068209ms)
✔ R5场景2 v3.1.1 — 严格真实方向与 eligibleCandidates (0.178458ms)
▶ R5场景2 v3.1.1 — 日期策略启停与稳定排序
  ✔ 日期关闭完全跳过日期：来源/银行日期非法仍按其它严格条件命中 (0.057542ms)
  ✔ 日期开启但近似候选日期非法：不降级、零消费并产可审计日期告警 (0.684291ms)
  ✔ 同一来源已有同日合法候选时，日期非法 near-candidate 仍告警且不进入 multi/消费/改写 (0.145583ms)
  ✔ 25×25 日期失败密集组按银行行/方向/原因去重，Phase1/2 不放大为 625 条 (5.175791ms)
  ✔ 同一银行行的不同日期失败原因分别保留 (0.119833ms)
  ✔ ±7 边界包含、+8 排除 (0.055917ms)
  ✔ 绝对日期差相等时按银行原序；反转原序后选择随之反转，均保留多候选告警 (0.108ms)
✔ R5场景2 v3.1.1 — 日期策略启停与稳定排序 (6.433416ms)
▶ R5场景2 v3.1.1 — directions 配置整体失败关闭
  ✔ 重复、缺项、额外、错配、未知与显式缺失都只告警一次且不启动消费集 (0.102583ms)
  ✔ 两个 canonical 配对顺序反转仍完整执行 (0.057958ms)
✔ R5场景2 v3.1.1 — directions 配置整体失败关闭 (0.188333ms)
▶ R5场景2 — 边界兜底
  ✔ 空 gwRows / 空 bankRows / 非数组入参 不崩，返回空 modifications (0.04375ms)
  ✔ directions 缺少一个方向时整轮失败关闭：零改写、零消费、只告警一次 (0.043042ms)
✔ R5场景2 — 边界兜底 (0.106708ms)
▶ R5场景2(调拨对账单) — 金额发生额绝对值口径
  ✔ reconAmountAbs = |金额单列|；非数值 → NaN (0.449583ms)
  ✔ amountEqual 精确到分：相等 true、差 1 分 false (0.088417ms)
  ✔ amountEqual 纳入 signed Extra Fee：正/负/空值分别按 105/95/100 比较 (0.058125ms)
  ✔ 先加总再归分，且合计后不再 abs (0.058ms)
  ✔ 科学计数法手续费参与计算，主金额与负手续费抵消为 0 时按合计值匹配 (0.042792ms)
  ✔ amountEqual 两侧任一非有限数 → false（不误判相等） (0.038666ms)
✔ R5场景2(调拨对账单) — 金额发生额绝对值口径 (1.291166ms)
▶ R5场景2(调拨对账单) — Extra Fee 端到端匹配与非法值退出
  ✔ 正/负/空 fee 分别按 105/95/100 匹配调拨金额 (1.9845ms)
  ✔ 非空非法 fee 的银行行退出 R5、不占候选，并且一行只产生一次可见 warning (0.290875ms)
  ✔ 对手池为空也不吞非法 fee warning (0.074042ms)
  ✔ 非法 fee warning 在调拨来源同样按稳定 _rowId 去重 (0.085084ms)
✔ R5场景2(调拨对账单) — Extra Fee 端到端匹配与非法值退出 (2.537708ms)
▶ R5场景2(调拨对账单) — ① 同日命中回填 ReconciliationId
  ✔ out 方向同日 + 字段全等 + 金额绝对值相等 → 银行 ReconciliationId 写为调拨 ReconID (0.091708ms)
  ✔ in 方向同日命中（Credit 侧发生额）→ 回填 (0.0695ms)
✔ R5场景2(调拨对账单) — ① 同日命中回填 ReconciliationId (0.19475ms)
▶ R5场景2(调拨对账单) — ② 同日无候选 → ±1day 兜底
  ✔ 调拨 06-07、银行 06-08（差 1 天）、同日无候选 → ±1day 命中回填 (0.104292ms)
  ✔ 差 2 天 → 超出 ±1day（默认），不命中 (0.1085ms)
  ✔ dateToleranceDays 可 config 化：差 2 天 + tolerance=2 → 命中 (0.069833ms)
  ✔ 同日优先：一条 recon 同时有同日 + 差 1 天候选 → 消费同日那条（Phase 分离） (0.080333ms)
  ✔ 全局 Phase1：前序 recon 的 +1 候选必须先留给后序 recon 的同日匹配 (0.0925ms)
✔ R5场景2(调拨对账单) — ② 同日无候选 → ±1day 兜底 (0.517208ms)
▶ R5场景2(调拨对账单) — ③ 金额精确到分（端到端）
  ✔ 相差 1 分（0.01）→ 不命中 (0.062917ms)
  ✔ 金额相等（含分位）→ 命中 (0.05525ms)
  ✔ 调拨金额带负号、银行走 debit → |金额| 与 |credit-debit| 相等命中 (0.038334ms)
✔ R5场景2(调拨对账单) — ③ 金额精确到分（端到端） (0.187875ms)
▶ R5场景2(调拨对账单) — ④ 币种不等不命中
  ✔ 调拨 USD vs 银行 HKD → 不命中、不改写 (0.041333ms)
✔ R5场景2(调拨对账单) — ④ 币种不等不命中 (0.058167ms)
▶ R5场景2(调拨对账单) — ⑤ big_account ≠ MerchantId 不命中（大账号方向已固化，引擎零分支）
  ✔ 调拨 big_account=M001 vs 银行 MerchantId=M999 → 不命中 (0.043541ms)
  ✔ big_account=MerchantId 才命中（正向对照） (0.034791ms)
✔ R5场景2(调拨对账单) — ⑤ big_account ≠ MerchantId 不命中（大账号方向已固化，引擎零分支） (0.100959ms)
▶ R5场景2(调拨对账单) — ⑥ in/out 方向独立池隔离
  ✔ out 调拨不会命中 in 银行行（fund_type / FundType 过滤隔离） (0.048042ms)
  ✔ out + in 各一对混在一起 → 各自命中各自方向 (0.063875ms)
✔ R5场景2(调拨对账单) — ⑥ in/out 方向独立池隔离 (0.133917ms)
▶ R5场景2(调拨对账单) — ⑦ 严格 1v1：两条 recon 争一条 bank
  ✔ 两条同字段同日 recon 抢同一条 bank → 仅第一条回填 + multi-bank-match 不发（候选只 1 行） (0.054042ms)
  ✔ 一条 recon 同日命中两条 bank → 取原序最前 + multi-bank-match-backfill warning (0.07325ms)
✔ R5场景2(调拨对账单) — ⑦ 严格 1v1：两条 recon 争一条 bank (0.15ms)
▶ R5场景2(调拨对账单) — ⑧ 空 ReconID 调拨行不进池
  ✔ 空 ReconID recon 不消费银行行 → 后续有效 ReconID recon 仍能回填该行 (0.047833ms)
✔ R5场景2(调拨对账单) — ⑧ 空 ReconID 调拨行不进池 (0.07225ms)
▶ R5场景2(调拨对账单) — ⑨ usedBankRowIds 含「消费但未写」行
  ✔ 实写命中行 → usedBankRowIds 含该 _rowId（与 modification 一致） (0.047584ms)
  ✔ 🔴 同值未写命中行 → 不产 modification 但 usedBankRowIds 仍含该 _rowId（红线核心断言） (0.040959ms)
  ✔ 双方向各消费一行 → usedBankRowIds 聚合两方向（跨 direction union） (0.050792ms)
✔ R5场景2(调拨对账单) — ⑨ usedBankRowIds 含「消费但未写」行 (0.177416ms)
▶ R5场景2(调拨对账单) — 原值非空被覆盖 / 调拨空不清空
  ✔ 银行 ReconciliationId 原值非空 → 仍被覆盖写入（命中即覆盖，无 overwrite warning） (0.054375ms)
  ✔ 调拨 ReconID 为空 → 不写（不会把银行原值清空） (0.050625ms)
✔ R5场景2(调拨对账单) — 原值非空被覆盖 / 调拨空不清空 (0.1255ms)
▶ R5场景2(调拨对账单) — ⑫ 空 big_account 调拨行不进池（负向护栏）
  ✔ 调拨 big_account 为空 → 不命中 MerchantId 也为空的银行行（valuesEqual("","")===true 的误命中被护栏拦截） (0.038875ms)
  ✔ 空 big_account 行不占池：同方向后续有效 big_account 行仍能回填同一银行行 (0.035459ms)
✔ R5场景2(调拨对账单) — ⑫ 空 big_account 调拨行不进池（负向护栏） (0.092584ms)
▶ R5场景2(调拨对账单) — ⑬ Phase2 多候选按绝对天数差升序（差小优先）
  ✔ tolerance=2：差 1 天候选优先于差 2 天候选（即便差 2 天在原序最前） (0.101625ms)
✔ R5场景2(调拨对账单) — ⑬ Phase2 多候选按绝对天数差升序（差小优先） (0.114875ms)
▶ R5场景2(调拨对账单) — ⑭ 金额字符串入参（含千分位）命中
  ✔ 调拨金额 '1,000'（字符串带千分位）↔ 银行 1000 → 命中 (0.05175ms)
  ✔ 银行发生额字符串 '1,000.00' ↔ 调拨数值 1000 → 命中（双侧字符串均解析） (0.089ms)
✔ R5场景2(调拨对账单) — ⑭ 金额字符串入参（含千分位）命中 (0.159834ms)
▶ R5场景2(调拨对账单) v3.1.1 — 严格方向与日期策略
  ✔ FundType 路由相同但真实方向相反：不计 multi、不消费；正确方向行才可回填 (0.107917ms)
  ✔ 日期关闭完全跳过非法日期；日期开启时同一数据失败关闭并告警 (0.549917ms)
  ✔ 同一来源已有同日合法候选时，日期非法 near-candidate 仍告警且不进入 multi/消费/改写 (0.102ms)
  ✔ 25×25 日期失败密集组按银行行/方向/原因去重，Phase1/2 不放大为 625 条 (5.298167ms)
  ✔ 同一银行行的不同日期失败原因分别保留 (0.148ms)
  ✔ ±7 边界包含，+8 排除；等绝对差继续按银行原序 (0.106292ms)
✔ R5场景2(调拨对账单) v3.1.1 — 严格方向与日期策略 (6.377959ms)
▶ R5场景2(调拨对账单) v3.1.1 — directions 整体校验
  ✔ 缺项、重复、额外、错配、未知及显式缺失均整轮零消费，只产生一次配置告警 (0.108792ms)
  ✔ canonical 两对顺序反转仍可执行 (0.055833ms)
✔ R5场景2(调拨对账单) v3.1.1 — directions 整体校验 (0.195ms)
▶ R5场景2(调拨对账单) — 空入参 no-op
  ✔ 空 reconRows / 空 bankRows / 非数组入参 不崩，返回空 modifications + 空 Set (0.050458ms)
✔ R5场景2(调拨对账单) — 空入参 no-op (0.064333ms)
▶ R5场景2(调拨对账单) v3.1.7 — 与 Payment 共享消费状态
  ✔ 是否被使用=1 的派生行必须跳过 (0.041084ms)
  ✔ excludeBankRowIds 中的 Payment 银行行必须跳过 (0.034583ms)
  ✔ R5 命中后标记派生行；同值命中也标记并消费银行行 (0.052334ms)
✔ R5场景2(调拨对账单) v3.1.7 — 与 Payment 共享消费状态 (0.153375ms)
▶ Payment v3.1.7 基础口径
  ✔ 金额精确到分，日期规则分别覆盖 R1/R2/R3 (1.198334ms)
  ✔ 主轮命中后写 ReconID，并保留回填前银行快照 (1.195541ms)
  ✔ 付款账号必须等于 Drawee CardNo，旧版可串配组合被拒绝 (0.265667ms)
  ✔ 同值命中不产生改写，但仍消费派生行和银行行 (0.197458ms)
  ✔ 一条派生行最多消费一条银行行 (0.182459ms)
✔ Payment v3.1.7 基础口径 (3.63125ms)
▶ Payment v3.1.7 候选池与稳定选择
  ✔ 只消费线下 FundTransfer-in、配置收款渠道和配置大账号 (0.137292ms)
  ✔ 银行池同时限制 MerchantId、FundType 和地区 (0.08125ms)
  ✔ 多大账号仍按 MerchantId 与派生 big_account 隔离 (0.145042ms)
  ✔ 多候选按日期差、派生原序稳定选择并告警 (0.171125ms)
  ✔ 无效大账号配置安全 no-op 并输出告警 (0.092792ms)
  ✔ 派生表为空或配置不完整时不静默成功 (0.067667ms)
✔ Payment v3.1.7 候选池与稳定选择 (0.825959ms)
▶ Payment v3.1.7 动态周区间
  ✔ 首周取前一完整 ISO 周；后续周左含右不含 (0.163ms)
  ✔ 同一订单周多个 FTA 日期取最早日期作为周边界 (0.06775ms)
  ✔ 跨年 ISO 周连续时不误报断周 (0.050042ms)
  ✔ 订单周断档在任何 Payment/R5 写值前阻断 (0.248416ms)
  ✔ R2 使用同一动态周区间，R3 不限周按 ±7 天兜底 (0.111375ms)
✔ Payment v3.1.7 动态周区间 (0.741542ms)
▶ Payment v3.1.7 失败与运行状态
  ✔ 非法 FTA 日期阻断且不写值 (0.073333ms)
  ✔ 派生字段缺失阻断，禁止以旧订单结构降级运行 (0.051458ms)
  ✔ ReconID 或付款账号为空时可见告警且不占用银行行 (0.0615ms)
  ✔ 每次运行可统一重置是否被使用，且不改其它派生字段 (0.060458ms)
✔ Payment v3.1.7 失败与运行状态 (0.291625ms)
▶ R5场景3 — 漂移守卫：剔除模板字段是银行字段子集
  ✔ CLEANUP_TEMPLATE_HEADERS 共 15 列、CLEANUP_COPY_HEADERS（C~O）共 13 列 (0.998458ms)
  ✔ CLEANUP_COPY_HEADERS 每一项都存在于 BANK_STATEMENT_FIELDS（C~O ⊆ 银行字段，防漂移） (0.072458ms)
✔ R5场景3 — 漂移守卫：剔除模板字段是银行字段子集 (1.628666ms)
▶ R5场景3 — buildCleanupRow 构造剔除行
  ✔ 加款单号=gw.orderid；附言=`<FundType>，中台加款单已关闭。`（中文标点）；C~O 拷贝银行行 (0.17975ms)
  ✔ 附言里的标点是中文逗号「，」与中文句号「。」（精确字符断言） (0.076709ms)
✔ R5场景3 — buildCleanupRow 构造剔除行 (0.315125ms)
▶ R5场景3 — ① 命中产剔除行
  ✔ TradeType=Inbound-VA + reconid 相同 + bank.FundType≠Inbound → 产 1 条剔除行 (0.221083ms)
  ✔ 附言用当前（R4 后）银行 FundType —— 模拟 R4 已把 FundType 从 Charge 改成 outbound (0.064208ms)
✔ R5场景3 — ① 命中产剔除行 (0.34225ms)
▶ R5场景3 — ② bank.FundType 含 excludeFundType 子串不产剔除行（D-2/D-2a）
  ✔ 命中但银行 FundType=Inbound（含 Inbound 子串）→ 不生成剔除行 (0.074542ms)
  ✔ excludeFundType 可 config 化（子串语义）：含 outbound 子串不产、不含则产 (0.083625ms)
✔ R5场景3 — ② bank.FundType 含 excludeFundType 子串不产剔除行（D-2/D-2a） (0.226ms)
▶ R5场景3 — ③ 严格 1v1 单向消费
  ✔ 两条 gw 抢同一条 bank（同 reconid） → 仅第一条命中，第二条不再命中 (0.078667ms)
✔ R5场景3 — ③ 严格 1v1 单向消费 (0.108083ms)
▶ R5场景3 — ④ 空 reconid 跳过
  ✔ gw.reconciliationid 为空 → 跳过，不命中任何银行行 (0.08025ms)
  ✔ 银行行 ReconciliationId 为空 → 不入索引，gw 无候选 (0.039125ms)
✔ R5场景3 — ④ 空 reconid 跳过 (0.151667ms)
▶ R5场景3 — ⑤ TradeType 非 Inbound-VA 不参与
  ✔ TradeType=FundTransfer-out → 不进 gwPool，不产剔除行 (0.041708ms)
  ✔ gwTradeType 可 config 化：自定义 gwTradeType=Inbound-X 时只有该类型参与 (0.058459ms)
✔ R5场景3 — ⑤ TradeType 非 Inbound-VA 不参与 (0.141958ms)
▶ R5场景3 — ⑦ 多候选按 Credit Amount 方向消歧
  ✔ 2 行同 reconid（1 Credit 行 + 1 真实借方行）→ 借方行被门槛预过滤 → 取 Credit 行（C~O 全来自 Credit 行） (0.075167ms)
  ✔ ≥2 行 Credit 有值 → 跳过该 reconid + multi-credit-match 警告（不阻断导出、cleanupRows 不含该 reconid） (0.182666ms)
  ✔ 0 行 Credit 有值（Credit 全空/全 0、Debit 均 0/空过门槛）→ 跳过该 reconid + no-credit-match 警告（不阻断） (0.091833ms)
  ✔ 单候选（cand.length===1）维持现状取它 —— Credit=0 且 Debit=0（过门槛）也产剔除行（O-4） (0.04975ms)
  ✔ O-1 边界：0 / "" / "0.00" 视为无值；"1,234.5"（含千分位）视为有值 (0.114916ms)
✔ R5场景3 — ⑦ 多候选按 Credit Amount 方向消歧 (0.604958ms)
▶ R5场景3 — ⑧ FundType 子串判定（D-2 ~ D-2c）
  ✔ FundType=Inbound-VA（含 Inbound 子串，非等值）→ 不产剔除行 (0.064708ms)
  ✔ 大小写不敏感：inbound / INBOUND 含子串不产；outbound 不含子串产（D-2a） (0.054709ms)
✔ R5场景3 — ⑧ FundType 子串判定（D-2 ~ D-2c） (0.148375ms)
▶ R5场景3 — ⑨ 两级 fallback 匹配键（D-1 ~ D-3，🔴 资金红线）
  ✔ 一级 ReconId 不上、二级 ChannelOrderNo 上 → 产 1 条（加款单号=gw.orderid） (0.076209ms)
  ✔ 一级、二级都查无此行 → 0 条且无警告（静默跳过） (0.034084ms)
  ✔ 二级 ChannelOrderNo 桶多候选：1 Credit 1 无值(均过门槛)→取 Credit 产；2 Credit→multi-credit 警告(带标记)不产 (0.081542ms)
  ✔ 1v1 跨两级共享：一条 bank（ReconId=key 且 ChannelOrderNo=key）→ 仅被一条 gw 消费 → 1 条 (0.0335ms)
  ✔ 🔴 一级 multi-credit 消歧失败 + 存在干净 ChannelOrderNo 行 → 仍 0 条 + multi-credit 警告（不退二级，锁 D-3） (0.048458ms)
✔ R5场景3 — ⑨ 两级 fallback 匹配键（D-1 ~ D-3，🔴 资金红线） (0.3365ms)
▶ R5场景3 — ⑩ 入桶 Debit 门槛（口径B，🔴资金红线 需求0）
  ✔ Debit="" → 入桶可命中（产 1 条剔除行） (0.076541ms)
  ✔ Debit=null → 入桶可命中（产 1 条剔除行） (0.0205ms)
  ✔ Debit="0" → 入桶可命中（产 1 条剔除行） (0.019417ms)
  ✔ Debit="0.00" → 入桶可命中（产 1 条剔除行） (0.018625ms)
  ✔ Debit="-0" → 入桶可命中（产 1 条剔除行） (0.018709ms)
  ✔ Debit="100"（真实非零借方）→ 不入桶（0 条、无警告） (0.031625ms)
  ✔ Debit="1,000"（真实非零借方）→ 不入桶（0 条、无警告） (0.023417ms)
  ✔ Debit=100（真实非零借方）→ 不入桶（0 条、无警告） (0.019125ms)
  ✔ Debit="-100"（真实非零借方）→ 不入桶（0 条、无警告） (0.016334ms)
  ✔ Debit=0.5（真实非零借方）→ 不入桶（0 条、无警告） (0.0285ms)
  ✔ 二级桶一致：ChannelOrderNo=key 但真实借方（Debit≠0）→ 二级桶也不收 → fallback 查无此行 → 0 条 (0.039792ms)
  ✔ 🔴 真实借方行被门槛预过滤 → 不会被任何 gw 消费产剔除行（防错误财务清单） (0.035667ms)
✔ R5场景3 — ⑩ 入桶 Debit 门槛（口径B，🔴资金红线 需求0） (0.862791ms)
▶ R5场景3 — ⑪ 门槛 × 两级 fallback × 1v1 跨级（🔴资金红线 需求0）
  ✔ 一级行被门槛清空 → 二级 ChannelOrderNo fallback 命中；二级同样应用门槛 (0.047667ms)
  ✔ 1v1 跨级：过门槛双键行仅被一条 gw 消费；同 key 真实借方双键行被门槛排除 → 共 1 条 (0.029833ms)
✔ R5场景3 — ⑪ 门槛 × 两级 fallback × 1v1 跨级（🔴资金红线 需求0） (0.113542ms)
▶ R5场景3 — 边界兜底
  ✔ 空 gwRows / 空 bankRows / 非数组入参 不崩，返回空剔除行 (0.042ms)
  ✔ 多条 gw 多 reconid 混合：仅 Inbound-VA + 非 Inbound + reconid 命中 才产 (0.044417ms)
✔ R5场景3 — 边界兜底 (0.110041ms)
▶ Fix#1 depIndex 交叉键行序一致
  ✔ 交叉键冲突：索引版与线性版都取行序首条 deps[0]（修复前键优先误取 deps[1]） (0.482375ms)
  ✔ 反向交叉：deps[0].ReconId==deps[1].ChannelOrderNo==payNo → 仍取 deps[0] (0.063625ms)
  ✔ 单键命中 / 未命中：两版一致 (0.067666ms)
✔ Fix#1 depIndex 交叉键行序一致 (1.119667ms)
▶ Fix#2 R2 子串边界 + 黑名单归一
  ✔ 短 ref 作为更长无关串子串 → 不命中（ABC123 ≠ XABC1234Y） (0.227875ms)
  ✔ ref 有 token 边界 → 正常命中 (0.113292ms)
  ✔ 占位符变体 NOT PROVIDED / NON-REF（含大小写）→ 归一后黑名单拦截 (0.08275ms)
  ✔ depRef 含正则元字符（A.C123）→ escapeRegExp 字面匹配，不通配 AXC123 (0.091833ms)
✔ Fix#2 R2 子串边界 + 黑名单归一 (0.610292ms)
▶ Fix#3 R6 金额千分位逗号
  ✔ FOR USD5,043.00 → 按 5043.00 比对，不误配 Credit Amount=5.00 (0.779292ms)
  ✔ 无逗号金额 FOR AMT100.00 仍正常 (0.0715ms)
✔ Fix#3 R6 金额千分位逗号 (0.954042ms)
▶ Fix#4 R6 DTD 按 DMY 明确解析
  ✔ parseDtdDateToken：MDY（美式 mm/dd/yyyy）解析 + 非法返回 null (0.092458ms)
  ✔ matchMemoDateAmount 用 MDY：05/06/2026 命中 2026-05-06、不误配 2026-06-05 (0.112083ms)
  ✔ 非法 DTD（无效日期）→ 整层不命中、不抛 (0.08475ms)
✔ Fix#4 R6 DTD 按 DMY 明确解析 (0.328917ms)
▶ Fix#5 R4 三态：不可解析日期 → 提示非报错
  ✔ classifyS4Window 三态 (1.325167ms)
  ✔ 引擎入口：唯一值已关联 + 日期不可解析 → RESULT_NOTICE（非 RESULT_ERROR） (0.70525ms)
  ✔ 引擎入口：真·超容差日期 → 仍 RESULT_ERROR（不被 Fix#5 误降级） (0.120833ms)
✔ Fix#5 R4 三态：不可解析日期 → 提示非报错 (2.200583ms)
▶ Fix#6 depIndex 空批早退
  ✔ 全空入参 → 返回空、不抛 (0.09625ms)
  ✔ 无 SUBMITTED refund（早退）+ 大入金表 → 返回空、不抛（早退在 buildDepIndex 前） (0.102292ms)
✔ Fix#6 depIndex 空批早退 (0.238666ms)
▶ ① 命中入金表行携带 BizId
  ✔ matchJpmUs 命中 → hit._depositBizId = 入金表行 BizId（归一） (0.710583ms)
  ✔ matchJpmUs 命中但入金表行 BizId 缺失 → _depositBizId = ""（空键） (0.101125ms)
  ✔ JPM-US 回填成功 → 对应 backfillRow 含 _bridgeDepositBizId (0.595375ms)
  ✔ 非桥接回填行（S1 命中）→ backfillRow 不含 _bridgeDepositBizId 键 (0.114416ms)
✔ ① 命中入金表行携带 BizId (2.097875ms)
▶ ② hitDepositBizIds 收集
  ✔ 单条 JPM-US 桥接回填 → hitDepositBizIds = [BizId] (0.7675ms)
  ✔ 两条 JPM-US 桥接命中同一 BizId → 去重为 1 个 (0.151792ms)
  ✔ 无 JPM-US 命中（纯 S1 回填）→ hitDepositBizIds = [] (0.072625ms)
  ✔ S4 模糊（日期容差）命中不污染集合 → hitDepositBizIds = [] (0.89125ms)
  ✔ 混合：JPM-US 桥接 + S1 普通命中并存 → 集合仅含桥接 BizId (0.13325ms)
  ✔ JPM-US 命中但入金表 BizId 为空 → 不入集合（空键不收集） (0.095583ms)
  ✔ 空入参早退路径 → hitDepositBizIds = [] (0.073208ms)
✔ ② hitDepositBizIds 收集 (2.324333ms)
▶ ③ buildStaleHitReminder 文案
  ✔ 含 bizId + lastHitAt，与 spec §3.6-5 对齐 (0.045709ms)
✔ ③ buildStaleHitReminder 文案 (0.087541ms)
▶ ④ pickStaleHits 判定
  ✔ last_hit_run 非空且 ≠ runId → 入选（含 lastHitAt） (0.122375ms)
  ✔ last_hit_run == runId → 不入（同批不误报） (0.039459ms)
  ✔ 空 last_hit_run（""/null/undefined）→ 不入（首次命中） (0.037708ms)
  ✔ markerMap 未命中该 bizId → 不入（首次命中） (0.024292ms)
  ✔ 空 markerMap / 非 Map → 空数组 (0.027208ms)
  ✔ hitBizIds 非数组 / 空 → 空数组 (0.02475ms)
  ✔ runId 跨类型按字符串比较（number runId vs 字符串 last_hit_run） (0.041166ms)
  ✔ 混合集合：仅跨期项入选（同批 + 首次 + 缺标记均排除） (0.033167ms)
✔ ④ pickStaleHits 判定 (0.418792ms)
▶ ⑤ normalizeBizIdKey
  ✔ trim 空白 / 非空字符串 (0.031041ms)
  ✔ null/undefined/空 → "" (0.024584ms)
  ✔ number BizId → String 化 (0.019375ms)
✔ ⑤ normalizeBizIdKey (0.104ms)
▶ 银行打款流水号模糊匹配
  ✔ 缺省和显式关闭保持旧普通未命中结果一致 (1.303834ms)
  ✔ ChannelOrderNo 命中且差额 9.99 时救回，详情和标黄字段完整 (0.68575ms)
  ✔ CustomerRef 可命中；大小写敏感且账号、币种隔离 (0.218417ms)
  ✔ 金额差额等于 10 不命中 (0.089583ms)
  ✔ S4 旧命中优先，不改写为新规则详情 (1.190375ms)
  ✔ 一对多和多对一均转人工，不按顺序抢占 (0.337125ms)
  ✔ 既有 S1 多候选人工结论不被新规则推翻 (0.142375ms)
  ✔ 相关银行或退款金额非法时转人工，不降级为零 (0.168375ms)
  ✔ 金额非法的未决关联会阻止另一银行行抢占同一退款单 (0.127959ms)
✔ 银行打款流水号模糊匹配 (4.930667ms)
▶ ① 数据筛选
  ✔ refund 非 SUBMITTED 被剔除（不进池 → 无对账） (0.579458ms)
  ✔ bank 非 Ach Return 被剔除 (0.055292ms)
  ✔ isFundTypeChanged 命中的行被剔除（FundType 被 R4 改写） (0.056417ms)
  ✔ 未被改写的 Ach Return 行正常参与 (0.402041ms)
✔ ① 数据筛选 (1.674042ms)
▶ ② 基数1（1:1）
  ✔ S1 命中 ChannelOrderNo → 回填 (0.0945ms)
  ✔ S1 命中 CustomerRef → 回填（被查第二字段） (0.074ms)
  ✔ S2 命中（MTX 附言包含）→ 回填，S1 不命中时进 S2 (0.22275ms)
  ✔ S3 命中（付款人名称↔Drawee Name 按位）→ 回填 (0.193542ms)
  ✔ S4 命中（R4 单向窗内：0≤BillDate−valueDate≤21）→ 回填（无任何 S1~S3 关联兜底） (0.753625ms)
  ✔ S4 差 >21 天 → 报错人工介入（R4 容差 21） (0.211458ms)
✔ ② 基数1（1:1） (1.670041ms)
▶ ② 基数2（1:N）
  ✔ S1 银行打款流水号只一笔命中 → 回填（v3.0.10：同组未消费 refund 不再产 notice） (0.091333ms)
  ✔ S1 多笔 refund 同时命中同一 bank → 报错人工介入（关联到多笔） (0.072917ms)
  ✔ S3 多笔 refund 命中 → 报错（✅Q9：多笔报错、一笔回填） (0.073625ms)
✔ ② 基数2（1:N） (0.285292ms)
▶ ② 基数3（N:1）
  ✔ S1 仅一条银行行关联到 → 回填，另一条银行行提示 (0.111167ms)
  ✔ S4 N:1 按 BillDate 早→晚取最近回填，多出银行行提示 (0.120709ms)
✔ ② 基数3（N:1） (0.275083ms)
▶ ② 基数4（N:N）
  ✔ S1 各自唯一命中 → 两条回填（banks 1v1） (0.642792ms)
  ✔ S1 一条 bank 命中多笔 refund → 报错（关联到多笔） (0.067167ms)
  ✔ S4 N:N 条数相等按 BillDate 早→晚 1v1（✅Q10；R4 单向：bank 均晚于各自 valueDate） (0.089875ms)
✔ ② 基数4（N:N） (0.833917ms)
▶ ③ JPM-HK
  ✔ 清洗 // → 提 T54SWIC → 单字段等值「银行打款流水号」→ 回填 (0.133417ms)
  ✔ JPM-HK 脏形态 // 切断流水号清洗后拼回命中（T54SWI//C494447） (0.056583ms)
  ✔ JPM-HK 未命中 → 回落常规 MTX（同 bank 行 Extra 含 MTX） (0.097834ms)
✔ ③ JPM-HK (0.319042ms)
▶ ④ JPM-US
  ✔ 二跳 OR（入金表 ReconciliationId==payNo）→ CustomerRef 比对 → 回填 + 入金表两句式详情 (0.151166ms)
  ✔ 二跳 OR（入金表 ChannelOrderNo==payNo）→ 回填（OR 第二支） (0.041667ms)
  ✔ JPM-US CustomerRef 不等 → 不命中（回落 MTX，本例 MTX 也无 → 落 sheet2） (0.05675ms)
  ✔ JPM-US 入金表无命中（payNo 找不到）→ 不命中 (0.05975ms)
✔ ④ JPM-US (0.360625ms)
▶ R1：JPM-HK 三前缀 T54SWIC/T54LCIC/T54CCBT 各回放命中 + 旧值回归 + 收口
  ✔ T54SWIC（旧前缀，回归）→ 命中 (0.074958ms)
  ✔ T54LCIC（新前缀 LC）→ 命中（原 T54SWIC 锁死时会漏） (0.0505ms)
  ✔ T54CCBT（新前缀 CC）→ 命中 (0.042625ms)
  ✔ 提取到 T54LCIC 但 ro 无等值 → 不命中（等值收口；本例无 S4 日期容差兜底） (0.12775ms)
✔ R1：JPM-HK 三前缀 T54SWIC/T54LCIC/T54CCBT 各回放命中 + 旧值回归 + 收口 (0.334666ms)
▶ R3：HK 分支 CustomerRef 二跳回落
  ✔ HK FPS 形态：T54 未提到 → CustomerRef 二跳（dep.ReconId==ro 打款流水号 ∧ dep.CustomerRef==bank.CustomerRef）→ 回填 (0.080583ms)
  ✔ HK 二跳 ChannelOrderNo 第二键（OR 第二支）→ 回填 (0.05725ms)
  ✔ HK 链顺序：T54 命中优先于二跳（同 bank 既有 T54 又能二跳命中不同 ro → 走 T54） (0.039292ms)
  ✔ matchCustomerRefTwoHop 子函数：直接调用命中 + _depositBizId 携带 (0.0495ms)
✔ R3：HK 分支 CustomerRef 二跳回落 (0.264208ms)
▶ R2：S2b 附言包含入金 CustomerRef
  ✔ US 11 例同构：bank Payment Detail 含入金 CustomerRef（非等值）→ S2b 命中回填 (0.125708ms)
  ✔ HK 1 例同构：Extra Information 含入金 CustomerRef → S2b 命中 (0.065416ms)
  ✔ 黑名单守卫：入金 CustomerRef=NOTPROVIDED → S2b 不触发（即使附言含该串） (0.105375ms)
  ✔ 短 ref 守卫：入金 CustomerRef 长度 <6 → S2b 不触发 (0.062375ms)
  ✔ 限 Channel=JPM：非 JPM 渠道附言含入金 ref → S2b 不触发 (0.0265ms)
  ✔ 🔴 分层保护：bankA 等值命中 X、bankB 附言含同 ref → bankA 回填、bankB 不在 S2b 复抢 X (0.061334ms)
✔ R2：S2b 附言包含入金 CustomerRef (0.507291ms)
▶ R4：S4 单向容差边界 diff=0/21/22/−1
  ✔ diff=0（同日）→ 命中回填 (0.065708ms)
  ✔ diff=21（上界）→ 命中回填 (0.046417ms)
  ✔ diff=22（越界）→ 报错（>21） (0.051042ms)
  ✔ diff=−1（bank 早于 valueDate，方向收紧）→ 报错（时序矛盾，旧 ±abs 会误命中） (0.047834ms)
  ✔ matchS4 子函数：窗内升序、窗外/负 diff 不入 (0.046625ms)
✔ R4：S4 单向容差边界 diff=0/21/22/−1 (0.296ms)
▶ R5：S3b Drawee Name + DESC DATE 二跳
  ✔ DESC DATE token=260513 ↔ 入金 ValueDate=2026-05-13 同日 → S3b 命中回填（精准） (0.115083ms)
  ✔ Drawee Name 为空 → S3b 不启用（不命中） (0.051667ms)
  ✔ 入金 ValueDate 与 DESC DATE 不同日 → S3b 不命中 (0.070458ms)
  ✔ no-op 防御：datePattern=null（模拟未配置）→ matchDraweeNameDate 整层跳过（直接子函数验证） (0.034083ms)
✔ R5：S3b Drawee Name + DESC DATE 二跳 (0.313708ms)
▶ R6：S3c DTD+FOR+币种 二跳（模糊）
  ✔ DTD+FOR+币种 三 token 与入金行日期/金额(分)/币种全等 → S3c 命中回填（模糊） (0.10475ms)
  ✔ 入金金额不等（分比对）→ S3c 不命中 (0.0585ms)
  ✔ 入金币种不等 → S3c 不命中 (0.038375ms)
  ✔ 入金 ValueDate 与 DTD 不同日 → S3c 不命中 (0.039708ms)
  ✔ R6 多笔报错：一条 bank 经 S3c 命中 2 条 refund（同入金行二跳）→ 报错、不回填 (0.06975ms)
  ✔ R6 锁定退出 S4：S3c 反向多笔卷入的 refund 锁定 → 不被 S4 复用 (0.071709ms)
✔ R6：S3c DTD+FOR+币种 二跳（模糊） (0.425875ms)
▶ F-PERF：depIndex 双 Map 索引 vs 线性扫一致
  ✔ buildDepIndex：双键索引、空键不入、同键多值保留插入序 (0.045084ms)
  ✔ lookupDepositByKeys：索引版 == 线性版（ReconId 命中 / ChannelOrderNo 命中 / 未命中） (0.037625ms)
  ✔ matchCustomerRefTwoHop：索引版 hits == 线性版 hits（byte 级） (0.060375ms)
  ✔ 全链路：索引（引擎默认）命中结果与显式线性二跳一致（JPM-US 回填） (0.042917ms)
✔ F-PERF：depIndex 双 Map 索引 vs 线性扫一致 (0.214833ms)
▶ ⑤ 1v1 双向消费
  ✔ 一条 refund 只回填一次（各 bank 唯一互配 → 两条独立 refund 各回填一次） (0.056083ms)
  ✔ 一条 bank 只被回填一次（命中即停，后续策略不再处理已消费 bank） (0.0275ms)
✔ ⑤ 1v1 双向消费 (0.103291ms)
▶ ⑥ 命中详情两句式文案
  ✔ bank↔refund 句式精确（O2：无「匹配成功:」前缀） (0.033333ms)
  ✔ bank↔入金表（JPM-US）句式精确（O2：无「匹配成功:」前缀） (0.032583ms)
✔ ⑥ 命中详情两句式文案 (0.090167ms)
▶ O1 命中类型：精准层（S1/S2/S3）= 精准命中、S4 = 模糊命中
  ✔ S1 命中 → 命中类型 = 精准命中 (0.040541ms)
  ✔ S2（MTX 附言包含）命中 → 命中类型 = 精准命中 (0.03625ms)
  ✔ S3（按位）命中 → 命中类型 = 精准命中 (0.029375ms)
  ✔ JPM-US 二跳命中 → 命中类型 = 精准命中 (0.035709ms)
  ✔ S4（日期容差）命中 → 命中类型 = 模糊命中 (0.046792ms)
✔ O1 命中类型：精准层（S1/S2/S3）= 精准命中、S4 = 模糊命中 (0.221917ms)
▶ O2 命中详情文案：去前缀 + S4 固定串
  ✔ S1 命中详情无「匹配成功:」前缀 (0.036667ms)
  ✔ S4 命中详情 == 固定串「命中唯一值:退款提交日期+大账号+金额+币种」 (0.033375ms)
✔ O2 命中详情文案：去前缀 + S4 固定串 (0.089125ms)
▶ ⑦ 空入参 / 边界
  ✔ refundOrderRows 空 → 空 backfill 不抛 (0.0425ms)
  ✔ 无 Ach Return 银行行 → 空 backfill 不抛 (0.02225ms)
  ✔ 全 undefined 入参 → 空结果不抛 (0.028833ms)
  ✔ refund 退款金额非数值 → 不入组、不误命中 (0.027375ms)
✔ ⑦ 空入参 / 边界 (0.151791ms)
▶ ⑧ 回填行结构
  ✔ 回填行含固定 6 列 + 银行 12 字段，含 Debit Amount 不含 Credit Amount；v3.0.10 银行段含 Extra Information / Drawee Name (0.053666ms)
✔ ⑧ 回填行结构 (0.067083ms)
▶ 子函数
  ✔ classifyCardinality 四态 (0.04275ms)
  ✔ bankAmountAbs = |credit - debit|，非数值按 0 (0.028ms)
  ✔ extractFeature 去重 + lastIndex 安全（连续两次结果一致） (0.032416ms)
  ✔ extractFeature T54SWIC 含 // 直接命中（R1 宽正则） (0.019625ms)
  ✔ extractFeature R1 三前缀 T54SWIC/T54LCIC/T54CCBT 均命中 (0.022917ms)
  ✔ resolveHits：0→continue / 1→backfill / >1→error-manual (0.024792ms)
  ✔ matchS1 空字段不误命中（payNo 与 bankVal 皆空不匹配） (0.026292ms)
  ✔ matchS3 按位：付款卡号 ↔ Drawee CardNo（不与 Drawee Name 交叉） (0.0455ms)
✔ 子函数 (0.33775ms)
▶ ⑨ 反向多笔（Q14）：N bank 命中同 1 refund → 全部报错-人工介入、不回填、refund 不被 S4 复用
  ✔ S1 反向多笔：b1/b2 同 ChannelOrderNo → 全报错、backfill=0、SN-A 不在回填 (0.060417ms)
  ✔ S2 反向多笔（MTX）：b1/b2 提同一 MTX 命中同 1 refund 附言 → 全报错、backfill=0 (0.054708ms)
  ✔ S3 反向多笔：b1/b2 同 Drawee Name 命中同 1 refund 付款人名称 → 全报错、backfill=0 (0.04125ms)
  ✔ S1 反向多笔卷入的 refund 不被 S4 复用（Q15）：另有 bank 日期容差内仍不回填 (0.043084ms)
✔ ⑨ 反向多笔（Q14）：N bank 命中同 1 refund → 全部报错-人工介入、不回填、refund 不被 S4 复用 (0.244125ms)
▶ ⑨ S4 顺序无关（Q13；R4 单向窗判据）：判据按冻结候选集 + 窗内候选，不随输入顺序变
  ✔ 原序 [b1,b2,b3]：b1 回填、b2/b3 各一行报错（非提示） (0.082875ms)
  ✔ 打乱序 [b3,b1,b2]：结论一致（b1 回填、b2/b3 报错） (0.063666ms)
  ✔ 再打乱 [b2,b3,b1]：结论仍一致 (0.069208ms)
✔ ⑨ S4 顺序无关（Q13；R4 单向窗判据）：判据按冻结候选集 + 窗内候选，不随输入顺序变 (0.237584ms)
▶ ⑨ S4「在容差但被抢光→提示」vs「超容差→报错」
  ✔ 5 bank 全在容差 + 1 refund → 1 回填 + 4 提示（非报错） (0.086666ms)
  ✔ 超容差 bank → 报错（与被抢光提示区分）：2 bank（1 在容差 1 超容差）+ 1 refund (0.0475ms)
✔ ⑨ S4「在容差但被抢光→提示」vs「超容差→报错」 (0.1515ms)
▶ ⑨ JPM 反向多笔（Q14 同源）：多 bank 提同一 T54SWIC + 1 refund → 全报错
  ✔ JPM-HK 反向多笔：b1/b2 同 T54SWIC 命中同 1 refund 银行打款流水号 → 全报错、backfill=0 (0.082792ms)
✔ ⑨ JPM 反向多笔（Q14 同源）：多 bank 提同一 T54SWIC + 1 refund → 全报错 (0.095792ms)
▶ ⑩ 审计不变量（v3.0.10 需求3.2 收窄：银行侧全覆盖；refund-only 静默不产行）
  ✔ bank 仅 M1 + refund 仅 M2（无交集）→ 仅 1 条 bank 提示，refund-only 不再产行 (0.060709ms)
  ✔ bank-only 多行：3 条银行行无对应 refund → 各产 1 条提示（银行侧全覆盖不变） (0.042ms)
  ✔ v3.0.10 需求3.2：2 条 refund-only（无对应 bank）→ 完全静默，不产任何行 (0.028542ms)
  ✔ v3.0.10 需求3.2：同组内未消费 refund（SN-B）静默，bank 命中行正常回填 (0.034875ms)
  ✔ 银行侧全覆盖不变量：每条筛后 Ach Return 银行行仍恰落 backfill/error/notice 之一（refund 侧不再全覆盖） (0.063375ms)
✔ ⑩ 审计不变量（v3.0.10 需求3.2 收窄：银行侧全覆盖；refund-only 静默不产行） (0.258625ms)
▶ ⑪ v3.0.21：R1 AchReturn pair 前置过滤
  ✔ R1 pair 的 TradeType=AchReturn → 只将该银行行静默移出退款池 (0.063959ms)
  ✔ 未传 r1Pairs → 不拦，即使仍传旧 gwRows 也正常参与退款回填 (0.032916ms)
  ✔ r1Pairs 非数组、空数组或含畸形 pair → 安全跳过且不前置过滤 (0.069917ms)
  ✔ pair.bankRow 有效但 gwRow 缺失 → 安全跳过且不前置过滤 (0.031542ms)
  ✔ 对象身份守卫：pair.bankRow 克隆即使 rowId 和 reconid 相同，也不得过滤实际银行行 (0.036209ms)
  ✔ TradeType trim 后严格匹配：两侧空白可命中，大小写或字面不同不命中 (0.071791ms)
  ✔ 同 reconid 不扩散：只拦 pair.bankRow，另一条同 ID 银行行仍可回填 (0.041958ms)
✔ ⑪ v3.0.21：R1 AchReturn pair 前置过滤 (0.386667ms)
▶ ⑪b v3.0.23：R4 AchReturn matchedPairs 前置过滤
  ✔ R4 AchReturn no-op pair 仍将具体银行行静默移出退款池 (0.046666ms)
  ✔ 对象身份守卫：同 rowId/ReconID 的克隆对象不得过滤实际银行行 (0.030166ms)
  ✔ 同 ReconID 两条银行行只过滤 pair.bankRow，另一条继续参与退款匹配 (0.03275ms)
  ✔ 非 AchReturn、缺失或畸形 R4 关系不触发前置过滤 (0.071209ms)
  ✔ R1 与 R4 同时指向同一银行行时仍只静默排除一次 (0.032166ms)
✔ ⑪b v3.0.23：R4 AchReturn matchedPairs 前置过滤 (0.24275ms)
▶ ⑫ v3.0.10 需求3.1：逐策略 _matchedColumns
  ✔ S1：命中 ChannelOrderNo → [ChannelOrderNo, 银行打款流水号]（两者∈sheet1） (0.064ms)
  ✔ S1：命中 CustomerRef → [CustomerRef, 银行打款流水号] (0.029833ms)
  ✔ S2-MTX：[Extra Information, 附言]（v3.0.10：Extra Information 入 sheet1 → 不再被过滤） (0.036875ms)
  ✔ JPM-HK：[Extra Information, Payment Detail, 银行打款流水号]（v3.0.10：Extra Information 不再被过滤） (0.030917ms)
  ✔ JPM-US 二跳：[CustomerRef]（入金侧同名 CustomerRef 去重；入金取值★概念上不重复标） (0.049334ms)
  ✔ S2b：[Payment Detail]（入金 CustomerRef★ 不列入候选——本行 CustomerRef 未参与本次比对） (0.061541ms)
  ✔ S3：命中 付款人名称 → [Drawee Name, 付款人名称]（v3.0.10：Drawee Name 入 sheet1 → 不再被过滤） (0.044917ms)
  ✔ S3：命中 虚拟卡号 → [虚拟卡号]（Payee CardNo★ 仍∉sheet1 → 被过滤） (0.041291ms)
  ✔ S3b：[Drawee Name, Payment Detail, Extra Information]（v3.0.10：门控 Drawee Name + 附言两列入 sheet1；入金 ValueDate★ 仍被过滤） (0.05425ms)
  ✔ S3c：[Payment Detail, Extra Information]（v3.0.10：附言两列入 sheet1；入金 ValueDate★/Credit Amount★/Currency★ 仍被过滤、不误标本行 Currency） (0.051333ms)
  ✔ S4：8 列 [BillDate,MerchantId,Debit Amount,Currency,valueDate,银行大账号,退款金额,币种]（v3.0.10：按固定文案口径展开，全∈sheet1） (0.057417ms)
  ✔ _matchedColumns 全部 ⊆ REFUND_TEMPLATE_HEADERS（无 ★ 列泄漏） (0.109208ms)
✔ ⑫ v3.0.10 需求3.1：逐策略 _matchedColumns (0.7065ms)
▶ ⑬ v3.0.10 需求3.2：报错/提示前缀
  ✔ 【报错】前缀：S1 关联到多笔 → 报错行信息列以【报错】开头，保留 结果类型 key (0.052708ms)
  ✔ 【提示】前缀：bank-only → 提示行信息列以【提示】开头 (0.029916ms)
  ✔ 保留 结果类型 key：filter(x=>x[结果类型]===RESULT_ERROR) 仍可用（兼容引擎内部/核兼容测试） (0.035083ms)
✔ ⑬ v3.0.10 需求3.2：报错/提示前缀 (0.141041ms)
▶ buildHitScenarioLabel
  ✔ 完整 metadata → "[N] name" (1.291542ms)
  ✔ _hitScenarioId 为 null → "" (0.461416ms)
  ✔ _hitScenarioName 为空 → "" (0.447958ms)
  ✔ _hitScenarioDisplayIndex 缺失 → "" (0.473209ms)
  ✔ null row → "" (0.346625ms)
  ✔ displayIndex=0 仍输出（0 是合法序号 fallback） (0.347833ms)
✔ buildHitScenarioLabel (3.953875ms)
▶ buildOriginalBaseName
  ✔ 正常路径 + xlsx → basename 无扩展 (0.316708ms)
  ✔ null / undefined / 空 → "unknown" (0.311709ms)
  ✔ 无扩展名 → 全 basename (0.290583ms)
  ✔ csv 扩展也兼容（去扩展） (0.400292ms)
✔ buildOriginalBaseName (1.418334ms)
▶ buildDateDir
  ✔ 格式 YYYY-MM-DD (0.532417ms)
  ✔ 补零 (0.387ms)
✔ buildDateDir (0.962125ms)
▶ SUFFIX_HEADERS 常量（spec §5.2 D17=b 列序）
  ✔ 精确 3 列：[匹配渠道, 匹配状态, 命中场景] (0.951459ms)
✔ SUFFIX_HEADERS 常量（spec §5.2 D17=b 列序） (1ms)
▶ DEFAULT_REPORT_SUBDIR 常量（v3.0.4 F2 目录互换）
  ✔ 落位子目录 = bank-statement-process（与错误报告目录互换后） (0.404583ms)
✔ DEFAULT_REPORT_SUBDIR 常量（v3.0.4 F2 目录互换） (0.435417ms)
▶ normalizeChannelsToLabelMap (D16=b)
  ✔ null / undefined → null（writer 触发回退） (0.482292ms)
  ✔ Array<channel> → Map<id, label> (0.368334ms)
  ✔ Map<id, channel> 入参 → Map<id, label> (0.384334ms)
  ✔ Map<id, string> 入参 → 透传 string (0.159834ms)
  ✔ 缺 label 字段 → fallback `${name}-${ownerLocation}` (0.212041ms)
  ✔ 其他非法 input（object 等）→ null (0.369417ms)
✔ normalizeChannelsToLabelMap (D16=b) (2.042833ms)
▶ buildHitChannelLabel (D16=b)
  ✔ null row → "" (0.264125ms)
  ✔ channelsLabelMap=null + row 有 _hitChannelKey → 回退 _hitChannelKey (0.30325ms)
  ✔ channelsLabelMap=null + row 无 _hitChannelKey → "" (0.275917ms)
  ✔ channelsLabelMap 非空 + _hitChannelId 命中通用 → "通用" (0.261459ms)
  ✔ channelsLabelMap 非空 + _hitChannelId 命中专属 → "工商-上海" (0.24775ms)
  ✔ channelsLabelMap 非空 + _hitChannelId=null（未命中行）→ "" (0.254542ms)
  ✔ channelsLabelMap 非空 + _hitChannelId 查不到 → "" (0.329167ms)
✔ buildHitChannelLabel (D16=b) (2.003584ms)
▶ writeScenarioHitRows — 正常路径
  ✔ 命中专属场景：写入完整列 + 路径返回正确 (18.12625ms)
  ✔ 命中通用兜底（行匹配专属 + hit 在通用）：D16=b 匹配渠道列 = "通用" (15.465292ms)
  ✔ 兜底命中（未匹配渠道 + 通用命中）：D16=b 匹配渠道列 = "通用" (6.954791ms)
  ✔ 命中专属（非通用）：D16=b 匹配渠道列 = "工商-上海" (6.126459ms)
  ✔ 未传 opts.channels → 回退 _hitChannelKey（向后兼容老 caller / 单维路径） (8.616042ms)
  ✔ 传 channels + _hitChannelId 不在 map 中 → "" 兜底 (5.25425ms)
  ✔ opts.channels 接受 Map 形态（id → channel-obj） (5.308875ms)
✔ writeScenarioHitRows — 正常路径 (66.070125ms)
▶ writeScenarioHitRows — 列结构精确（spec §5.2 + D17=b）
  ✔ 表头列序：headers + [匹配渠道, 匹配状态, 命中场景] (5.544625ms)
  ✔ 使用默认 BANK_STATEMENT_FIELDS（不传 opts.headers）→ 44 + 3 = 47 列 (6.44075ms)
✔ writeScenarioHitRows — 列结构精确（spec §5.2 + D17=b） (12.100667ms)
▶ writeScenarioHitRows — 文件名规范（D15=a）
  ✔ 命名格式 命中场景行-{basename}-{timestamp}.xlsx (3.2925ms)
  ✔ originalFilePath 无扩展名也兼容 (2.727625ms)
  ✔ originalFilePath 缺失 → "unknown" 兜底 (2.982375ms)
✔ writeScenarioHitRows — 文件名规范（D15=a） (9.113958ms)
▶ writeScenarioHitRows — 空 modifiedRows graceful
  ✔ 空数组 → 仍输出含表头空 sheet (4.946292ms)
✔ writeScenarioHitRows — 空 modifiedRows graceful (4.997084ms)
▶ writeScenarioHitRows — graceful 兜底
  ✔ row 缺 _hitChannelKey / _matchStatus → "" 兜底（不抛错） (6.314209ms)
  ✔ 未命中行（无 _hitScenarioId）混入 modifiedRows → 命中场景列空 (8.558167ms)
✔ writeScenarioHitRows — graceful 兜底 (14.960334ms)
▶ writeScenarioHitRows — 入参校验
  ✔ modifiedRows 非数组 → 抛错 (0.470542ms)
  ✔ opts.exportRoot 缺失 + opts.reportDir 缺失 → 抛错 (0.471084ms)
  ✔ opts.reportDir 显式提供 → 绕过 exportRoot 拼接 (3.152959ms)
✔ writeScenarioHitRows — 入参校验 (4.158875ms)
▶ writeScenarioHitRows — 内部 _ 字段不泄漏（spec §5.3）
  ✔ 表头不含 _ 前缀字段（投影自动过滤） (4.78475ms)
✔ writeScenarioHitRows — 内部 _ 字段不泄漏（spec §5.3） (4.832167ms)
▶ writeScenarioHitRows — atomic write（spec §5.3）
  ✔ 成功后 .tmp 文件不存在 (3.0345ms)
✔ writeScenarioHitRows — atomic write（spec §5.3） (3.159792ms)
▶ writeScenarioHitRows — 多行 + 行序保持
  ✔ 3 行按入参顺序写入 (4.969125ms)
✔ writeScenarioHitRows — 多行 + 行序保持 (5.014417ms)
▶ scenarios:transfer handler
  ✔ 单条转移：status=ok + transferredCount=1 (74.581459ms)
  ✔ 批量转移：3 条场景一次搬运到目标渠道 (68.065875ms)
  ✔ payload 为 null → status=failed (68.135333ms)
  ✔ scenarioIds 为空数组 → status=failed (68.52025ms)
  ✔ targetChannelId 不存在 → status=failed（事务回滚） (67.520916ms)
  ✔ 其中一条 scenario id 不存在 → status=failed + 整批回滚 (67.59525ms)
  ✔ targetChannelId 非数字 → status=failed (67.982833ms)
✔ scenarios:transfer handler (483.167459ms)
▶ scenarios:batch-delete handler
  ✔ 单条删除：status=ok + deletedCount=1 (69.429333ms)
  ✔ 批量删除 3 条非内置场景 (68.808125ms)
  ✔ 内置场景（is_builtin=1）可删 → status=ok（F3 修订） (69.696166ms)
  ✔ payload 为 null → status=failed (67.784584ms)
  ✔ scenarioIds 为空数组 → status=failed (65.41625ms)
  ✔ id 不存在 → status=ok + deletedCount=0（DELETE 语义幂等） (66.400041ms)
  ✔ 混合内置 + 非内置 → 全部删除 (F3 修订后行为) (64.180167ms)
✔ scenarios:batch-delete handler (471.984167ms)
✔ 配置包不能克隆 fund-transfer-backfill 保留签名，也不覆盖本机 owner (73.772875ms)
✔ C2 bundle 导入保留包含；非法操作符导致整批事务回滚 (82.896542ms)
▶ scenarios:export-bundle handler
  ✔ 正常导出 — 含通用渠道 (67.10075ms)
  ✔ 多渠道导出 — 含通用 + 工商 (67.419208ms)
  ✔ 空 channelIds — 返 failed (65.605625ms)
  ✔ 全部 channelIds 不存在 — 返 failed (64.430792ms)
  ✔ 部分 channelIds 不存在 — 仅导出存在的渠道（不抛错） (66.258625ms)
  ✔ disabled 场景也导出（含全部场景） (67.893791ms)
✔ scenarios:export-bundle handler (399.016875ms)
▶ scenarios:import-bundle handler (scan 阶段)
  ✔ 合法 bundle + 无缺失渠道 → 直接 apply 成功 (67.964958ms)
  ✔ I6 防御：旧 C2 场景 config 缺 billTypes → import 不崩、落库、config 透传完整 (72.196416ms)
  ✔ 误用 bundleVersion=4 文件 → 返 failed 「文件类型不匹配」 (70.845583ms)
  ✔ 损坏 JSON → 返 failed (68.117959ms)
  ✔ 版本号过高 → 返 failed (67.352583ms)
  ✔ 含缺失渠道 → 返 needs-confirm (66.601708ms)
  ✔ 同名场景 → 跳过 + 收集到 conflicts (66.185208ms)
✔ scenarios:import-bundle handler (scan 阶段) (479.52025ms)
▶ scenarios:import-bundle-apply handler
  ✔ confirmCreateMissingChannels=true → 创建新渠道 + 插入新场景 (67.06275ms)
  ✔ confirmCreateMissingChannels=false → 跳过缺失渠道下场景 + 收集 conflicts (67.778708ms)
  ✔ bundle 为空对象 → 返 failed (68.500125ms)
  ✔ 多渠道混合：通用（已存在）+ 工商（缺失但 confirm=true） (68.944416ms)
  ✔ apply 内部 throw → 事务回滚（半状态不留） (67.044958ms)
✔ scenarios:import-bundle-apply handler (339.487125ms)
▶ export + import 端到端往返
  ✔ 单渠道 export → import 到空库 → 渠道 + 场景一致 (133.374584ms)
✔ export + import 端到端往返 (133.422958ms)
▶ P2-1 builtin-fixed 适用渠道 bundle round-trip
  ✔ serialize 携带 applicableChannelNames（{name, ownerLocation}） (66.282292ms)
  ✔ 非限定 builtin-fixed（无适用渠道）→ 不输出 applicableChannelNames (69.377792ms)
  ✔ 端到端：限定渠道导入新库 → 按名 resolve 还原 applicable channel id（非空=不退化为全部） (141.970541ms)
  ✔ 向后兼容：旧 bundle 无 applicableChannelNames → 不调 setApplicable（场景默认无关联=适用全部） (66.931125ms)
  ✔ 反向 bug 守卫：限定渠道但导入端一个都 resolve 不到 → 不写 [](不退化为全部) + warning (130.481792ms)
  ✔ P3-2：限定渠道全 resolve 失败 → 场景被禁用（不退化为「适用全部」）+ 禁用 warning (136.572083ms)
✔ P2-1 builtin-fixed 适用渠道 bundle round-trip (611.815792ms)
▶ serialize-error
  ✔ 1. 普通 Error round-trip (0.738917ms)
  ✔ 2. FileValidationError（含 detailLines / context）round-trip (0.68825ms)
  ✔ 3. SQLITE 错误（含 code）round-trip (0.064125ms)
  ✔ 4. 嵌套 cause（3 层）round-trip (0.088208ms)
  ✔ 5. 循环引用截断（cause > 10 层 → __truncated__） (0.171417ms)
  ✔ 6. stack 完整性 — 多行 stack round-trip 一致 (0.07175ms)
  ✔ 7. TypeError name 透传（instanceof 不恢复） (0.421833ms)
  ✔ 8. 空入参 / 非 Error 入参 (0.080333ms)
  ✔ 9. context 含函数 / Symbol 安全丢弃 (0.102792ms)
  ✔ 10. context 含循环引用安全降级（不抛错） (4.983ms)
  ✔ 11. __test_only__ 暴露常量 (0.055833ms)
  ✔ 12. structuredImportErrors 透传 round-trip（v3.0.4 PR-C：pending 跨 worker 还原报错 xlsx） (0.122542ms)
  ✔ 12b. structuredImportErrors fatalErrors + kind 透传 round-trip（PR #71 SR F2：空文件 fatal 与 kind 分流） (0.098458ms)
  ✔ 13. 无 structuredImportErrors 的普通错误 → 字段为 null（不影响现状） (0.049583ms)
  ✔ 14. 发布人工恢复路径与临时文件保留标记跨 worker 完整透传 (0.081125ms)
  ✔ 15. 解归档依赖月份与结构化上下文跨 worker 透传 (0.163584ms)
  ✔ 16. 失败审计信息跨 worker 透传且不覆盖主错误 (0.088167ms)
  ✔ 17. VCC 多组导入的已提交部分结果跨 worker 完整透传 (0.059375ms)
✔ serialize-error (8.846625ms)
✔ load 与 ready-to-show 都完成后才 resolve 并清理 listener/timer (2.52275ms)
✔ closed 在 ready 前 fail-closed 并清理 listener (0.341375ms)
✔ renderer gone 在 ready 前 fail-closed 并清理 listener (0.097667ms)
✔ main-frame load failure 在 ready 前 fail-closed 并清理 listener (0.090791ms)
✔ sub-frame did-fail-load 不阻断，合理 timeout 会 reject 且清理 (11.733292ms)
✔ supplemental instrumentation 不写首次 startup mark/phase (0.663917ms)
✔ renderer metrics 只接受首次窗口且不可被补窗覆盖 (0.059041ms)
✔ show 抛错会向调用方传播且不发送窗口状态 (0.0775ms)
✔ 空分段定位：实际 XLSX 首段为空时使用本段冻结表头 (12.145167ms)
✔ 空分段定位：实际 XLSX 中间段为空时使用本段冻结表头 (3.181875ms)
✔ 空分段定位：实际 XLSX 末尾段为空时使用本段冻结表头 (2.430833ms)
✔ 空分段定位：缺少冻结表头时保留预览行回退 (0.179791ms)
✔ 空分段定位：冻结表头和预览行号均缺失时保留零值 (0.111541ms)
✔ 全批检查不受选中行、已手动绑定和空 rowIndexes 限制，保留未维护原值 (0.121416ms)
✔ 不固定模式也检查空交易分段；子串及前导零账号不得被维护表替换 (0.13875ms)
✔ 多文件同名与同账号跨段保留来源顺序；提取和证据检查均只读 (0.145584ms)
✔ 完全未识别继续普通失败；非自己输入模板不扩大维护检查 (0.113292ms)
✔ 维护后重新预检可提取；多币种不是未维护；失效证据优先拒绝 (0.263209ms)
✔ 真实取消接口仅清理当前上下文；已准备的完成请求失效且历史结果保留 (14.998375ms)
✔ fixed 提取按服务端 rowsWithEmptyBlocks 选择，保留空 block 行 (1.278916ms)
✔ fixed 前块空、后块有交易时按 per-file block ordinal 冻结 M001/M002 (0.979625ms)
✔ self-input 单文件多 block 按 ordinal 独立桥接，未识别 block fail closed (0.93525ms)
✔ self-input 后块不得把前块交易行中的 bankId 误归为 bridge (0.280958ms)
✔ 冻结顺序 evidence 按 session + file block ordinal 提取，失败行和币种歧义可观测 (0.166583ms)
✔ 首次 workbook raw rows 派生最小 recognition basis，标准/bridge/多模板均不重读源 (0.465708ms)
✔ 大账号 fuzzy fallback 保持旧 last-fuzzy-wins 顺序 (0.068083ms)
✔ statement workbook 读取期间变化时统一失败，输出与 session side effect 均为 0 (2.527541ms)
✔ public freshness 通过后稳定替换 v2，reader 起点仍绑定 confirmed FilePlan snapshot (1.944917ms)
✔ filename 多模板先完成全部稳定读取，再产生输出或 session 副作用 (0.32775ms)
✔ direct/filename/big-account execute 不泛化 statement 读取稳定性错误 (0.723458ms)
✔ 完成选择接受完整乱序 assignments，并拒绝重复 rowIndex (0.219917ms)
✔ 大账号 preview DTO 只暴露 contextId 与展示行，不暴露主进程 filePath (0.100083ms)
✔ 非 bill-split 缓存行注入大账号且移除 selectedCurrency 已短路的伪告警 (0.258792ms)
✔ 多大账号 + bill-split 缓存路径回退 raw rebuild，保留原币种拆分算法 (0.092458ms)
✔ 普通模板 direct recognition 的 preview 决策在 execute 复用，只探测一次 (0.331042ms)
✔ fixed 顺序自定义输入的 preview auto-match 决策在 execute 复用，不重开源文件 (0.331792ms)
✔ 网银 picker snapshot 注入 FilePlan，预检/重复弹窗不比较，beforeStart 只验 session (1.302625ms)
✔ 大账号顺序提取/保存只消费预检冻结 evidence，不重读源文件 (0.329542ms)
✔ acquiring peek 探测期间源文件变更会在建立覆盖上下文前被拒绝 (0.85625ms)
✔ 顺序持久化失败只追加生成后告警，不覆盖已形成的业务结果 (0.132125ms)
✔ 选择结果构造不清 lastErrorReport，renderer 只回传 contextId + rowIndexes/assignments (1.190542ms)
✔ Statement 五条 eager action 只以冻结 FilePlan 作为业务文件路径权威 (1.0185ms)
✔ 两个 deferred action 仅在非空结果确定具体 output 后 promote，写盘与证据同一路径 (2.158375ms)
✔ 真实 Supervisor/ServiceHost/Worker 以token+revision+evidence生成current/all并写SQLite审计回读 (235.158125ms)
▶ 真实Supervisor/ServiceHost/Worker在current/all与detail/both safepoint取消后先ack再error且清空staging
  ✔ statement:generate-current/detail (329.668292ms)
  ✔ statement:generate-all/detail (329.869459ms)
  ✔ statement:generate-current/both (348.696083ms)
  ✔ statement:generate-all/both (327.200709ms)
✔ 真实Supervisor/ServiceHost/Worker在current/all与detail/both safepoint取消后先ack再error且清空staging (1335.908375ms)
✔ 真实Supervisor/ServiceHost/Worker在generation早期shutdown时保持canonical取消且无staging残留 (326.305083ms)
✔ final generation safepoint后来源漂移在manifest handoff前fail closed并清空staging (10.752458ms)
✔ 已登记success completion但release-ack未到时shutdown cancel仍权威胜出并撤销未发布generation (196.998334ms)
✔ filename parent session按child template digest生成混合明细与余额golden且不退化到owner配置 (215.386ms)
✔ Main在全部technical/business readback前Publisher=0，tamper与multi artifact失败不发布 (5.462042ms)
✔ 现有journal Publisher对current/all多artifact执行全有或全无并在失败后清理generation (283.574041ms)
✔ task-owned staging逐级拒绝ancestor symlink，technical/default Publisher/restart cleanup均不越界 (5.850541ms)
✔ invalid/outside/schema/hash manifest不取得删除权限且保留原始错误 (3.70375ms)
✔ Worker写前与Main技术校验拒绝dot/case/Unicode/hardlink artifact alias集合 (7.721792ms)
✔ Main-owned descriptor拒绝manifest自洽但sheet/header/kind/record/formula/type/style/lineage错误的workbook (104.829792ms)
✔ all scope全量0输出以rowCounts+warning可观测并通过相同Publisher边界发布header-only workbook (199.375208ms)
✔ E09-C generation复用四金额mapped rows并保持warning/行序，混合币种余额业务等价 (32.422458ms)
✔ kill/restart后Main按已知resource清理未发布staging且拒绝越界/symlink (1.36925ms)
✔ 空scope、越界resource与partial writer failure均在Publisher前失败并清理全部staging (7.311ms)
✔ generation request/manifest严格限制artifact顺序、相对resource与bounded warning summary (0.540959ms)
✔ token registry严格执行estimate→private insert→adopt ack→single-use并保持bounded状态 (3.903334ms)
✔ big-account与scope-generation replacement在adopt-ack前保留旧token且失败不失效 (1.889417ms)
✔ replacement candidate清理后旧token仍可执行continuation (0.722584ms)
✔ token registry对generation/revision/purpose/choice/evidence篡改逐项fail closed且预算/数量不泄漏 (0.731708ms)
✔ token registry在同步原子claim内校验exact row coverage与option membership，非法choice不消耗token (0.581583ms)
✔ waiting-user保持同一TaskRun并exact释放/重取phase与business lock，late owner不能settle (0.510042ms)
✔ waiting-user部分release失败可按同一owner幂等重试且不重复释放PhaseLease (0.145375ms)
✔ continuation phase取得失败且lock补偿首次失败时仅同owner可精确清理后重获 (0.276ms)
✔ waiting-user cancel仅在exact token owner ack后终结且失败仅允许同owner重试 (4.500375ms)
✔ waiting-user仅凭exact crash-cleaned receipt进入interrupted/recovery-required并受限清理终态 (0.41575ms)
✔ continuation重新映射的candidate digest变化时在session mutation前fail closed (6.425708ms)
✔ parent session的逐来源template lineage在交互draft与continuation candidate中保持精确 (15.4155ms)
✔ 真实Statement Service完成pending reservation adoption、同Task continuation与token release ack (33.67175ms)
✔ prepare-generation重复请求以candidate-first替换并在reject/revoke/跨purpose失败时保留旧token (19.098083ms)
✔ 真实Host/Worker在600个合法维护账号的最终public DTO超限时于资源申请前稳定拒绝 (257.070708ms)
✔ 真实Host adoption timer撤销未adopt token后等待release-ack唯一终结且同generation可继续 (179.169333ms)
✔ 真实Host/Worker对grant后token adoption异常走exact revoke/release且不关闭generation (153.281208ms)
✔ 真实Host/Worker对grant后persistent异常也保留exact cleanup tombstone并同代复用 (152.735042ms)
✔ 真实fixed-mode Worker对repeated-header全空/全零按legacy NO_TRANSACTION_DATA零资源收口 (154.703917ms)
✔ 真实Host/Governor/Worker显式cancel-interaction等待exact release-ack且保留Base/Persistent (167.682708ms)
✔ 真实Supervisor/Host/Worker双source initial与continuation safe-point cancel无终态后request且同代复用 (1040.65975ms)
✔ legacy四金额模式执行production buildMappedRows并逐字段匹配golden (17.269958ms)
✔ production generation seam对双非零真实抛错且零artifact；安全行writer保持行序与金额方向 (9.756125ms)
✔ production generation seam真实执行两batch current/all workbook、命名、warning与cache (7.63925ms)
✔ production generation seam覆盖混合币种alias、statement直取与calculated余额 (35.975709ms)
✔ production generation seam缺calculated seed时冻结真实queue prompt且不产balance (4.665791ms)
✔ legacy current/all按真实session batch identity稳定取数，remove后回退上一有效batch (0.660417ms)
✔ legacy余额计算与真实balance writer保留多币种记录顺序和值 (6.131542ms)
✔ legacy manual seed plan/write/read使用真实production store并冻结文件bytes与previous选择 (1.230125ms)
✔ 真实 Supervisor/ServiceHost/Worker 连续 import 稳定推进 batch 与 revision (184.111666ms)
✔ import result以entryCount保持跨1024文件session有界且不伪造文件数上限 (0.179125ms)
✔ import contract冻结session owner、template catalog/source ref并拒绝篡改与未知/重复ref (2.482584ms)
✔ parent session同batch按source templateRef使用父子配置并保持来源顺序与golden (12.297166ms)
✔ __FILENAME_MAPPING__ owner按source ref而非catalog顺序映射并保留matchedTemplateId (5.608833ms)
✔ persistent reservation grant 与 adopt-ack 前 candidate 不产生可见状态 (161.697333ms)
✔ reservation reject 保留旧 session/revision 且 candidate 不半采用 (161.022791ms)
✔ source candidate evidence 失败保留旧 session/revision (158.135875ms)
✔ canonical source alias 允许 identity streaming read 但在 candidate mutation/resource request/adopt 前 fail closed 并保留旧 revision (163.20825ms)
✔ source identity对batch/跨session别名与内容重复fail closed且不误拒独立来源 (192.873ms)
✔ E09-C generation错误payload与未实现后续action在申请resource前有界拒绝且不改变已有session (161.104542ms)
✔ 大账号模板缺少维护候选时fail closed且不创建 token/DTO/本地 Map (146.72425ms)
✔ 新 import candidate 清空旧 revision artifact qualification 与 future token seam (2.862583ms)
✔ adoption preparation failure 在 resource request 前丢弃 candidate 并保留旧 session (158.816709ms)
✔ grant 后 adoption timeout reject 保留旧 session 且同一 Service 可继续 status (183.947292ms)
✔ adoption 前取消丢弃 candidate 并保持空 session (140.751417ms)
✔ shutdown 对 attached native Worker 桥接取消终态并收口 exact late reject (167.818333ms)
✔ shutdown 取消后 exact late grant 经 revoke/release 完整结算且不 crash generation (180.986125ms)
✔ Service crash 丢失内存 session 且新 generation 不扫描已发布文件恢复 (284.779958ms)
✔ Worker→Main result/status/control 均为 bounded DTO 且不泄露 rows/path/private context (154.614916ms)
✔ live IPC 与 canonical production=false/legacy/0 静态门禁保持不变 (2.129208ms)
✔ 25k行/4批次/1重token基线规模probe覆盖六globals与独立overwrite footprint并在canonical预算内 (246.08375ms)
✔ 六globals projection冻结big/manual/scope所有权且callback与legacy contextId不进入目标graph (2.382666ms)
✔ 真实legacy overwrite confirmation投影为独立可序列化footprint并冻结四类release义务 (3.545541ms)
✔ footprint exact projection不受TMPDIR绝对路径长度影响 (488.434125ms)
✔ Statement E09-P0资源/token合同与五个canonical policy逐字段一致且production保持false (1.936041ms)
✔ Main token handle冻结TechDoc exact字段，Renderer DTO剥离reservation并拒绝private rows/path (60.897416ms)
✔ 三类真实Statement prompt按purpose exact冻结并拒绝未知字段、二维原始行与purpose错配 (2.278791ms)
✔ overwrite confirmation冻结manual-balance单token的exact private/public result且拒绝重对象 (0.564584ms)
✔ overwrite result经真实Registry/Protocol/validateResult/Supervisor接受且tamper/错action/错purpose拒绝 (7.988583ms)
✔ Statement exact result validator通过真实冻结PolicyRegistry暴露路径感知finance-safe delegate (2.26225ms)
✔ 纯数字/空格/连字符merchantId仅在三purpose真实done wrapper的四个domain slot通过 (4.113667ms)
✔ done merchantId例外对错误action/purpose/path/parent/unknown key保持fail closed (6.671667ms)
✔ 真实Supervisor在onProgress前拒绝含full-account的Statement interaction progress且接受合法done (6.120916ms)
✔ 真实Supervisor让generic-safe M001/scope progress进入onProgress但不产生waiting-user/settlement终态 (3.331125ms)
✔ 最大合法public interaction经真实done route/context发送，inner +1与真实over-wire拒绝 (110.292125ms)
✔ Token/status DTO对extra key、getter、Proxy、digest和outstanding数量fail closed且零getter读取 (0.497041ms)
✔ status pendingInteractions在任何item读取前冻结exact Array shape、count和单token上限 (0.309791ms)
✔ footprint覆盖Statement数组metadata/共享引用/循环图并按50% headroom页对齐 (0.424916ms)
✔ state与pending interaction使用独立预算，超限和hostile graph在reservation前拒绝 (0.270958ms)
✔ production-shape不需要binary，large view/slice/shared backing均O(1)拒绝且own getter零读取 (0.189167ms)
✔ Map/Set只接受exact built-in无own retained graph且不消费变异iterator (0.082833ms)
✔ E09-P0 contract/footprint未接入Main live IPC或background runtime (1.448917ms)
▶ detectTableType — L1 精确命中 assets 真实模板
  ✔ 银行对账单.xlsx → bank-statement（status=matched, score=1） (10.685166ms)
  ✔ 中台退款订单.xls → zhongtai-refund-order（status=matched, score=1） (10.09275ms)
  ✔ 入账原始订单.xlsx → intake-original-order（status=matched, score=1） (2.900917ms)
  ✔ 中台调拨订单.xlsx → zhongtai-dispatch-order（status=matched, score=1） (3.085584ms)
  ✔ 网关对账单.xlsx → gateway-recon（status=matched, score=1） (2.077125ms)
  ✔ 外汇交割表.xls → fx-delivery（status=matched, score=1） (5.0255ms)
  ✔ 外汇交割表（含中间空列，L1 用 l1MatchHeaders 锚点）命中 fx-delivery (1.811625ms)
✔ detectTableType — L1 精确命中 assets 真实模板 (36.389667ms)
▶ detectTableType — Codex#1：返回命中 sheetName（封面 sheet 在前回归）
  ✔ 单 sheet 命中 → 返回 sheetName 指向该 sheet (6.243708ms)
  ✔ 🔴 封面 sheet 在前 + 数据 sheet 在后 → 命中数据 sheet 且 sheetName 指向数据 sheet (4.070291ms)
✔ detectTableType — Codex#1：返回命中 sheetName（封面 sheet 在前回归） (10.450583ms)
▶ detectTableType — L2 模糊打分
  ✔ 仅命中部分指纹列、命中率 ≥ minScore → matched（走 L2） (2.480416ms)
  ✔ 命中率 < minScore → unrecognized (1.955833ms)
✔ detectTableType — L2 模糊打分 (4.511333ms)
▶ detectTableType — 短表防子集误判（4 列回填模板 vs 25 列退款订单）
  ✔ 短表阈值常量 = 8（回填模板 4 列 ≤ 8，触发列数守卫） (0.363083ms)
  ✔ 回填模板文件 vs ALL_TABLE_SIGNATURES → unrecognized（不被 25 列退款订单误判） (2.02975ms)
  ✔ 把回填模板签名加入候选：回填模板文件命中自己 (1.774083ms)
  ✔ 把回填模板签名加入候选：退款订单文件仍命中退款订单（不被 4 列模板抢走） (2.153667ms)
✔ detectTableType — 短表防子集误判（4 列回填模板 vs 25 列退款订单） (6.394417ms)
▶ detectTableType — 大小写敏感（网关全小写 vs 银行驼峰）
  ✔ 网关对账单（全小写 reconciliationid / merchantid）命中 gateway-recon (1.919917ms)
  ✔ 银行对账单（驼峰 ReconciliationId）命中 bank-statement，二者互不串台 (3.014708ms)
  ✔ 把网关指纹列改成驼峰（ReconciliationId/MerchantId）→ 不再精确命中 gateway（L1 落空） (1.937542ms)
✔ detectTableType — 大小写敏感（网关全小写 vs 银行驼峰） (6.9545ms)
▶ detectTableType — ambiguous / unrecognized / read-error
  ✔ 表头同时精确命中两张表 → status=ambiguous + matchedKeys (3.231166ms)
  ✔ 垃圾文件（非 Excel 内容，可被 SheetJS 勉强解析）→ unrecognized (1.0145ms)
  ✔ 文件不存在 → read-error (0.613375ms)
  ✔ 空 xlsx（无任何有意义行）→ read-error (2.06825ms)
  ✔ 空候选签名集 → 任何文件都 unrecognized（无候选可命中） (1.479416ms)
✔ detectTableType — ambiguous / unrecognized / read-error (8.513083ms)
▶ detectTableType — 多 sheet 扫描（v2.1.16 PR#61 F4 真回归）
  ✔ 封面 sheet 在前的银行对账单 → 仍命中 bank-statement（不再误判 unrecognized） (3.903042ms)
  ✔ 多张封面/说明 sheet 在前、数据 sheet 在最后 → 仍命中 (3.718542ms)
  ✔ 数据 sheet 在第一个（历史常见摆放）→ 仍命中（短路即返回，行为不退化） (3.617084ms)
  ✔ 多 sheet 但全部都不是任何签名表 → unrecognized (2.403042ms)
  ✔ 封面 sheet 在前的网关对账单（大小写敏感仍生效）→ 命中 gateway-recon (2.550042ms)
  ✔ 两张数据 sheet 各命中不同表（同文件不同 sheet 分别命中银行/网关）→ 取先出现者 bank-statement（短路） (2.19925ms)
  ✔ 同一 sheet 内拼接两表表头 → 仍判 ambiguous（多 sheet 改造不破坏 ambiguous 语义） (3.366167ms)
✔ detectTableType — 多 sheet 扫描（v2.1.16 PR#61 F4 真回归） (21.966666ms)
▶ detectTableType — 外汇期权表 unsupported（v2.1.16 PR#61 F3）
  ✔ 期权表（真实模板）→ status=unsupported + tableKey=fx-option（已入库未接入） (1.84075ms)
  ✔ FX_OPTION_SIGNATURE 已纳入 ALL_TABLE_SIGNATURES 候选 (0.373625ms)
  ✔ 封面 sheet 在前的期权表（headerRowOffset=1 + 多 sheet）→ 仍 unsupported (2.514958ms)
  ✔ 期权表不被其它表误判、其它表也不被期权误判（互斥） (3.022667ms)
✔ detectTableType — 外汇期权表 unsupported（v2.1.16 PR#61 F3） (7.856167ms)
▶ detectTableType — 银行对账单入金表 bank-deposit 候选集隔离（v2.1.16-beta.3 ②）
  ✔ UT-D1：ALL_TABLE_SIGNATURES 不含 bank-deposit（隔离不变量） (0.44275ms)
  ✔ UT-D2：LINKED_IMPORT_SIGNATURES 含 bank-deposit (0.432541ms)
  ✔ UT-D3：银行对账单.xlsx 在 LINKED_IMPORT_SIGNATURES 内唯一命中 bank-deposit（非 ambiguous） (1.968125ms)
  ✔ UT-D4：银行对账单.xlsx 在 PREPROCESS_TABLE_SIGNATURES 内识别为 bank-statement（不串） (1.513125ms)
  ✔ UT-D5：网关对账单.xlsx 在 LINKED_IMPORT_SIGNATURES 内仍命中 gateway-recon (1.403875ms)
✔ detectTableType — 银行对账单入金表 bank-deposit 候选集隔离（v2.1.16-beta.3 ②） (5.860667ms)
▶ detectTableType — 导出常量自检
  ✔ L2_HEADER_SCAN_ROWS 为正整数 (0.405917ms)
✔ detectTableType — 导出常量自检 (0.440834ms)
✔ split read 只走裸 preview IPC，merge/export 的全部 dialog 在 execute 前完成 (1.3225ms)
✔ committed 恢复输出携 exact7 回原批次，output descriptor 显式标记方向 (0.38075ms)
✔ Position owner 等待实际异步恢复，失败时保留 pending 并阻止 generic sweep (14.207625ms)
✔ after-committed 崩溃首次完整启动即归档 ready + task succeeded，第二次启动幂等 (217.615458ms)
✔ Position owner 失败仍完成 Toolbox 同次恢复，但统一阻断启动且不丢旧 artifact (295.5785ms)
✔ 损坏 outbox 不短路 Toolbox owner 且阻断新发布，修复后重启保全旧 artifact (319.142292ms)
✔ 正常 worker committed 后 receipt 保留 N 个输入与全部输出，存档接管完整后才清理 (512.857ms)
✔ 工具箱 publication cancel-wins 后迟到 success 不 ACK committed receipt (0.264042ms)
✔ 恢复索引首读 EIO 时 sweepUnsafe 阻止通用扫尾，二启完成原批次恢复 (220.476625ms)
✔ split read context 新读覆盖旧读，取消导出可重试同一 token (0.976667ms)
✔ split export freshness 发现源变化后清除 token，要求重新选择 (0.721791ms)
✔ E04-A/B policy 与 Main source selector 保持 production false，真实用户路径不伪装 canary (5.739083ms)
✔ E04-B runtime预算完整计入Scanner phase与一个Writer child，idle/shutdown不泄漏 (19.829584ms)
✔ generation result 接受真实 writer 的结构化 warning sample，不改变既有 warning 语义 (34.918333ms)
✔ Main 在 Publisher 前完成 ownership/stat/size/hash/业务回读，失败 0 次、成功 1 次 (265.477125ms)
✔ 真实 native Worker 保持 merge 内容/格式等价、main-settlement 无 receipt 且 Main event loop 可推进 (683.686625ms)
✔ Main runtime 显式启用关闭观察，实际生成文件后独立收敛载体与容量 (198.404709ms)
✔ quit shutdown 会取消在途 one-shot generation 并收净 transport/资源 (52.129083ms)
✔ Main runtime manager clean shutdown 并发可重入，rollback 后只懒创建一个替代 runtime (0.31575ms)
✔ Main runtime manager incomplete shutdown 保留同一 owner，重试前 fail closed (0.109917ms)
✔ Main runtime manager shutdown throw 保留 owner 并禁止 resume (0.124208ms)
✔ Main runtime manager no-runtime clean shutdown 允许 rollback 并在首次 get 创建 (0.056708ms)
✔ Route DB v1 codec golden 保留 row/header/style，并拒绝未知codec版本 (2.087959ms)
✔ Windows目录fsync unsupported 会阻断Route DB seal，不伪造durability (6.113875ms)
✔ Route DB manifest与DB seal共享同一directory barrier且unsupported保持fail closed (11.056833ms)
✔ Scanner等待Writer exit barrier；message后非0/transport error不能冒充成功 (2.536167ms)
✔ E04-B managed单组保持legacy值/格式与零命中语义，Main验证后每次Publisher恰好一次 (906.712958ms)
✔ E04-B真实Scanner→sealed Route DB→单Writer与legacy输出等价，Main join后Publisher恰好一次 (440.566459ms)
✔ Main拒绝Route DB/generation与FilePlan路径别名，失败发生在runtime和Publisher之前 (5.80925ms)
✔ Writer独立复核sealed Route DB，非法route mask失败并清理全部generation产物 (397.310166ms)
✔ Route DB codec在BIFF8/CSV真实Scanner与Writer路径保持行序和长编号 (719.044584ms)
✔ merge 跳过隐藏/空 Sheet，并让每个可见非空 Sheet 独立提供表头 (32.667958ms)
✔ split 保留隐藏 Sheet 续页语义并跳过重复表头 (8.287584ms)
✔ split 的来源 registry 复合引用可在 pass 关闭后由 writer 解码 (7.467792ms)
✔ BIFF8 与 XLSX 共用同一套 split 表头和续页策略 (10.685709ms)
✔ 统一格式路由让 CSV 使用旧文本匹配值和默认样式 (1.486375ms)
✔ 字段扫描和单输出共用 matchValue，并保留长编号、日期、样式及布局 (62.142792ms)
✔ 多输出只扫描一次并为零命中分组生成表头文件 (24.579459ms)
✔ 多输出任一独立样式预算失败会清理整批 generation 文件 (9.481375ms)
✔ 字段不存在时不保留 generation 文件 (6.108125ms)
✔ 重复表头 fail-closed，避免 split:read 与 export 定位到不同列 (9.458625ms)
✔ 普通拆分扫描保留第 1001 个及之后的既有下拉值，不静默套 Worker 上限 (30.172ms)
✔ __proto__ 表头的下拉值在统一扫描与 IPC 形状中不丢失 (5.447ms)
✔ CSV 拆分保持长数字和科学计数字符串为文本 (16.023041ms)
✔ 真实 BIFF8 单元格样式通过统一 writer 落到 XLSX (31.859875ms)
✔ split:read 暴露的异构匹配值可由独立 split:export pass 全部重新命中 (53.974542ms)
✔ XLSX/BIFF8/CSV × merge/单输出/多输出/分页路径矩阵行数与长编号守恒 (192.083417ms)
▶ T4 toolbox-large-split-dispatch（桩 worker 协议）
  ✔ A1. done → resolve(result)：scanFields result 原样透传 (14.99375ms)
  ✔ A2. done → resolve(result)：exportFilter result 原样透传 + onProgress/onLog 被调用 (11.946125ms)
  ✔ A3. error → reject(deserializeError)：还原 name / message / detailLines (13.057791ms)
  ✔ A4. 非零 exit → reject（worker.on(exit) 兜底，无 done/error 时） (12.803041ms)
  ✔ A5. jobId 过滤：错 jobId 的 done 被忽略，只认匹配 jobId 的 done (12.354167ms)
  ✔ A6. 默认 worker entry 指向生产 large-split-worker（注入还原后） (0.179458ms)
  ✔ A7. 有输出副作用的 exact7 只在 structured-clone receiver 校验 (279.058125ms)
✔ T4 toolbox-large-split-dispatch（桩 worker 协议） (345.3385ms)
▶ T4 toolbox-large-split-dispatch（最小真 worker 冒烟）
  ✔ B1. 真 worker 拓扑跑通 scanFields：拿到正确 headers + valuesByField（多 sheet 续页 + 去重） (173.89775ms)
  ✔ B2. 真 worker 拓扑跑通 exportFilter：按字段值过滤写出 + matchedCount 正确 (192.499625ms)
  ✔ B3. 真 worker 拓扑跑通 exportMultiFilters：多个结果共用一次作业 (200.276542ms)
✔ T4 toolbox-large-split-dispatch（最小真 worker 冒烟） (568.111875ms)
✔ 常量自检：阈值 = 1.5GB（1610612736） (0.768708ms)
✔ 🔴 单 sheet 小 .xlsx → false（关键回归锁：普通通道零回归） (0.303875ms)
✔ 多 sheet（2 worksheet）.xlsx → true（大通道） (0.428458ms)
✔ 多 sheet（3 worksheet）小尺寸 .xlsx → true（worksheet 数优先于尺寸） (0.139291ms)
✔ 单 worksheet 解压 = 1.5GB（恰等阈值，≥）→ true (0.168625ms)
✔ 单 worksheet 解压 > 1.5GB → true (0.115042ms)
✔ 单 worksheet 解压 < 1.5GB（阈值 -1）→ false (0.330708ms)
✔ 常量自检：sharedStrings 阈值 = 1.2GB（1288490188） (0.056625ms)
✔ 单 sheet 小 worksheet 但 sharedStrings ≥1.2GB → true（codex P2：高基数长文本 SST 也走大通道，避免小路径 JSZip 全量载 SST OOM） (0.1ms)
✔ 单 sheet sharedStrings 略低于 1.2GB（阈值 -1）→ false（🔴 小文件零回归） (0.223833ms)
✔ .csv → false（fail-closed，不调 collectEntrySizes） (0.173916ms)
✔ .xls → false（fail-closed，不调 collectEntrySizes） (0.16275ms)
✔ collectEntrySizes 抛异常 → false（fail-closed） (0.151417ms)
✔ 空路径 / null / undefined → false（fail-closed） (0.036833ms)
✔ 0 个 worksheet（仅 sharedStrings）→ false（fail-closed） (0.057292ms)
✔ 单 worksheet 尺寸非数字 → false（fail-closed） (0.05575ms)
✔ collectEntrySizes 返回非 Map → false（fail-closed） (0.061625ms)
✔ .XLSX（大写）单 sheet 小 → false（扩展名大小写不敏感且 fail-closed） (0.0695ms)
✔ 真实夹具：单 sheet 小 .xlsx（真实 collectEntrySizes）→ false (12.034959ms)
✔ 真实夹具：多 sheet .xlsx（真实 collectEntrySizes）→ true (2.976833ms)
✔ 真实夹具：worksheet relationship 指向 customA/customB.xml 仍进入大通道 (2.905166ms)
✔ 真实夹具：扩展名为 .xls 的多 Sheet OOXML 仍按 magic 进入大通道 (2.025541ms)
✔ 真实夹具：扩展名为 .xlsx 的 OLE2 BIFF8 不进入 ZIP Worker (2.368125ms)
✔ 真实夹具：.csv（真实路径）→ false (0.650917ms)
▶ toolbox merge io
  ✔ 表头去首尾空格和末尾空列；列序、大小写和列数仍严格区分 (1.308667ms)
  ✔ 单个 XLSX 的多个 sheet 合并为一个 COMMON，保留 tab 与行顺序 (52.867458ms)
  ✔ General 数字的词法尾零不会在合并结果中生成末尾小数点 (33.070875ms)
  ✔ XLSX + XLS + CSV 混合输入，隐藏 sheet 跳过并按文件选择顺序合并 (24.682375ms)
  ✔ 任一 sheet 表头不一致时携带文件/sheet血缘并删除临时输出 (11.249459ms)
  ✔ 选中文件没有可见非空 sheet 时失败且不产文件 (6.18ms)
  ✔ 数据区与表头相同的行不折叠，只有表头的 sheet 贡献 0 行 (14.894458ms)
  ✔ 超过单页阈值自动分页且跨页顺序守恒 (15.236167ms)
  ✔ 跨工作簿合并保留首表布局、表头样式和各来源数据样式 (18.761083ms)
  ✔ 扩展名为 CSV 但实际为 XLSX 时按工作簿读取全部可见 sheet (12.503458ms)
  ✔ 扩展名为 CSV 但实际为 OLE2 XLS 时按工作簿读取全部可见 sheet (8.7725ms)
  ✔ writer commit 失败会调用 abort，不保留可导出结果 (5.280625ms)
  ✔ 目标文件采用同目录暂存和原子替换，成功后不留备份 (1.149916ms)
  ✔ 原子替换失败时恢复同名旧文件并清理发布暂存文件 (1.008542ms)
✔ toolbox merge io (208.008416ms)
▶ toolbox:split:export 多文件 IPC 接线
  ✔ 四类正式发布与启动恢复均 await FIFO worker，不在 Electron 主线程直调同步核心 (1.280125ms)
  ✔ 成功日志记录有界日期样例、样式预计/实际和发布前校验结果 (0.346125ms)
  ✔ 发布进入人工恢复时，失败返回会把 recoveryPaths 追加为用户可见路径 (0.175ms)
  ✔ 临时目录保留策略只接受显式 preserveTemporaryFiles=true (0.056083ms)
  ✔ 正式发布后的临时目录清理失败只记录告警，不抛错覆盖成功结果 (0.300333ms)
  ✔ 合并、多拆、大文件单拆和普通单拆统一保留人工恢复所需 generation 目录 (0.107208ms)
  ✔ 单文件字段和值校验只约束单文件模式，且全部发生在 reserve 前 prepare (0.065708ms)
  ✔ 只选择一次目录，冲突统一确认后才创建临时目录 (0.072917ms)
  ✔ 同名冲突确认使用“返回 / 覆盖全部”，返回仍在 FilePlan 与临时目录前整批取消 (0.060917ms)
  ✔ 大文件、普通文件和production-false Route DB能力均保持格式保真与单次可恢复发布 (0.100916ms)
  ✔ 按 outputId 关联产物并返回 warning 契约，finally 清理本批临时目录 (0.09525ms)
✔ toolbox:split:export 多文件 IPC 接线 (3.390375ms)
▶ toolbox multi split validation
  ✔ 文件主名统一补一个 xlsx 后缀 (0.601542ms)
  ✔ 拒绝非法字符、系统保留名和首尾空格 (0.329875ms)
  ✔ 支持 1-8 组并按当前平台路径规则判断大小写重复文件名 (0.275708ms)
  ✔ Unicode NFC 与 NFD 文件名按当前平台身份规则处理 (0.079166ms)
  ✔ 过滤器允许不同字段和重叠命中 (0.707875ms)
  ✔ 字段不存在时在生成前失败 (0.08125ms)
✔ toolbox multi split validation (2.668667ms)
▶ toolbox multi split atomic publish
  ✔ 全部临时文件一次发布并替换旧文件 (2.356167ms)
  ✔ 第二个发布失败会删除本批文件并恢复全部被覆盖文件 (1.348417ms)
  ✔ 目标路径是目录时在移动任何文件前拒绝发布 (0.655334ms)
  ✔ Unicode NFC 与 NFD 目标按当前平台身份规则发布 (1.207208ms)
  ✔ 原文件恢复失败时保留备份并显式要求上层保留临时目录 (1.2145ms)
✔ toolbox multi split atomic publish (6.92725ms)
▶ toolbox output publication worker dispatch
  ✔ 正式发布 exact7 只在 structured-clone receiver 校验，恢复扫描不伪造新批次 (48.873542ms)
  ✔ FIFO 串行发布/恢复作业，同步忙 worker 不阻塞主线程 heartbeat (325.114458ms)
  ✔ 发布 worker 异常退出时先在同一队列项执行恢复，再向调用方返回失败 (167.316125ms)
  ✔ worker 在 committed 后退出时，恢复 exact7 与输出描述并向原 lifecycle 报成功 (124.774583ms)
  ✔ transport error 必须等原 worker exit 后才启动 recovery worker (24.798542ms)
  ✔ 正常 done 后必须等 worker exit 才释放下一个 FIFO 作业 (24.124917ms)
  ✔ business error 后必须等 worker exit 才释放下一个 FIFO 作业 (24.423958ms)
  ✔ 真实 worker 的人工恢复错误跨线程保留临时目录保护与恢复路径 (17.011958ms)
  ✔ 真实 worker 完成已验证大产物发布，主线程定时器持续执行 (369.41325ms)
  ✔ 真实 worker 哈希 256MiB 产物期间目标 A→B，二次确认拒绝覆盖且不留 committed receipt (239.935708ms)
✔ toolbox output publication worker dispatch (1366.751916ms)
✔ 唯一 writer 保留表头/数据样式、值类型与行列布局 (44.152416ms)
✔ 唯一 writer 将 BIFF8 零默认高度与零宽列保留为不可见布局 (24.462584ms)
✔ 唯一 writer 不把缺失默认行高误写为零，并允许同版工具再次读取 (11.781416ms)
✔ 自动分页重放基准表头与列布局 (9.958792ms)
✔ 重叠列范围按来源声明顺序应用，后声明范围覆盖前声明范围 (7.615542ms)
✔ 负角度和竖排文字旋转写入后仍可回读 (8.31775ms)
✔ 稀疏表头的隐式空白单元格继承表头行 customFormat 样式 (8.871542ms)
✔ 日期文本安全降级返回有界 warning summary (6.651666ms)
✔ 极端数值日期不得写出 Infinity，固定降级 canonical 文本并提示 (8.459875ms)
✔ writer 统一 ST_Xstring 编码，保留控制字符和 escape 字面量 (11.759208ms)
✔ 超过 Excel 32767 UTF-16 code unit 的表头或数据文本整批失败并清理 (3.075208ms)
✔ 组件预算超限在 commit 前失败并清理生成文件 (0.609333ms)
✔ 表头行 customFormat 预算失败发生在创建 generation stream 之前 (0.544542ms)
✔ 临时产物样式计数以实际子节点为准，并拒绝伪造 count 或损坏 XML (0.968834ms)
✔ 写后复核拒绝 registry 预计数量与 writer 实际数量漂移 (7.674209ms)
✔ 写后结构复核严格拒绝截断的 workbook 与 worksheet XML (13.072625ms)
✔ 写后结构复核严格拒绝截断的 Content_Types XML (7.316833ms)
✔ 写后结构复核拒绝缺少 package root relationships 的工作簿 (6.947333ms)
✔ 写后结构复核要求唯一 package root officeDocument 关系指向 workbook (7.90025ms)
✔ 写后结构复核拒绝 Content_Types 缺少 rels Default (6.230625ms)
✔ 写后结构复核拒绝 Content_Types 中指向不存在 Part 的 worksheet Override (6.187292ms)
✔ 写后结构复核拒绝 workbook relationships 中悬空的内部关系 (9.155583ms)
✔ 写后结构复核拒绝未被 workbook Sheet 使用的 worksheet relationship (9.120083ms)
✔ 写后结构复核拒绝 ZIP 中未被 workbook 声明的孤立 worksheet (12.2465ms)
✔ 写后复核前后文件身份不一致时拒绝为替换后的 bytes 背书 (17.86525ms)
✔ 写后结构复核拒绝 workbook 声明但实际缺失的分页 Sheet (14.257917ms)
✔ 写后结构复核拒绝任一分页表头与 normalizedHeaders 不一致 (14.006083ms)
✔ 写后结构复核拒绝物理数据行少于 writer emit 计数 (18.952916ms)
✔ 写后结构复核允许 0 数据行，并精确核对自动分页的表头与物理行守恒 (20.857125ms)
✔ RESOURCE_BUDGET_UNAVAILABLE SafeErrorV1 经 service 与 Main 保留错误码和中文诊断 (11.920875ms)
✔ RESOURCE_BUDGET_UNAVAILABLE 直接拒绝 经 service 与 Main 保留错误码和中文诊断 (6.768667ms)
✔ ADMISSION_TIMEOUT SafeErrorV1 经 service 与 Main 保留错误码和中文诊断 (5.99375ms)
✔ ADMISSION_TIMEOUT 直接拒绝 经 service 与 Main 保留错误码和中文诊断 (6.648375ms)
✔ 非准入错误保持原文、原诊断和错误码，不添加未开始生成的保证 (6.090375ms)
✔ Main 无错误码的旧异常返回形状不变，恢复路径仍完整且不重复 (0.102375ms)
✔ 覆盖确认期间 create 目标，Main 在任务前拒绝且保留全部文件 (10.659292ms)
✔ Main prepare 返回后 create 目标，IPC 不能重新采集并接受新快照 (2.479083ms)
✔ 覆盖确认期间 replace 目标，Main 在任务前拒绝且保留全部文件 (1.492167ms)
✔ Main prepare 返回后 replace 目标，IPC 不能重新采集并接受新快照 (1.441084ms)
✔ 取消覆盖确认不创建 File Task 或输出文件 (1.6045ms)
✔ 确认快照传至真实 Publisher：生成后 none 目标 (209.663458ms)
✔ 确认快照传至真实 Publisher：生成后 create 目标 (54.13025ms)
✔ 确认快照传至真实 Publisher：生成后 replace 目标 (47.315584ms)
✔ rows 父目录身份贯穿真实 Main execute 与 Worker Publisher：before-generation (83.191791ms)
✔ rows 父目录身份贯穿真实 Main execute 与 Worker Publisher：before-publication (49.95825ms)
✔ rows 父目录身份贯穿真实 Main execute 与 Worker Publisher：unchanged (161.631125ms)
✔ 严格行数和安全整数边界；1001 份在分配路径前拒绝 (1.216667ms)
✔ prepare 使用主进程计数；空数据/超限/非法参数不调用目录选择器 (8.64975ms)
✔ SPLIT 计数跨隐藏 Sheet；缓存回放保留行序、文本、日期、布尔、错误、样式和重复表头 (165.431917ms)
✔ N 是文件行数；单文件超出 Sheet 容量会续页且不增加文件 (39.749709ms)
✔ CSV 与 BIFF 共享 rows 核心，跨块文本编号保留 (73.416667ms)
✔ 真实后台 action 返回小描述符，9 份全部校验后才调用一次 Publisher (298.934041ms)
✔ 第 2 个 writer 失败、缓存损坏或取消均不触发 Publisher (52.537709ms)
✔ 缓存即使重算摘要，缺失样式引用仍会被拒绝 (33.039875ms)
✔ 数字串摘要和 UUID 不被误判为业务账号，消息仍只有有界描述符 (0.276834ms)
✔ 1000 份 FilePlan 的磁盘身份读取线性增长且仍拒绝输出间硬链接 (237.557167ms)
✔ 磁盘预算失败以及旧导入快照均在任务前拒绝 (1.408833ms)
✔ 物化读取预算在启动 CSV reader 和目录选择器之前拒绝 (0.804208ms)
✔ 运行中的真实 rows Worker 响应 shutdown，退出后不产生正式输出 (258.318208ms)
✔ rows 第 2 份发布时崩溃，现有 journal 在新 Worker 内恢复旧目标 (486.267333ms)
✔ 9 份真实 rows 输出只归属一个业务批次，原件和全部输出均归档 ready 后清理 receipt (881.984ms)
▶ buildColumnFormatPlan（by-name 字段分组，大小写敏感）
  ✔ 数字/日期/文本字段各归类；未命中字段不在 plan (0.305917ms)
  ✔ 大小写敏感（balance / billdate 小写不命中） (0.047167ms)
  ✔ 同名字段重复 → 每个匹配列都纳入 (0.047042ms)
✔ buildColumnFormatPlan（by-name 字段分组，大小写敏感） (0.647625ms)
▶ buildNumericCellSpec（移植 writers.js buildNumericCellValue）
  ✔ ≤2 位小数 → number + numFmt 0.00 (0.759416ms)
  ✔ >2 位小数 → number 不套 numFmt（保留原始精度显示） (0.052792ms)
  ✔ 有效数字 >15 位 → 文本（防 Excel 15 位精度截断，如长卡号/订单号） (0.044208ms)
  ✔ 解析不出数字 → null（调用方降级原样字符串） (0.051708ms)
✔ buildNumericCellSpec（移植 writers.js buildNumericCellValue） (1.002917ms)
▶ buildFormattedRow（决策① by-name 格式化）
  ✔ 数字字段 → number 值 + 0.00 numFmt 补丁 (0.132542ms)
  ✔ 日期字段 → Excel serial 值 + 日期 numFmt 补丁 (0.453041ms)
  ✔ 文本字段 → 字符串值 + @ numFmt 补丁（强制文本，防长数字溢出） (0.059042ms)
  ✔ 空值不套格式（保留原值，无 patch） (0.037042ms)
  ✔ 未命中字段列原样透传字符串 (0.0435ms)
  ✔ 数字字段解析失败 → 原样字符串（不套格式） (0.034584ms)
✔ buildFormattedRow（决策① by-name 格式化） (0.8625ms)
▶ readHeaderRowStreamed（口径 = extractHeaders）
  ✔ .xlsx：首行表头 trim + normalize (12.152167ms)
  ✔ .xlsx：尾部空表头单元格被裁（取到最后非空止） (2.21325ms)
  ✔ .csv 回退：同样 trim + normalize 首行 (0.526292ms)
  ✔ 空文件 → 抛 ToolboxStreamEmptyError (2.149875ms)
✔ readHeaderRowStreamed（口径 = extractHeaders） (17.161125ms)
▶ streamDataRows（切表头 + 其余原样透传）
  ✔ .xlsx：表头回调一次 + 数据行逐个喂 (2.129583ms)
  ✔ .xlsx：中间空行原样透传（不丢，纯行级搬运口径） (1.775375ms)
  ✔ .csv 回退：切表头 + 透传数据行 (0.238042ms)
✔ streamDataRows（切表头 + 其余原样透传） (4.213542ms)
▶ F1 乱序多 sheet 护栏（canStreamXlsx + readHeaderRowStreamed/streamDataRows 回退）
  ✔ fixture 自证：SheetNames[0]=B（BH）而物理 sheet1.xml=A（AH），确有分叉 (8.193292ms)
  ✔ canStreamXlsx：多 sheet → false（回退全量 readRows） (2.28175ms)
  ✔ canStreamXlsx：物理单 sheet → true（不退化 BUG3 流式修复） (1.082583ms)
  ✔ canStreamXlsx：.csv → false（非 .xlsx 不流式） (0.152708ms)
  ✔ readHeaderRowStreamed：乱序多 sheet 取 SheetNames[0]=B 的表头 [BH]，不是物理 sheet1.xml=A 的 [AH] (3.3325ms)
  ✔ streamDataRows：乱序多 sheet 喂出 B 的数据行 [b1]，不是 A 的 [a1] (8.891166ms)
  ✔ 物理单 sheet .xlsx 仍走流式且内容正确（BUG3 修复未退化） (2.876542ms)
✔ F1 乱序多 sheet 护栏（canStreamXlsx + readHeaderRowStreamed/streamDataRows 回退） (26.993042ms)
▶ sanitizeSheetName
  ✔ Excel 禁用字符 → -，长度 ≤ 31 (0.08025ms)
✔ sanitizeSheetName (0.113041ms)
▶ writeRowsStreamed（流式写 + readback）
  ✔ 表头 + 数据行写出，readback 内容一致 (14.329167ms)
  ✔ MAX 常量 = Excel 单 sheet 数据行硬上限 1048575 (0.0565ms)
  ✔ 0 emit（拆表 0 命中场景底层）→ dataRowCount=0 + 单 sheet 仅表头（handler 据此不产文件） (4.077542ms)
  ✔ 决策②：数据行超阈值自动开 sub-sheet (2)(3)（maxRowsPerSheet 小阈值确定性验证） (4.417625ms)
  ✔ 决策① cell 级对拍：流式输出 ≡ 全量 writeWorkbookRows（t/v/z 逐格相同，覆盖空行/纯空白/超宽边界） (11.641375ms)
  ✔ 问题1：全空数据行写出后 readback 仍在 + readback 行数 == dataRowCount (2.742417ms)
  ✔ 问题1：尾部纯空白 cell 字面保真（不被 trim 裁掉） (2.499792ms)
  ✔ 问题1：超表头宽真实内容保留到最末非 padding 列（罕见异常数据） (2.67775ms)
✔ writeRowsStreamed（流式写 + readback） (42.644042ms)
▶ computeKeepWidth（裁到 max(headerWidth, 最末非 padding 列+1)）
  ✔ 常态：行真实内容 ≤ 表头宽（尾部 padding）→ keepWidth = headerWidth (0.083625ms)
  ✔ 全空行（全是 padding）→ keepWidth = headerWidth（不裁成 0，保留表头宽个空 cell） (0.033542ms)
  ✔ 纯空白尾 cell（headerWidth 内）→ keepWidth = headerWidth（保留） (0.036375ms)
  ✔ 纯空白 cell 字面非空 → 算非 padding，可撑宽超表头宽（与全量 aoa_to_sheet 一致） (0.032333ms)
  ✔ 超表头宽真实内容 → keepWidth 扩到最末非 padding 列 (0.032083ms)
✔ computeKeepWidth（裁到 max(headerWidth, 最末非 padding 列+1)） (0.273333ms)
▶ writeRowsToMultipleFilesStreamed（一次源遍历，多输出）
  ✔ 交叉过滤允许同一行进入多个文件，零命中仍生成表头 (8.430083ms)
  ✔ 源遍历失败会清理全部临时输出 (2.57375ms)
  ✔ 后续 writer 初始化失败会关闭并清理已创建的输出 (0.758417ms)
✔ writeRowsToMultipleFilesStreamed（一次源遍历，多输出） (11.871667ms)
▶ 问题2：readHeaderRowStreamed 早停（不扫全文件）
  ✔ 大文件读表头：底层 onRow 调用次数有界（<= TOOLBOX_HEADER_SCAN_MAX_ROWS）且 << 总行数 (18.88125ms)
  ✔ TOOLBOX_HEADER_SCAN_MAX_ROWS 为小正数（不是 0/负数——否则退化为全量扫描） (0.090792ms)
✔ 问题2：readHeaderRowStreamed 早停（不扫全文件） (19.034875ms)
▶ toolbox target identity
  ✔ Darwin/Linux沿用NFC；Windows lexical fallback保留NFC/NFD不同legacy名称 (0.483625ms)
  ✔ macOS/Windows 折叠大小写，Linux 保留大小写差异 (0.062708ms)
  ✔ macOS按实机inode证据完整折叠；Windows missing path只接受单code-point uppercase (2.744125ms)
  ✔ 真实 symlink 与 hardlink 均识别为源文件别名 (2.135833ms)
✔ toolbox target identity (6.006ms)
▶ formatTimestamp12
  ✔ YYYYMMDDHHmm 12 位（补零，24 小时制） (0.997792ms)
  ✔ 下午时间用 24 小时制（21:09 → 2109 不是 0909） (0.07ms)
  ✔ 始终 12 位数字字符串 (0.1135ms)
✔ formatTimestamp12 (1.739583ms)
▶ assertHeadersIdentical
  ✔ 全部相同 → 返回基准表头副本（不抛） (0.710208ms)
  ✔ 单文件 → 返回其表头（不抛） (0.04625ms)
  ✔ 列序不同 → 抛 ToolboxHeaderMismatchError（顺序敏感） (0.170458ms)
  ✔ 大小写不同 → 抛（大小写敏感） (0.058708ms)
  ✔ 列数不同 → 抛 (0.057959ms)
  ✔ 抛错携带不一致文件名 + detailLines（前端 alert 用） (0.08225ms)
  ✔ 空表头列表 → 抛（无文件可合并） (0.127125ms)
  ✔ ToolboxHeaderMismatchError 是 Error 子类且 name 正确（handler 据 name 判定） (0.065875ms)
✔ assertHeadersIdentical (1.851542ms)
▶ mergeAoaRows
  ✔ 双文件合并 = [首表头, ...各文件数据行]（切掉各自表头行） (0.145291ms)
  ✔ 合并行数 = 各文件数据行之和 + 1 表头行 (0.042375ms)
  ✔ 表头唯一（只取首文件表头一次，不重复各文件表头） (0.044167ms)
  ✔ 单文件 → 原样（表头 + 其数据行） (0.039083ms)
  ✔ 某文件只有表头无数据行 → 只贡献 0 数据行 (0.035791ms)
  ✔ 空列表 → [] (0.025292ms)
  ✔ 合并结果是行副本（不与源 aoa 共享引用） (0.0275ms)
✔ mergeAoaRows (0.450833ms)
▶ computeValuesByField
  ✔ 各字段去重值 + 首现序 (0.119792ms)
  ✔ normalize（trim）后去重（" x " 与 "x" 视为同值） (0.031292ms)
  ✔ 空串不计入去重值 (0.030625ms)
  ✔ 全空列 → 空数组（前端该字段多选下拉为空） (0.031042ms)
  ✔ 每个表头都有 key（即使无值也是空数组） (0.037125ms)
  ✔ __proto__ 表头作为普通 own key 收集并可安全序列化 (0.045208ms)
✔ computeValuesByField (0.349875ms)
▶ filterRowsByFieldValues
  ✔ 单值过滤 → [表头, ...命中行] (0.084125ms)
  ✔ 多选值 → 单结果（含命中任一值的行） (0.034334ms)
  ✔ 值按 normalize 比对命中（" a " 选项命中 "a" 单元格） (0.024625ms)
  ✔ 命中 0 行 → matchedCount=0，rows 仅表头 (0.032583ms)
  ✔ 字段不在表头 → fieldFound=false（handler 据此回 failed） (0.023291ms)
  ✔ 按列索引定位（同名字段取第一处列；非首列字段也能命中） (0.028959ms)
✔ filterRowsByFieldValues (0.277125ms)
▶ createValuesByFieldAccumulator（流式去重，口径同 computeValuesByField）
  ✔ 逐行 feed 结果 ≡ 全量 computeValuesByField (0.136833ms)
  ✔ 空串不计 + 每个表头都有 key (0.043542ms)
  ✔ 非数组行安全跳过 (0.027792ms)
  ✔ __proto__ 表头不会触发对象原型 setter (0.092333ms)
✔ createValuesByFieldAccumulator（流式去重，口径同 computeValuesByField） (0.337042ms)
▶ createRowFilter（流式过滤，口径同 filterRowsByFieldValues）
  ✔ 命中行 ≡ 全量 filterRowsByFieldValues 的 matchedCount/内容 (0.08925ms)
  ✔ 多选值 + normalize 比对命中（" a " 选项命中 "a" 单元格） (0.02625ms)
  ✔ 字段不在表头 → fieldFound=false，matches 恒 false (0.034291ms)
  ✔ 非首列字段也能定位命中 (0.028167ms)
✔ createRowFilter（流式过滤，口径同 filterRowsByFieldValues） (0.214708ms)
▶ buildMergeFileName / buildSplitFileName
  ✔ 合并文件名 = 合并-YYYYMMDDHHmm.xlsx (0.076042ms)
  ✔ 拆分文件名 = 拆分-{值拼接 sanitize}-YYYYMMDDHHmm.xlsx (0.149959ms)
  ✔ 多值用 _ 拼接 (0.032333ms)
  ✔ 非法字符经 sanitizeFileName 去除（/ : * → -） (0.052375ms)
  ✔ 超长拼接截断（≤80 字符值段） (0.066917ms)
  ✔ 全空值 → 兜底「子集」 (0.029125ms)
✔ buildMergeFileName / buildSplitFileName (0.450333ms)
✔ 旧Duplicate月库重复open时幂等补齐side receipt schema且不绑定可删除业务行 (6.694667ms)
✔ Duplicate receipt要求同事务、exact replay幂等且identity冲突fail closed (3.3195ms)
✔ 旧BankBU月库重复open时幂等补齐TechDoc冻结receipt schema (4.230833ms)
✔ BankBU receipt要求同事务并冻结import/run side identity (3.508584ms)
✔ receipt payload验证拒绝Proxy/getter且不触发副作用 (0.4975ms)
✔ Duplicate import/run receipt writer故障与side mutation同事务回滚 (5.584792ms)
✔ main 用冻结 FilePlan settle exact artifact 后才把 artifactId handoff 送入 import worker (2.291083ms)
✔ VCC 四个 file action 统一走 FilePlan authority，三类输出以 receipt 结算全部 keys (2.6225ms)
✔ VCC calculate Task Run 建立失败时零 worker，成功时 exact5 贯穿并绑定 run identity (7.859583ms)
✔ VCC pre-critical cancel 终结原batch，protected等待业务终态，worker crash归为failed (5.153583ms)
✔ VCC no-file terminal 持久失败只登记原 Task Run owner outbox (0.313333ms)
✔ 真实 worker 强杀后按 taskRunId 恢复 partial records、成功输入和原 archive 血缘 (1221.924709ms)
✔ 活动引用按表集合聚合，null 忽略且 system-only 来源仍建立 hold 证据 (20.461166ms)
✔ ready artifact 精确绑定后清 fallback、建立不可绕过业务锁，删除有效行后自动释放 (22.504083ms)
✔ fallback-only 来源绑定后使用删除后引用数，不留下 stale hold (18.812ms)
✔ artifact SHA 不符时绑定失败且 fallback 保留 (18.826791ms)
✔ v1 source 的 exact artifactId 缺失或 owner 错误时不改绑相似 metadata artifact (38.755375ms)
✔ 业务提交 artifactId 后崩溃，启动先终结原 FileTask 再补 exact hold (186.226959ms)
✔ 异常明细只导出固定六列并保留前导零幂等键与差异字段 (33.69475ms)
✔ 多文件第二份失败在六列导出中保持精确文件归属 (12.088833ms)
✔ 部分成功与系统主体异常可导出，纯幂等跳过不生成逐行审计 (11.619792ms)
✔ 超过 Excel 单 sheet 行限时按同一固定表头稳定分 sheet (12.890209ms)
✔ 显式重建前 v1 历史异常仍按六列导出且不恢复逐行成功审计 (9.607375ms)
✔ 五类校验原表和校验表按固定表头导出当前有效数据 (97.932166ms)
✔ 系统财务OP原表和校验表仅以 balances_json 覆盖财务余额显示值 (15.462417ms)
✔ 数据行达到上限时自动续 sheet 且每张表重复原表头 (9.574709ms)
✔ 无数据、活动导入和损坏血缘均失败关闭，既有目标文件不被覆盖 (6.938375ms)
✔ 系统九币种血缘重复或 Pending 错币标记非 0/1 时拒绝导出 (5.459292ms)
✔ 系统财务OP canonical 余额缺失、重复、非法或与读取证据不一致时失败关闭 (4.855666ms)
✔ v2 校验原表从已核验 artifact 重建当前有效行 (76.99475ms)
✔ 历史普通 v1 / Pending v2 的 CNY/CNH 均按 stored version 从 ready 与 fallback 强校验导出 (100.859958ms)
✔ v2 历史血缘缺口生成不完整说明；零覆盖只生成说明 sheet (113.729583ms)
✔ v2 artifact SHA 或定位行内容不一致时整次失败且不覆盖目标 (117.241708ms)
✔ 已绑定 artifact 后续失败不得降级为历史部分导出 (50.337125ms)
✔ v1 detail 与 SYSTEM_OP 一旦有 source/artifact 绑定，failed artifact 均不得借 raw_json 降级 (4.379584ms)
✔ SYSTEM_OP 新导入待存档或存档失败时从临时 raw fallback 完整导出 (14.208417ms)
✔ SYSTEM_OP 绑定 ready artifact 后从核验文件重建，损坏文件整次失败 (32.577416ms)
✔ SYSTEM_OP success_with_skips 绑定 artifact 后仍导出已提交的有效主体 (18.612584ms)
✔ 二次确认后的覆盖范围变化必须在写文件前失败 (53.09675ms)
✔ E12-C topology/shard planner 只产生 deterministic 1/2 Writer 且 exact coverage (6.689084ms)
✔ E12-C shard reducer completion-order independent，并拒绝重复/遗漏/错 owner (0.824959ms)
✔ E12-C 真实 two child Writer 与 single Writer 金额/币种/Pending/style/order 等价 (424.169458ms)
✔ E12-C runtime CompoundLease admits two，Main full A/B/Join 后 Publisher exactly once (513.705166ms)
✔ E12-C 任一 shard crash 时 Main Publisher=0，并清理 exact task-private staging (70.257083ms)
✔ E12-C child crash/cancel/duplicate late terminal/非法 SafeError 全部 fail closed 且有界收口 (3.101ms)
✔ E12-C malformed/oversized/private/invalid child SafeError 均 allSettled、cleanup 且 Publisher=0 (49.946458ms)
✔ E12-C parent group 按真实时间冻结 ROOT_FIRST，后发 teardown 不覆盖且等待全组 (27.234542ms)
✔ 真实 FilePlan 预分配 → VCC handoff → settle → 混合工作簿导入，身份元数据保留且有效来源阻止永久删除 (103.682375ms)
▶ 已冻结 VCC 身份、版本、成员和完整字段集不可改写；FilePlan 身份键不可由成员补丁覆盖
  ✔ version (0.604834ms)
  ✔ task (0.30225ms)
  ✔ physical (0.286333ms)
  ✔ hash (0.265541ms)
  ✔ members (0.279458ms)
  ✔ missing (0.268042ms)
  ✔ alias (0.260708ms)
  ✔ snapshot (0.278834ms)
  ✔ expected (0.260917ms)
  ✔ size (0.229833ms)
✔ 已冻结 VCC 身份、版本、成员和完整字段集不可改写；FilePlan 身份键不可由成员补丁覆盖 (44.740583ms)
✔ 已持久但不完整的 VCC 成员清单不能在重放时被补齐 (39.917584ms)
✔ 多文件后一个成员冲突时回滚前一个新增清单，原 FilePlan metadata 不变 (51.562458ms)
✔ VCC 输出用 exact7 + N 产物发布并仅在 archive handoff 后确认 receipt (6.518916ms)
✔ VCC 正式目标 committed 后 archive handoff 失败保留 receipt 但不改写业务成功 (1.372833ms)
✔ result/data/audit 在 actual worker committed 后硬退出均由原 exact7 批次二启接管 (730.232292ms)
✔ E13-B VCC import audit worker 与 legacy workbook 语义 golden 等价，真实 Runtime 可执行 (304.018ms)
✔ E13-B VCC import audit 仅接受有异常的终态 record，deleted audit 仍可追溯 (10.933583ms)
✔ E13-B VCC import audit 的 record 或 anomaly 集合漂移均 fail closed (10.002417ms)
✔ E13-B VCC import audit 的持久 source lineage 损坏时不得降级为空来源 (9.317333ms)
✔ E13-B VCC import audit 的异常字段 JSON 损坏时不得静默导出空字段 (10.312125ms)
✔ E13-B VCC dataset worker 保留原 SQL、排序、Workbook 与 inspection golden (23.27725ms)
✔ E13-B VCC dataset 的来源重验与 legacy writer 共用一个 read transaction (14.867834ms)
✔ E13-B VCC managed export 只在三次 freshness 与回读验证后调用一次 Publisher (16.936334ms)
✔ E13-B VCC Worker 预启动取消不生成 artifact (10.386542ms)
✔ E13-B VCC dataset 在冻结后漂移时由 Worker fail closed 且不留 artifact (10.834958ms)
✔ E13-B VCC artifact 被篡改时 Publisher 不得执行 (15.265708ms)
✔ E13-B VCC Publisher 失败向上传播且不产生正式目标 (16.092667ms)
✔ E13-B VCC managed read-only export 复用模块全局串行租约 (9.230125ms)
✔ B-09 active month cache 按 generation 复用并在写任务释放后失效 (6.380208ms)
✔ B-10 Main 在 read worker 返回后复核 generation 与 active task identity (4.756667ms)
✔ B-11 结果导出初读和 runDirectTask 内二次重查都消费同一 B archive action (3.539334ms)
✔ B-07 unknown read action 在打开数据库前 allowlist 拒绝 (105.141667ms)
✔ B-08 真实 legacy fixture 在 read worker 中枚举/preview，SQL预算与主线程 lag 达标 (192.01225ms)
✔ B-12 真实 legacy fixture 的初读与导出租约内二次重查均可达 writer (171.500416ms)
✔ 结果写 claim 绑定 action/generation/进程内 identity，protected 标记先于 ACK (8.041125ms)
✔ 结果写 stale generation 与非法 action 均在创建 worker 前 fail-closed (3.870625ms)
✔ unarchive/delete 公共入口复用同一 dedicated worker 与 generation claim (7.102166ms)
✔ 真实导入和计算 → 同快照 E/A/P → 全主体 Sheet1 与关联原表；业务库只读且原件只扫描一次 (255.226125ms)
✔ 绑定原件被篡改时停止，不能使用残留 fallback 掩盖；输入 revision 改变拒绝旧快照 (79.868833ms)
✔ 全部主体经已保存调整归零只生成 Sheet1；调整引用跨主体偏移正确，再次产生差异会恢复对应附页 (130.123083ms)
✔ E/A/P 独立守恒：提取缺行、Writer 替换身份和最终 XLSX 金额/样式/附加页篡改均拒绝 (159.115916ms)
✔ 历史 Pending 48 列与当前 46 列分别附页，旧列值原样保留，不套用当前表头 (156.173334ms)
▶ Pending 的 CRLF、字面转义串及共享/内联文本按旧哈希核验并原值导出
  ✔ str (139.098458ms)
  ✔ shared (128.498542ms)
  ✔ inline (117.556667ms)
✔ Pending 的 CRLF、字面转义串及共享/内联文本按旧哈希核验并原值导出 (385.659375ms)
▶ Pending 富文本按原导入合同核验，空 run、注音和 CDATA 不改变导出原文或历史哈希
  ✔ trailing-selfclosing (117.636083ms)
  ✔ trailing-explicit-empty (116.986292ms)
  ✔ multiple-runs (121.591334ms)
  ✔ phonetic (122.873125ms)
  ✔ cdata (126.648333ms)
  ✔ cdata-entities (130.644417ms)
  ✔ comment (122.599167ms)
✔ Pending 富文本按原导入合同核验，空 run、注音和 CDATA 不改变导出原文或历史哈希 (859.7105ms)
✔ 系统 OP 布尔原值与公式缓存按导入类型核验，附页仍写入布尔单元格 (124.9655ms)
✔ 来源 ID 丢失时必须查导入审计的绑定证据，不能用系统 raw_json 绕过损坏原件 (82.464792ms)
✔ 日期类型系统 OP 的导入审计可用于待确认原表重建，保留原 ISO 值 (123.340625ms)
▶ 来源字段清空或来源记录被删除仍保留 artifact 证据时，拒绝历史降级
  ✔ cleared-binding (77.971ms)
  ✔ deleted-source (70.550583ms)
✔ 来源字段清空或来源记录被删除仍保留 artifact 证据时，拒绝历史降级 (148.868667ms)
✔ 真正未建立来源绑定的历史系统快照继续按审计和 raw_json 导出 (111.649875ms)
✔ IPC handler → Service → 两阶段真实 Worker → 原子保存；无业务 DML、不创建正式批次 (615.833875ms)
▶ 主体与系统 OP 显示值按导入合同核验，真实 IPC 导出保留原始值和格式
  ✔ 数值主体的前导零 (570.570166ms)
  ✔ CNH 与 CNY 是两个独立主体 (607.786792ms)
  ✔ 部门和币种使用显示值 (547.900458ms)
✔ 主体与系统 OP 显示值按导入合同核验，真实 IPC 导出保留原始值和格式 (1726.785709ms)
✔ 格式化主体可导出仍须核对原始数值，错误审计不能替换既有目标 (447.435708ms)
✔ 取消另存为不启动 Worker；保存期间修改结果会拦截旧 revision (72.150541ms)
✔ Worker 后结果过期或目标发生变化，不替换目标 (1636.494541ms)
✔ 取消、强制退出及服务关闭均等待 Worker 退出和清理，不执行导入恢复 (355.35575ms)
✔ 拒绝原始输入、受管目录和任意 renderer 输出路径 (240.239833ms)
✔ 取消后的清理失败必须显示错误与残留路径，不能返回已取消掩盖残留文件 (97.504291ms)
✔ v1 绑定原件的系统 OP 错误/错误公式缓存按旧空审计核验，附页输出原始错误码文本 (226.221167ms)
▶ v1 系统 OP 按旧显示主体匹配，保留数值格式和布尔原类型
  ✔ 000123 (141.919666ms)
  ✔ TRUE (129.493416ms)
✔ v1 系统 OP 按旧显示主体匹配，保留数值格式和布尔原类型 (271.803334ms)
▶ 旧错误兼容不放过非空审计或普通文本不符
  ✔ raw (90.316667ms)
  ✔ display (90.166209ms)
  ✔ ordinary-text (88.810625ms)
✔ 旧错误兼容不放过非空审计或普通文本不符 (269.69ms)
▶ 历史兼容仍拒绝主体、币种、部门、账期和余额错误，原件哈希损坏也失败
  ✔ 主体 (86.12575ms)
  ✔ 币种 (89.720208ms)
  ✔ 业务部门 (86.982667ms)
  ✔ 账单日期 (89.406375ms)
  ✔ 财务余额 (85.389416ms)
  ✔ hash (81.990625ms)
✔ 历史兼容仍拒绝主体、币种、部门、账期和余额错误，原件哈希损坏也失败 (520.224209ms)
✔ v2 系统 OP 原生错误按新审计严格核验，不能套用 v1 空审计兼容 (126.240083ms)
✔ VCC 真实 SST 落盘后 1100 条长中文原文准确提取，内存及字节缓存均受 64 MiB 约束 (15925.037917ms)
ℹ {"pendingRows":1100,"physicalFiles":1,"guardedBusinessTables":48,"independentConnectionGuardsVerified":true,"mode":"disk","count":1271,"memoryBudgetBytes":67108864,"cacheMaxBytes":67108864,"peakMemoryBytes":67051201,"peakCacheBytes":67049348,"cacheBytes":67040564,"cacheEntries":719,"utf16Bytes":44668588,"cacheCharge":67040564,"closed":true,"cacheCleared":true,"spillRemoved":true}
✔ 发布失败恢复旧目标；恢复失败保留两份文件并给出恢复路径 (15.545542ms)
✔ 最后 freshness 检查与 rename 不让出微任务；异步检查、候选或目标变化不能发布 (5.727875ms)
✔ 结果查询 token 直达 dedicated worker，调整后 refetch 并以新 token 归档 (484.645417ms)
✔ 真实 v3.1.7 legacy preview 经 Service claim 到 dedicated worker 解归档 (166.939459ms)
✔ 计算失败与 rolled_back 审计失败从 worker 到 IPC 保留主错误和审计上下文 (4.039833ms)
✔ 多主体导出部分发布错误把实际文件路径交给 lifecycle 归档 (0.084917ms)
✔ generic worker 不再承载 destructive route，dedicated worker 握手后才执行且零 migration (0.2945ms)
✔ 运行服务拒绝缺少或无效的预检 fingerprint，且不启动 worker (3.394459ms)
✔ calculate 仅透传允许字段且 renderer 不能伪造 worker 审计版本 (3.635875ms)
✔ VCC import 以 exact7 taskRunId 固定 batchId，拒绝 renderer 伪造和既有批次复用 (3.428291ms)
✔ 真实 worker 在建 batch 前拒绝同路径已归档 A 被替换为 B，全部业务表保持零写入 (263.412375ms)
✔ VCC import cooperative error 已带 partialResult 时不被空 DB 恢复覆盖 (3.997209ms)
✔ VCC import worker error 只从当前 taskRunId batch 恢复同形 partialResult (4.321291ms)
✔ Service 不再暴露逐行导入详情分页接口 (2.878375ms)
✔ 数据管理概览不再暴露独立期初余额审计卡片 (3.411041ms)
✔ 数据管理校验表返回独立生成时间 (3.373041ms)
✔ 删除有效明细后导入记录列表仍保留文件级状态与归档字段 (8.468833ms)
✔ 显式重建前导入记录 DTO 仍暴露 v1 历史异常的可导出数量 (3.729333ms)
✔ 生产 v2 删除 preview 经 dedicated worker 删除 source 与未归档结果 (162.451291ms)
✔ 数据管理有效表通过 worker 流式导出并返回工作簿元数据 (187.914209ms)
✔ v1 detail 与 SYSTEM_OP 的 bound source 均调用 Archive 实体核验，损坏时整次拒绝 (3.951167ms)
✔ 全局任务租约拒绝并发并仅在任务释放后推进 generation (3.670333ms)
✔ service 在创建破坏性 worker 前按 raw payload 拒绝空串和非法 generation (3.797417ms)
✔ 破坏性 worker 进入 critical-ready 后取消与退出只等待、不 terminate (3.840208ms)
✔ 破坏性 worker 在事务前可协作取消且不强杀 (3.997625ms)
✔ 窗口关闭先取消且 worker 停在未受保护 critical-ready 时，超时后可安全终止 (9.349792ms)
✔ 无调整的历史归档仍可导出，且直接结果导出持有同一租约 (531.395583ms)
✔ VCC 结果导出在 durable publication 确认后才触发提前附件结算 (100.816542ms)
✔ staging identity 摘要即使全为数字也保留 finance-safe 审计证据 (3.228458ms)
✔ E12-A 两 action canonical policy + E12-C exact dual topology、production false 且 validator 隔离 (0.864125ms)
✔ canonical FilePlan 与 legacy writer 仅接受 xlsx extension，csv 在 Worker 前 fail closed (44.466458ms)
✔ export-subjects 真单 Writer 按 subjectIndex 输出全集，与 legacy semantic golden 等价且 Publisher=1 (543.247625ms)
✔ export-single 复用 one-shot core 导出 exact-one 非首主体，与 legacy specialization 等价 (282.76575ms)
✔ Pending canonical merge projection 保留完整范围且与插入顺序无关 (0.716541ms)
✔ export-subjects topology 固定一个 Writer，result DTO 有界且不含主体/资金原始行 (394.946791ms)
✔ activeTask/taskGeneration B 变化时 fail closed 且 Publisher=0 (236.273209ms)
✔ run/revision/fingerprint/archive B authority 变化时 fail closed 且 Publisher=0 (229.065292ms)
✔ artifact hash/size TOCTOU 被 Main Join 阻断，Publisher=0 且 staging 清空 (41.397625ms)
✔ Main Join 后 generation 被替换时 wrapper 绑定 expected identity，Publisher=0 (252.122791ms)
✔ 自洽伪造 size/hash 的 workbook 业务篡改仍由 Main 深度回读阻断 (52.39525ms)
✔ Result raw ZIP no-op 仅重打包 sheet1.xml 时保持合法且 Publisher=1 (52.809792ms)
▶ raw XLSX/ExcelJS 自洽篡改 Result 文本类型、样式与完整页面布局仍在 Main Join 阻断
  ✔ C1 header style (22.561041ms)
  ✔ A2 subject merge master style (22.094917ms)
  ✔ C3 ordinary classification style (21.92575ms)
  ✔ M3 ordinary blank style (21.769375ms)
  ✔ N3 ordinary blank style (20.895958ms)
  ✔ row 3 hidden (24.200917ms)
  ✔ column C hidden (20.33975ms)
  ✔ result page orientation (21.303083ms)
  ✔ result page margin (20.230583ms)
  ✔ result header footer (20.628833ms)
  ✔ result sheet state (20.934292ms)
  ✔ pending row 2 hidden (25.878625ms)
  ✔ pending row 2 outline (25.745334ms)
  ✔ pending workbook sheet hidden (23.864792ms)
  ✔ pending header footer (25.792458ms)
  ✔ pending sheet properties (25.737125ms)
  ✔ pending injected merge H2:I2 (24.19275ms)
  ✔ result C1 formula cached text (21.851167ms)
  ✔ result A2 hyperlink text (19.576375ms)
  ✔ result B3 rich text (20.498667ms)
  ✔ result C3 shared formula cached text (18.886709ms)
✔ raw XLSX/ExcelJS 自洽篡改 Result 文本类型、样式与完整页面布局仍在 Main Join 阻断 (497.341625ms)
▶ Result merge follower raw cached formula 自洽篡改仍由 Main Join 阻断且 Publisher=0
  ✔ A3 subject follower formula (19.657708ms)
  ✔ C2 major/minor follower shared formula (19.214292ms)
✔ Result merge follower raw cached formula 自洽篡改仍由 Main Join 阻断且 Publisher=0 (62.728625ms)
✔ Publisher 失败不重试：调用恰一次，错误透传且 generation artifacts 清理 (248.979667ms)
✔ Publisher 人工恢复 preserve 保留全部 task-private 文件并合并有界 recoveryPaths (250.157667ms)
▶ Publisher committed 后 generation/task-dir cleanup 失败保留成功并返回有界 pending evidence
  ✔ generation rm EBUSY (250.393625ms)
  ✔ generation rm EPERM (255.718125ms)
  ✔ task dir rmdir EPERM (252.565875ms)
✔ Publisher committed 后 generation/task-dir cleanup 失败保留成功并返回有界 pending evidence (759.09125ms)
✔ Worker failure/cancel 及 transport crash 都保持 Publisher=0 并清理 task-private artifacts (30.731167ms)
✔ forced-shutdown 等价失败只清理 exact generation 与同源 UUID tmp，不递归删除未知文件 (23.647167ms)
✔ 真实 FS readdir EACCES 仅保留 exact task dir，恢复权限后同 cleanup owner 可清理并无碰撞重试 (24.818417ms)
✔ task staging 拒绝 shared-root symlink、非规范 escape 与 exact child reparse (23.261917ms)
▶ task dir post-create identity/collision 失败统一由既有 cleanup owner 收口
  ✔ post-create identity probe 一次失败后清掉精确自建目录且可重试 (21.740417ms)
  ✔ post-mkdir freeze 发生 replacement+EIO 时不从 lexical replacement 重取删除 authority (24.986ms)
  ✔ post-mkdir full freeze 持续 EACCES 时保留有界人工恢复证据且不静默永久 collision (22.003458ms)
  ✔ post-create identity failure 的 task-dir rmdir 失败返回有界证据且可恢复 (23.097167ms)
  ✔ post-create generation collision 删除成功不遗留 task dir (21.647459ms)
  ✔ post-create generation collision 删除失败返回有界恢复证据并阻断重试 (21.816667ms)
✔ task dir post-create identity/collision 失败统一由既有 cleanup owner 收口 (146.841416ms)
▶ cleanup 在 scan/delete/rmdir 前复核 frozen root/parent dev+ino，同路径 replacement 零触碰
  ✔ scan 后 delete 前替换为同路径真实目录，不删除 replacement generation (22.779542ms)
  ✔ scan 后 parent 换 inode但保留原 task inode，不删除 generation (20.666125ms)
  ✔ delete 后 rmdir 前替换为同路径真实目录，不删除 replacement task dir (21.779792ms)
✔ cleanup 在 scan/delete/rmdir 前复核 frozen root/parent dev+ino，同路径 replacement 零触碰 (70.792292ms)
✔ runtime 后 exact task dir 被换成 reparse 时 cleanup fail closed 且不删除外部同名文件 (21.822458ms)
✔ Main create 后 Worker 开始前 task-root replacement fail closed、Publisher=0 且不触碰外部文件 (23.314958ms)
✔ atomic handoff 前 task-root replacement fail closed、Publisher=0 且不删除外部同名 tmp (37.967ms)
✔ 冻结 task-root identity 支持普通 Windows-compatible Unicode/space 路径且成功零残留 (249.447542ms)
✔ 普通 pre-Publisher cleanup 部分失败只上报 exact task-private 已知残留并阻断碰撞重试 (27.241292ms)
✔ runtime 拒绝 DB/assets caller override，完成后 shutdown 无 transport/lease 残留 (20.66875ms)
✔ 迁移 worker 复用共享错误协议并保留 cause、context 与 detailLines (1.301291ms)
✔ worker 未经 ready/ack 直接返回候选库时 fail-closed (0.546542ms)
✔ 维护迁移先阻止新任务并等待活动任务，再暂停存档与本地维护 (21.831666ms)
✔ 候选构建失败保持数据库连接与旧文件，释放维护并保留明确错误 (12.902958ms)
✔ 候选 ready 后先关闭主库并保持 mutation 门禁，再 ack worker 释放源锁 (18.320125ms)
✔ updater lease 阻止 migration，migration 不得释放 updater 门禁 (0.899209ms)
✔ ready 后关闭主库失败会 abort worker、恢复旧库并释放 migration lease (21.561167ms)
✔ worker 在 ack 后崩溃时不进入原子切换，旧库保持并请求重启恢复 (17.172333ms)
✔ 普通 VCC 存储迁移入口移除但启动 journal recovery 保留，partial 导入和存档重放先建业务锁 (0.955042ms)
✔ copy-on-write 重建移除逐行 raw，只迁移真正异常且保持计数与结果身份 (80.17875ms)
✔ reset-only COW 清空全部 VCC 表并保留非 VCC、Archive 与自增高水位 (190.779959ms)
✔ reset-only 遇到 VCC artifact hold 时保持源库不变且不创建候选 (37.826ms)
✔ reset journal 在切换后发现候选仍有 VCC 行时自动恢复完整 v1 (151.305625ms)
✔ 旧版 rolled_back 文件级错误每个导入记录只迁移一条失败事件 (72.522208ms)
✔ checkpoint、空间或复制故障发生在切换前时旧库保持 v1 且候选被清理 (43.826917ms)
✔ 候选库与切换前新旧主文件必须显式 fsync 后才允许 rename (126.505166ms)
✔ 候选冻结复验完成后仍持有源 BEGIN IMMEDIATE，ack 前并发 mutation 被拒绝 (71.521625ms)
✔ 真实 worker ready/ack 协议在 coordinator ack 前保持源写锁 (118.961208ms)
✔ import record 六类计数公式不守恒时拒绝候选库且旧库不变 (50.151625ms)
✔ copy-on-write 保留已删除记录留下的 AUTOINCREMENT 高水位 (72.775ms)
✔ 历史来源仅在 flow identity、文件名、artifact、SHA 和大小唯一时绑定并建立 hold (68.683209ms)
✔ 历史 ready artifact 的物理 SHA 不一致时不得绑定或建立 hold (99.562333ms)
✔ 历史 artifact 在首次物理校验后变化时切换前再次校验并保留旧库 (113.830459ms)
✔ 历史来源存在同名多候选 artifact 时不猜测绑定且不建立 hold (73.769791ms)
✔ 显式重建保留升级后未归档 fallback，并为已验证 artifact 清 fallback 与建立 hold (65.520542ms)
✔ 原子切换先只读复验，再按用户选择保留旧库；pre-switch journal 可幂等回滚 (146.753833ms)
✔ switching 与 switched 崩溃窗口均按 journal 唯一恢复，重开失败则恢复旧库 (533.177333ms)
✔ 重开失败后先持久化回滚路径，候选移动后崩溃仍能恢复完整旧库 (125.853ms)
✔ 旧库已备份但候选仍在 target 时，回滚先接管候选再恢复旧库 (129.787167ms)
✔ switched journal 的活动候选复验失败时恢复完整 v1 备份 (118.951042ms)
✔ switching journal 的活动候选不可读时恢复完整 v1 备份 (112.356583ms)
✔ recovery 删除备份后先 fsync DB 目录，删除 journal 后 fsync journal 目录，done 可幂等补删 (126.481875ms)
✔ E12-B 三类 subject 查询都使用 (run_id,subject) range index (5.850916ms)
✔ subject API 与 full E12-A 目标投影完整等价，且 readCounts 不含非目标资金事实 (8.242458ms)
✔ 合法 balance-only subject 仍由局部 balances 建立主体，不触发全 run materialize (14.793833ms)
✔ Worker scoped authority + subject business digest 保持 E12-A authority 且不全读 finance facts (11.304458ms)
✔ archive 时间可与 run 跨秒，subjectIndex 严格沿用 Main UTF-16 排序 (7.342167ms)
✔ bounded archive metadata 拒绝重复/错 digest，并由 scoped A/B 绑定未分配主体漂移 (6.239667ms)
✔ 固定目标主体增加大量非目标 adjustments 后 read count 不变且 latency 不线性增长 (52.479666ms)
✔ 真实文件 DB 的 executeVccExportWriter 端到端走 scoped A/B 与 businessDigest (108.655666ms)
✔ 真实 v3.1.7 four-dataset migrate 后 null fingerprint 可经 Main authority 与 Writer 出 artifact (32.460625ms)
✔ unknown write action 在 critical-ready 与开库前拒绝 (79.215166ms)
✔ critical-ready 前 cancel 不开库并返回 operation-cancelled (73.994333ms)
✔ critical ack 后新 worker 零 migration，缺 schema fail-closed (75.026583ms)
✔ operationContext 缺失或字段不全均拒绝，完整值沿用 exact-5 refreeze 合同 (223.356792ms)
✔ effective DTO 行模型保留基础/调整相邻顺序并使用生效汇总 (1.411667ms)
✔ 导出每个主体一个双 Sheet 工作簿并保留固定表头与 Pending J:K (77.444791ms)
✔ 调整行、effective 汇总、AUD/CAD fill 和 named-range 血缘可回读 (30.018292ms)
✔ 500 字 Unicode 调整原因仅提高调整行行高并在重开后保持可验证 (22.618833ms)
✔ 调整原因 ST_Xstring 字面量与真实 CRLF 经 semantic writer 单次编码后严格往返 (21.292375ms)
✔ staged validator 拒绝调整目标格、M/N 结构或覆盖样式漂移 (90.23575ms)
✔ 调整血缘拒绝多引用、跨表、区域引用、额外标记和大小写重复 (0.433125ms)
✔ 同一基础 rowKey 的多币种调整各有唯一可逆血缘 (0.110833ms)
✔ 结果模板缺失或 hash 漂移时不覆盖既有目标且不创建暂存/备份文件 (7.571584ms)
✔ 超过 Excel 15 位有效数字时拒绝静默丢失金额精度 (0.153834ms)
✔ 多主体文件名清洗冲突时生成不同输出路径 (23.628667ms)
✔ 多主体后续写入失败时错误携带已发布文件供原任务批次登记 (8.568666ms)
✔ durable publication 模式只写 generation 目录并返回 N 个正式目标 (9.110792ms)
✔ 自动命名导出不会覆盖目录中已有同名文件 (15.839166ms)
✔ 临时工作簿校验失败时保留用户原有目标文件并清理暂存文件 (0.925334ms)
✔ 发布前数据库收口失败时不替换已有文件并清理暂存文件 (0.835292ms)
▶ VCC Parser Core v1
  ✔ 固定 input/result，复用资金口径并把 errorRows 截断到 maxErrors (2.156708ms)
  ✔ 解析后 source snapshot 漂移即丢弃 unit (0.318625ms)
  ✔ 解析前 source snapshot 已变化时不调用 reader (0.112ms)
  ✔ 单行金额超出安全整数分范围按业务错误拒绝，不产生 unsafe aggregate (0.2525ms)
✔ VCC Parser Core v1 (3.437125ms)
▶ VCC Ordered Reducer
  ✔ 乱序只缓存，按 fileIndex 连续消费且 perFile/金额/行数无重无漏 (1.3895ms)
  ✔ inputEvidenceHash 同一有序输入稳定，调换文件顺序必变化 (0.25875ms)
  ✔ duplicate 与 missing fileIndex 都 fail closed (0.390417ms)
  ✔ source snapshot drift、unsafe amount、semantic hash mismatch 分别拒绝 (0.30975ms)
  ✔ 多文件错误按 input order 全局截断；errorCount 保留全量且不产生 snapshot (0.425542ms)
  ✔ 跨月错误沿用 legacy 分类并在 capped row samples 后追加 (0.3545ms)
✔ VCC Ordered Reducer (3.269167ms)
▶ VCC Parser Pipeline
  ✔ requested=4 仍以机器断言锁死 effective=1，逐文件执行后才 finalize (3.919541ms)
  ✔ 显式请求 effective>1 稳定拒绝，不可绕过 E03-A gate (0.196917ms)
  ✔ cancel 中止 active unit，pipeline 不返回任何 candidate snapshot (0.224667ms)
  ✔ unit crash 立即终止整批，后续文件不执行 (0.120417ms)
  ✔ 真实 Worker adapter 区分 spawn failure 与 crash (0.629791ms)
  ✔ Worker adapter 等待 terminate 完成后才 settle，避免下一 unit 短暂重叠 (0.207833ms)
✔ VCC Parser Pipeline (5.401084ms)
▶ VCC session Compute Snapshot adoption
  ✔ scan success 只在 pipeline 全完成后采用 immutable snapshot，Renderer DTO 不暴露 evidence/path (0.251833ms)
  ✔ 旧 scan 迟到不能覆盖新 generation 已采用的 snapshot (0.144292ms)
  ✔ 新 Parser scan 立即 abort 旧 signal，旧调用保持 superseded 且新 snapshot 正常采用 (0.188667ms)
  ✔ 旧 scan finally 不清除新 controller；clearCache 与调用方 signal 分别保持取消语义 (0.128209ms)
  ✔ 新 scan 的业务拒绝、crash/cancel、clearCache 都先清除旧 snapshot (0.159166ms)
✔ VCC session Compute Snapshot adoption (0.915875ms)
✔ migration 对旧 VCC DB 加法升级，FK 指向真实 run 表且可重复启动 (85.017208ms)
✔ 3.2.0 TechDoc Receipt FK 使用真实物理 run 表名 (0.354333ms)
✔ save 只接受 exact Main Task owner，缺失或 Renderer 式扩展字段均 fail closed (0.843125ms)
✔ run/files/receipt 同事务 golden 保留资金口径，receipt 不泄露 snapshot 或路径 (1.488958ms)
✔ receipt INSERT 失败会回滚 run 和全部资金明细 (0.490209ms)
✔ fault after-begin 在 COMMIT 前完整回滚 (0.262917ms)
✔ fault after-run-insert 在 COMMIT 前完整回滚 (0.343208ms)
✔ fault before-receipt-insert 在 COMMIT 前完整回滚 (0.36725ms)
✔ fault after-receipt-insert 在 COMMIT 前完整回滚 (0.393833ms)
✔ 同 operation 重启 replay 返回相同 runId 且 exactly-one run/receipt (2.439667ms)
▶ 同 operation 的 hash/task/month/fileCount/opening balance 冲突全部 unknown，且不新增资金行
  ✔ snapshot-hash (0.704541ms)
  ✔ task-run-id (0.597292ms)
  ✔ year-month (0.506125ms)
  ✔ file-count (0.556917ms)
  ✔ begin-op (0.648125ms)
✔ 同 operation 的 hash/task/month/fileCount/opening balance 冲突全部 unknown，且不新增资金行 (3.347542ms)
✔ 无 receipt 时不按同月旧 run 猜测，Inspector 返回 exact not-committed 且只读 (1.302416ms)
▶ Inspector 仅在 receipt/run/files/hash/task/month/fileCount/opening balance 全一致时 committed
  ✔ task (0.266625ms)
  ✔ hash (0.216542ms)
  ✔ month (0.19275ms)
  ✔ file-count (0.215542ms)
  ✔ begin-op (0.198167ms)
✔ Inspector 仅在 receipt/run/files/hash/task/month/fileCount/opening balance 全一致时 committed (1.995209ms)
▶ receipt 孤儿、同 run 多 receipt、缺文件和金额破坏均 fail closed 为 unknown
  ✔ orphan-receipt (0.590791ms)
  ✔ multiple-receipts-for-run (0.576542ms)
  ✔ missing-run-file (0.518375ms)
  ✔ amount-corruption (0.498167ms)
✔ receipt 孤儿、同 run 多 receipt、缺文件和金额破坏均 fail closed 为 unknown (2.318333ms)
✔ COMMIT 后响应丢失：新连接 Inspector 查到同一 runId，随后重放不再插入 (2.524042ms)
✔ 事务中 Worker 硬退出由 SQLite 回滚；新连接 Inspector 为 not-committed (35.333333ms)
✔ 两个真实 SQLite 连接并发同 operation exactly-one run + receipt (37.584417ms)
✔ canonical snapshot hash 跨 key insertion order 稳定且内容变化可辨识 (0.570625ms)
✔ Inspector factory 可通过 registry exact key freeze，但不要求产品 startup 注册 (0.796166ms)
✔ 底层 evidence API 对完整 commit 与 no-receipt 使用相同严格 identity (0.590792ms)
▶ VCC session — 金额精度 helper（整数分 🔴）
  ✔ parseAmountToCents：整数分 + 浮点尾差吸收 + 千分位 + 负数 (0.953625ms)
  ✔ centsToAmountString：除回 2 位小数（含负号） (0.059209ms)
✔ VCC session — 金额精度 helper（整数分 🔴） (1.527916ms)
▶ VCC session — extractYearMonth（定月口径）
  ✔ 各格式定月 + 非法返 null (0.173917ms)
✔ VCC session — extractYearMonth（定月口径） (0.216667ms)
▶ VCC session — computeAmounts（发生额 / 混币种全量 🔴）
  ✔ 发生额入/出/总额（整数分，总额=入−出） (0.257709ms)
  ✔ 0.1+0.2 浮点坑：整数分相加 = 0.30（不漂移） (0.070625ms)
  ✔ 混币种全量合并（不分币种相加）+ currency 多币种列表 (0.058375ms)
  ✔ 单币种 → currency 存该币种 (0.054ms)
  ✔ 空对账金额计 0（不报错） (0.062709ms)
  ✔ perFile 逐文件明细（含跨文件汇总） (0.070541ms)
✔ VCC session — computeAmounts（发生额 / 混币种全量 🔴） (0.711542ms)
▶ VCC session — scan 整批拒绝（资金红线 🔴 不静默跳过）
  ✔ 非法 direction → 整批拒绝 (0.147875ms)
  ✔ 非数值金额 → 整批拒绝 (0.044708ms)
  ✔ 空账单日期 → 整批拒绝 (0.0555ms)
  ✔ 多月份混杂 → 整批拒绝 (0.048584ms)
  ✔ 空数据 → 拒绝 (0.036666ms)
  ✔ 全合法单月 → ok (0.049ms)
✔ VCC session — scan 整批拒绝（资金红线 🔴 不静默跳过） (0.4725ms)
▶ VCC session — saveRun 落库（期末OP=期初+发生额 🔴 + 查询）
  ✔ saveRun → endOp=期初+发生额、落表A/B、getMonthResult 查询一致 (1.694208ms)
  ✔ saveRun：期初OP 空/非数值 → 抛错（资金红线必填） (1.064667ms)
  ✔ saveRun 既有 partial explicit seam 仍从 adopted snapshot 补齐其余字段 (0.532458ms)
✔ VCC session — saveRun 落库（期末OP=期初+发生额 🔴 + 查询） (3.345875ms)
▶ streamScanAndCompute（流式聚合，资金红线🔴）
  ✔ 正常聚合：入/出/小数精度/混币种全量 (25.706916ms)
  ✔ 空对账金额行 → 计 0（不报错，spec Q5） (5.383792ms)
  ✔ 非法出入方向 → 整批拒绝 + errorRows（不静默跳过） (4.899833ms)
  ✔ 非数值对账金额 → 整批拒绝 (4.239375ms)
  ✔ 一次导入多月份混杂 → 整批拒绝 (4.577458ms)
  ✔ onProgress 回调被触发（收尾至少一次） (3.939958ms)
  ✔ 多文件同月聚合 + perFile 明细 (7.798458ms)
  ✔ E03-A 真实 Parser Worker/Pipeline 与 legacy 逐字段等价，成功返回前已采用冻结 snapshot (83.647792ms)
  ✔ E03-A 真实 Parser Worker/Pipeline 与 legacy 错误顺序、分类和拒绝结果等价 (40.068958ms)
  ✔ 保存缓存：streamScanAndCompute 成功后 getComputeCache 可取（供 saveRun） (4.282584ms)
  ✔ 多 sheet：跳过透视 Sheet1，定位 FLOW 数据 sheet（资金红线🔴 防读错 sheet） (3.838792ms)
  ✔ 所有 sheet 表头均不匹配 → 抛"未找到流水数据表" (3.047958ms)
  ✔ 表头超出 28 列（尾部多余列）→ 拒绝（Minor② codex review，对齐同步 SheetJS 严格性） (3.569708ms)
✔ streamScanAndCompute（流式聚合，资金红线🔴） (195.936125ms)
✔ worker entry helper 拒绝 structured clone 夹带字段，并重建 exact-7 冻结 DTO (1.445666ms)
✔ Pending 留底真实 child worker 接收 batchContext 后仍完成原有导出 (78.184834ms)
✔ 生产退出等待完整存档排空；重复调用复用同一清理且不提前报成功 (3.385708ms)
✔ runtime clean 之后清理失败，保留原错误并恢复 runtime、释放 gate 后允许重试 (0.765917ms)
✔ runtime 关闭失败时不误调用 resume，仍释放本次 gate 并传播原错误 (0.367208ms)
✔ 升级退出失败只释放持有的 updater token；非法 token 不开始清理 (0.39575ms)
▶ Electron single-instance guard
  ✔ normal app startup acquires a process-wide lock before whenReady (0.696208ms)
  ✔ second instance restores and focuses the existing main window (2.95675ms)
  ✔ isolated preview and startup measurement may bypass the production lock (0.164834ms)
✔ Electron single-instance guard (4.398291ms)
✔ 真实 startup seam 完成 DB→IPC 后才建窗并等待 ready-to-show (150.485834ms)
✔ binding exact require 是首个可执行 statement，真实 loader 执行完整允许前缀 (294.164875ms)
✔ 失败销毁隐藏窗口后只走 native failure，activate/second-instance 不旁路屏障 (0.780084ms)
✔ startup-total 覆盖 usage 尝试，但 usage 初始化仍 warning + default 非阻塞降级 (58.121417ms)
✔ 两阶段 init API 与 loading 合同已从产品全链删除 (2.255125ms)
✔ SQLite 使用 exact optimize 且产品数据库初始化无无参数 ANALYZE (0.172042ms)
✔ 主初始化不重复执行 VCC gate，Archive post-outbox hook 是唯一启动入口 (0.545125ms)
▶ I-R2-1 — matchRemoval 抛错路径返回可区分失败标记 (main.js)
  ✔ catch 块返回 removalMatchResult = { error: true }（不沿用 null） (0.677542ms)
  ✔ removalMatchResult 初值仍为 null（countByMonth=0 无数据态保持 null，与 error 态区分） (0.352542ms)
  ✔ handler 仍把 removalMatch 透传给 renderer（status:success 路径） (0.136917ms)
✔ I-R2-1 — matchRemoval 抛错路径返回可区分失败标记 (main.js) (1.795ms)
▶ I-R2-1 — buildRemovalMatchSummary 三分支区分 (renderer-pending.js)
  ✔ error 态（{ error: true }）→「移除核对执行异常，请查看活动日志」 (0.107792ms)
  ✔ 正常对象态 → 三态摘要「已匹配 N / missing 未匹配 M / 移除未匹配 K」 (0.0485ms)
  ✔ null 态（无数据）→「无移除归档数据，未执行移除核对」（保持原文案） (0.036917ms)
  ✔ error 文案 ≠ 无数据文案（两态不得混淆） (0.055791ms)
✔ I-R2-1 — buildRemovalMatchSummary 三分支区分 (renderer-pending.js) (0.347666ms)
▶ app:report-log handler — 默认字段填充
  ✔ 完整 payload：透传所有字段不丢失 (0.9865ms)
  ✔ level 缺省 → info 兜底 (0.051042ms)
  ✔ source 缺省 → renderer 兜底（spec §15.4） (0.042625ms)
  ✔ details 缺省 → [] 兜底 (0.04525ms)
  ✔ details 非数组类型 → [] 兜底（防 renderer 传 string） (0.049167ms)
  ✔ domain 缺省 → undefined（logger 内部再用 unknown 兜底） (0.040708ms)
✔ app:report-log handler — 默认字段填充 (1.8145ms)
▶ app:report-log handler — 异常 graceful
  ✔ payload = null → 不抛错 (0.159667ms)
  ✔ payload = undefined → 不抛错（caller 漏传场景） (0.109917ms)
  ✔ payload 非对象（如 string）→ 不抛错 (0.09925ms)
  ✔ appendActivityLogEntry 内部抛错 → handler 吞掉不向 renderer 抛（单向通道） (0.096375ms)
✔ app:report-log handler — 异常 graceful (0.623709ms)
▶ preload reportLog API 形态契约
  ✔ reportLog 应为 ipcRenderer.send 单向通道（不返回 Promise） (0.097584ms)
✔ preload reportLog API 形态契约 (0.133583ms)
▶ 需求3 进度契约：renderer formatBankStatementRunProgress 形态
  ✔ formatBankStatementRunProgress 存在且同时识别 ev.stage 与 ev.round 两类事件 (0.409209ms)
✔ 需求3 进度契约：renderer formatBankStatementRunProgress 形态 (0.941083ms)
▶ 需求3 进度契约：编排器 emit 的每个 round 在 renderer 都有文案（跨文件）
  ✔ 编排器 yieldTick 轮次集合非空且每个都命中 renderer ROUND_LABELS (0.174875ms)
✔ 需求3 进度契约：编排器 emit 的每个 round 在 renderer 都有文案（跨文件） (0.219ms)
▶ 需求3 进度契约：handler emit 的每个 stage 在 renderer 都有文案（跨文件）
  ✔ handler yieldRun 阶段集合非空且每个都命中 renderer STAGE_LABELS (0.413167ms)
✔ 需求3 进度契约：handler emit 的每个 stage 在 renderer 都有文案（跨文件） (0.460125ms)
▶ 需求3 进度契约：run:progress 通道名三处一致（main send ↔ preload on/removeListener）
  ✔ main.js 内联 forwarder 发到 bank-statement:run:progress (0.106875ms)
  ✔ preload 在同名通道 on + removeListener，并暴露 bankStatement.onRunProgress (0.064666ms)
  ✔ renderer 经 desktopApi.bankStatement.onRunProgress 订阅并喂给格式化器 (0.061458ms)
✔ 需求3 进度契约：run:progress 通道名三处一致（main send ↔ preload on/removeListener） (0.611667ms)
✔ 历史存档待检查时业务可用，可连续检查并保留本次检查反馈 (4.034916ms)
✔ 真正未决的恢复仍阻止业务，并保留重试恢复入口 (0.815333ms)
✔ 一次存档检查未完成时重复点击不会启动第二次 (0.735625ms)
✔ 继续检查发现新的真正未决时立即禁用业务并保留错误提示 (0.994584ms)
✔ 旧版状态未返回待检查字段时保持原有入口行为 (0.496292ms)
✔ 模块尚未激活时不能继续检查或操作业务 (0.661625ms)
▶ isGatewayBillReady — 行为（v3.0.0 需求2b：判据改向链接表 gateway-bill rowCount）
  ✔ status=ok 且 rowCount>0（5）→ true (1.114666ms)
  ✔ status=ok 但 rowCount=0 → false（链接表空 = 未就绪 = 仍提醒） (0.086ms)
  ✔ rowCount 缺失 / null / NaN / 字符串 "5" → 一律 false（Number.isFinite 严格） (0.414375ms)
  ✔ status=failed（即便带 rowCount>0）→ false（非 ok 一律未就绪） (0.082625ms)
  ✔ 返回 null / undefined / 空对象 → false（短路保护） (0.101583ms)
  ✔ IPC reject（throw）→ catch 返回 false（保守防漏对账） (0.1445ms)
✔ isGatewayBillReady — 行为（v3.0.0 需求2b：判据改向链接表 gateway-bill rowCount） (2.544291ms)
▶ isGatewayBillReady — 源码护栏（判据严格性 / catch 兜底 / 旧 session 死路径已弃用）
  ✔ ① C3 就绪门控不再依赖旧 gatewayReconSession（无 `if (state.gatewayReconSession) return`） (0.16175ms)
  ✔ ② isGatewayBillReady 存在且查链接表 gateway-bill (0.111125ms)
  ✔ ③ 判据严格：status===ok && Number.isFinite(r.rowCount) && r.rowCount > 0 (0.053791ms)
  ✔ ④ 异常按未就绪：catch 内 return false (0.106625ms)
  ✔ ⑤ 两处门控均经 isGatewayBillReady()（import 提醒 return / 运行点提醒 return false） (0.044625ms)
  ✔ ⑥ c3CandidateCount 数据侧预检保留（两处门控都仍判候选行） (0.047417ms)
✔ isGatewayBillReady — 源码护栏（判据严格性 / catch 兜底 / 旧 session 死路径已弃用） (0.655334ms)
▶ C3 提醒文案改向链接表（v3.0.0 需求2b）
  ✔ ⑦ 新文案存在：import 提醒指向「链接表管理」导入网关对账单 (0.0645ms)
  ✔ ⑦ 新文案存在：运行点提醒指向「网关对账单（链接表）」 (0.0265ms)
  ✔ ⑦ 旧文案「资金对账不平结果表」已从 C3 两处提醒移除 (0.031666ms)
✔ C3 提醒文案改向链接表（v3.0.0 需求2b） (0.164167ms)
▶ C3 导入动作改调链接表（v3.0.0 需求2b：onConfirm 链路）
  ✔ ⑧ 两处 onConfirm 均经 importLinked 调 linkedTable.import、消费失败并刷新状态 (0.112542ms)
  ✔ ⑧ onConfirm 不再调死链 handleBankStatementImportGatewayRecon（剥离注释后判，注释里提名不算） (0.049083ms)
✔ C3 导入动作改调链接表（v3.0.0 需求2b：onConfirm 链路） (0.187125ms)
▶ Main 死链兼容保留，Renderer 移植后不再暴露无调用旧函数
  ✔ ⑨ Renderer 当前控制器不绑定废弃导入函数，Main 兼容入口继续保留 (0.041666ms)
  ✔ ⑨ main.js 仍保留死链 gateway-recon:import handler 与 gatewayReconSession 变量 (0.13175ms)
✔ Main 死链兼容保留，Renderer 移植后不再暴露无调用旧函数 (0.207083ms)
▶ preload + main 链路（v3.0.0 需求2b：linked-table:row-count）
  ✔ ⑩ preload 暴露 linkedTable.rowCount → invoke("linked-table:row-count", tableKey) (0.084541ms)
  ✔ ⑩ main.js linked-table:row-count handler 调 getLinkedTableMeta (0.186083ms)
  ✔ ⑩ main.js row-count handler 未初始化 / 异常 → 返回 status: failed (0.17275ms)
✔ preload + main 链路（v3.0.0 需求2b：linked-table:row-count） (0.473958ms)
▶ P2-3：账户映射弹窗加载守卫（禁用『完成』防 save([]) 清空）
  ✔ ① 初始禁用：setDoneEnabled(false) 同步先于异步 list()，setter 用原生 disabled (0.473958ms)
  ✔ ② 成功路：status===success（含空数组）→ loadMappings + loaded=true + setDoneEnabled(true) (0.120083ms)
  ✔ ③ 失败路：catch→result=null，非 success 分支 showNestedAlert 提示且不启用「完成」 (0.153167ms)
  ✔ ④ 防御纵深：done click handler 开头 if (!loaded) return (0.1145ms)
  ✔ ⑤ 合法空不误伤：成功分支无 result.mappings.length 门槛（空数组同样启用、可有意存空） (0.056166ms)
  ✔ 回归：旧「静默留空表」实现已移除 (0.056708ms)
✔ P2-3：账户映射弹窗加载守卫（禁用『完成』防 save([]) 清空） (1.606625ms)
▶ v3.1.1 canonical owner UI 身份与旧冲突处置
  ✔ UI canonical 谓词同时检查 category/isBuiltin/funcCategory/subCategory (0.452083ms)
  ✔ 旧非内置保留签名显示“非系统冲突场景”与“删除冲突”，不进入管理页 (0.124708ms)
  ✔ 列表渲染前会为全部 builtin-fixed 行补齐 config，冲突判定不依赖简表缺失字段 (0.128833ms)
✔ v3.1.1 canonical owner UI 身份与旧冲突处置 (1.321083ms)
▶ v3.1.1 调拨回填功能管理
  ✔ canonical owner 使用新标题、隐藏适用渠道控件，并显示日期控件 (0.128167ms)
  ✔ 调拨单匹配日期与优先级共用一行，日期在左、优先级在右 (0.308ms)
  ✔ 日期开关默认 true；关闭仅禁用输入框、不清空原值 (0.173167ms)
  ✔ 保存前校验 1–999 整数，完整 config 浅合并写回日期/中台来源/Payment 子配置 (0.160917ms)
  ✔ canonical owner 保存不调用渠道写入；非 owner 才 setApplicableChannels (0.106584ms)
✔ v3.1.1 调拨回填功能管理 (1.001167ms)
▶ F1：Payment 勾选行 + 条件展开三输入框
  ✔ HTML 含勾选行「Payment线下调拨订单回填处理」与三组输入框（银行渠道/地区/大账号） (0.4225ms)
  ✔ 输入框不预填生产值，仅 placeholder 示例（含顿号分隔的多账号） (0.058375ms)
  ✔ gating：仅完整 canonical fund-transfer owner 显示 payment 控件 (0.162583ms)
  ✔ 显隐联动：勾选/取消展开区显隐（取消勾选保留输入值，不清空 input.value） (0.1715ms)
  ✔ 校验：勾选时三项全必填，inline 校验不关弹窗（return 无 reopen/createAlertDialog） (0.140208ms)
✔ F1：Payment 勾选行 + 条件展开三输入框 (1.503ms)
▶ F2：config 读-改-写浅合并保存 + 加载守卫
  ✔ 加载完成前禁用保存（saveButton.disabled = true → 加载后 false） (0.199792ms)
  ✔ cachedConfig 缓存自 scenarios.get 返回的完整 config（保存浅合并基底） (0.100375ms)
  ✔ 浅合并：update 的 config 以 cachedConfig 为基底展开，仅覆盖 reconSourceMid/paymentOfflineBackfill（不丢 seed 字段） (0.208959ms)
  ✔ 多账号使用共享严格解析器，格式错误 inline 提示并禁止保存 (0.094209ms)
  ✔ 非 payment 场景维持原行为：update 不携带 config（仅 priority） (0.182416ms)
✔ F2：config 读-改-写浅合并保存 + 加载守卫 (0.890792ms)
▶ T6：对账数据来源二选一勾选行（reconSourceMid）
  ✔ HTML 含勾选行「对账数据来源为中台调拨单表」与勾选框 data-field=recon-source-mid (0.08ms)
  ✔ gating：仅 fund-transfer-backfill 场景显示（与 payment 行同 gating，默认 hidden） (0.71175ms)
  ✔ 默认勾选：加载时 checked = cachedConfig.reconSourceMid !== false（老库无字段→勾选） (0.1815ms)
  ✔ Payment 开启时自动勾选并锁定来源，关闭后解除锁定且保留勾选值 (0.114333ms)
  ✔ 保存：Payment 开启时强制 reconSourceMid=true，否则取复选框值 (0.2085ms)
✔ T6：对账数据来源二选一勾选行（reconSourceMid） (1.427209ms)
▶ 退款流水号模糊匹配场景配置
  ✔ 仅退款场景显示左下角勾选框，老配置默认不勾选 (0.500167ms)
  ✔ 保存时基于完整 config 浅合并，仅覆盖退款开关 (0.178125ms)
  ✔ 非退款场景不写该配置，Payment 既有浅合并分支保留 (0.055708ms)
✔ 退款流水号模糊匹配场景配置 (1.258625ms)
▶ P2-2：新建 ReconID 场景固定 channel_id=1
  ✔ create 路径用 isReconIdFixCategory 选 channelId（ReconID → 1，否则沿用 activeScenarioChannelId） (0.591333ms)
  ✔ scenarios.create 的 channelId 入参用 createChannelId（不再直接用 activeChannelId 局部变量） (0.097417ms)
✔ P2-2：新建 ReconID 场景固定 channel_id=1 (1.199375ms)
▶ P2-3：场景管理弹窗 builtin-fixed 置顶（与 run 路径 displayIndex 对齐）
  ✔ manager refreshTable 仍把 builtin-fixed sort 到首位（displayIndex=1） (0.126583ms)
✔ P2-3：场景管理弹窗 builtin-fixed 置顶（与 run 路径 displayIndex 对齐） (0.207375ms)
▶ W6-A：退役自带 C3（仅前端过滤隐藏，零 migration 改动；用户自建 C3 保留）
  ✔ refreshTable 渲染前只过滤「自带 C3」（gateway-recon-join 且 isBuiltin），用户自建 C3 不过滤 (0.5315ms)
  ✔ 过滤发生在补 config / 白名单 / 渠道过滤之前（用 scenariosRaw → scenarios 命名） (0.120333ms)
  ✔ 不触碰后端：本前端改动不引入 migrations / 引擎 / dispatcher 改动（注释明确可回滚红线） (0.11075ms)
✔ W6-A：退役自带 C3（仅前端过滤隐藏，零 migration 改动；用户自建 C3 保留） (1.321917ms)
▶ W6-B：两大功能分组（组名复用 FUNC_CATEGORY_LABELS）
  ✔ 定义 SCENARIO_GROUP_DEFS：资金性质校验组含 fund-nature-check + dbs-charge-fund-check (0.157458ms)
  ✔ 中台订单数据处理组 = platform-order (0.094834ms)
  ✔ 组名复用 FUNC_CATEGORY_LABELS（避免硬编码漂移） (0.054959ms)
  ✔ getScenarioGroupKey：无 funcCategory（含 C1/C2/无 funcCategory 的 builtin-fixed）→ null（扁平） (0.094125ms)
✔ W6-B：两大功能分组（组名复用 FUNC_CATEGORY_LABELS） (0.50225ms)
▶ W6-C：三角折叠 + 默认收纳
  ✔ 两组默认 collapsed：collapsedGroups 初始含全部分组 key (0.090583ms)
  ✔ 分组标题行带 ▶/▼ 三角 + data-action="toggle-group" (0.065834ms)
  ✔ 分组标题行 colspan 跟随可见列数（checkbox+id+category+name+actions 基础 5 列 + 优先级/启用） (0.07175ms)
  ✔ 子场景行标记 data-group + scenario-group-row，初始折叠态加 .collapsed (0.085917ms)
  ✔ refreshTable 分组渲染：扁平场景先渲染，再每组插标题 + 子行；空组不渲标题 (0.400042ms)
  ✔ 🔴 N3-1 红线：序号列用 scenario.displayIndex（派发口径），不用分组重排位置序数 (0.118459ms)
  ✔ toggleScenarioGroup：翻转 collapsedGroups + 子行 .collapsed + 三角字符 (0.044375ms)
  ✔ tbody click 委托优先处理 toggle-group（先于 row-action 行操作） (0.060458ms)
✔ W6-C：三角折叠 + 默认收纳 (1.080625ms)
▶ 工具箱工厂的实际导出与调用边界
  ✔ 工厂只接入 scoped API、modalBridge 和明确 UI 服务，保留三个兼容入口 (0.529375ms)
  ✔ 迁移后只有宿主挂载弹窗，领域工厂不写 modalRoot 或通过原生 alert 反馈 (0.164708ms)
  ✔ 经典脚本加载顺序满足宿主、桥接、工具箱工厂、旧兼容门面、装配入口 (0.208584ms)
✔ 工具箱工厂的实际导出与调用边界 (1.426416ms)
▶ 工具箱既有可见结构与可访问性
  ✔ 状态框保留 aria-live、纯文字等待提示和合并/拆分双入口 (0.127292ms)
  ✔ 值多选保留浮动勾选面板，按行与多文件入口存在 (0.068792ms)
✔ 工具箱既有可见结构与可访问性 (0.255959ms)
▶ T7 入口按钮与 preview 注册（renderer 侧静态校验）
  ✔ index.html 有 #toolboxBtn（🧰）按钮 (0.065584ms)
  ✔ renderer.js 绑定 toolboxBtn click → 宿主预检后构建工具箱 (0.104166ms)
  ✔ renderer.js preview dispatch 含 toolbox / toolbox-split-field-picker 两分支 (0.077083ms)
✔ T7 入口按钮与 preview 注册（renderer 侧静态校验） (0.338917ms)
▶ v3.1.13 工具箱状态框布局合同
  ✔ 状态框宽度严格为 2 × 72px 标签宽度，并跨两行 (0.177708ms)
  ✔ 状态框与两枚 36px 导入按钮共享两条 36px grid 行 (0.231458ms)
✔ v3.1.13 工具箱状态框布局合同 (0.460375ms)
▶ v3.0.19 合并 handler 多 Sheet 编排与临时资源生命周期
  ✔ 合并入口委托 strict multi-sheet orchestrator，IPC 名保持不变 (0.060667ms)
  ✔ 临时目录由 try/finally 在成功、取消保存和失败路径统一 best-effort 清理 (0.033416ms)
  ✔ 用户目标文件通过统一可恢复发布 helper 落盘，不直接复制覆盖 (0.090625ms)
  ✔ 成功日志包含文件、输入 sheet、数据行和输出 sheet 四类计数 (0.042917ms)
✔ v3.0.19 合并 handler 多 Sheet 编排与临时资源生命周期 (0.279292ms)
✔ 实际提取事件：全批未维护提示转义并保留位置，确认只取消当前上下文 (5.704708ms)
✔ 取消失败可重试，期间不能恢复导入；not-active 作为已结束 (2.838833ms)
✔ 普通未识别仍能返回手动完成；完成请求期间禁止再次提交和提取 (1.120042ms)
✔ 提取 IPC 拒绝提供可见错误，保留手选窗口 (0.942208ms)
✔ C2 真实渲染函数展示两个操作符、只读禁用，确认详情保留选择及旧默认 (1.618375ms)
▶ buildImportIssuesSummary — 行为（v3.0.0 需求2a）
  ✔ 全 ok（无跳过无失败）→ 空摘要、hasFailed=false (0.47325ms)
  ✔ 空数组 / 非数组 → 空摘要、hasFailed=false（缺省兜底） (0.0725ms)
  ✔ 纯跳过（status=disabled）→ 「跳过 N 个: 文件…」、hasFailed=false (0.073667ms)
  ✔ 纯失败（read-error/invalid/ambiguous/unrecognized）→ 「失败 N 个: 文件: 原因」、hasFailed=true (0.070208ms)
  ✔ 混合（跳过 + 失败）→ 两段以 \n 分隔、跳过在前失败在后、hasFailed=true (0.055125ms)
  ✔ 失败原因口径：message > statusLabel > status（与 buildBatchImportSummaryHtml 一致） (0.452917ms)
  ✔ ok 与 disabled 之外其余状态一律计入失败（含 ambiguous/unrecognized） (0.057416ms)
✔ buildImportIssuesSummary — 行为（v3.0.0 需求2a） (1.872916ms)
▶ buildImportIssuesSummary — 源码护栏
  ✔ 返回 { text, hasFailed } 结构 (0.15225ms)
  ✔ 跳过 = status===disabled；失败 = 非 ok 非 disabled（与明细框口径一致） (0.063291ms)
  ✔ 🔴 摘要标签用半角冒号（`跳过 ${...} 个: `/`失败 ${...} 个: `，非全角「：」） (0.082125ms)
✔ buildImportIssuesSummary — 源码护栏 (0.384584ms)
▶ updateBankStatementUi — issues 追加护栏（v3.0.0 需求2a）
  ✔ 主文案后以 \n 追加 issues.text (0.072ms)
  ✔ issues.hasFailed → tone 升 error (0.087875ms)
  ✔ 明细确认框已删（不再 createAlertDialog(buildBatchImportSummaryHtml(...))） (0.047459ms)
  ✔ 退款/C3 副作用迁移到 handleBankStatementBatchImport 成功路径（仍保留触发） (0.036584ms)
✔ updateBankStatementUi — issues 追加护栏（v3.0.0 需求2a） (0.31125ms)
▶ buildLinkedImportSummary — 行为（v3.0.7 需求2d）
  ✔ 无 linked 成功（空 / 非数组 / 仅 processed / 仅失败）→ 空串 (0.085209ms)
  ✔ 单个 linked 成功 → 「已存入链接表 1 个:\n文件 → 表库名（N 行）」（半角冒号 + 中文表库名） (0.039958ms)
  ✔ 多个 linked 成功 → 各文件一行、\n 拼接；覆盖 bank-deposit/mid-allocation/fx-settlement 标签 (0.028833ms)
  ✔ 混合（processed + linked + 失败）→ 只汇总 linked 成功项 (0.026ms)
  ✔ 未知 tableKey 回落到 tableKey 字面；rowCount 非数字回落 0 (0.032208ms)
✔ buildLinkedImportSummary — 行为（v3.0.7 需求2d） (0.254458ms)
▶ buildLinkedImportSummary — 状态框合并护栏（v3.0.7 需求2d）
  ✔ linked 汇总只在 status===ok && outcome===linked 时计入 (0.035333ms)
  ✔ linked 汇总以 
 合并进 issues.text（追加在失败/跳过段之后） (1.684125ms)
✔ buildLinkedImportSummary — 状态框合并护栏（v3.0.7 需求2d） (1.748334ms)
▶ buildAlsoLinkedFailureSummary — 副作用落库失败可见（v3.0.7 F1）
  ✔ processed + alsoLinked.error → 提炼失败行（含文件名/错误/重导提示，半角冒号防换行） (0.079166ms)
  ✔ processed + alsoLinked 成功（无 error）→ 不报失败（空串，避免与"已存入"重复误导） (0.031958ms)
  ✔ outcome!==processed / 无 alsoLinked / 非 ok / 空入参 → 忽略（兜底空串） (0.030083ms)
  ✔ 集成护栏：handler 调用本函数并把失败折进 issues + 置 hasFailed=true（转 error tone） (0.180666ms)
✔ buildAlsoLinkedFailureSummary — 副作用落库失败可见（v3.0.7 F1） (0.361333ms)
▶ linked-only 导入后状态刷新护栏（v3.0.7 F2）
  ✔ handler 含「纯 linked 成功」分支，且分支内 refresh + 清 export (0.148917ms)
✔ linked-only 导入后状态刷新护栏（v3.0.7 F2） (0.171125ms)
▶ 资金对账链接表删除框标题
  ✔ 三种目标表共用固定标题“删除数据” (0.433834ms)
  ✔ 切表仍重新计数并按当前 tableKey 删除 (0.120292ms)
  ✔ 前置资金临时链接表删除标题保持按来源变化 (0.070666ms)
✔ 资金对账链接表删除框标题 (1.146833ms)
▶ v3.1.13 主页面状态框与垂直对齐契约
  ✔ 13 个静态状态框只保留文字，12 个目标状态框共享内容层 (1.157042ms)
  ✔ Clear 当前 UI 样板同步移除状态框星星及残余间距 (7.216ms)
  ✔ 状态更新继续使用后代选择器，不依赖直接子元素 (0.169209ms)
  ✔ 六组标签和下拉框使用统一 48px 轨道类 (0.472167ms)
  ✔ Clear 与 General 均保留纯文字内容层且无残余星星样式和图文间距 (0.282542ms)
  ✔ Clear 与 General 均固定标签轨道和下拉文字行高 (0.189875ms)
  ✔ 绝对标签改按控件顶部定位，横向位置保持不变 (0.539417ms)
  ✔ 对账单修复标签保持右对齐，资金状态滚动改由内容层居中 (0.546666ms)
  ✔ 真实 Electron 几何验收覆盖双尺寸、三档缩放并接入 Windows 门禁 (0.309125ms)
✔ v3.1.13 主页面状态框与垂直对齐契约 (11.570542ms)
▶ v3.1.0 平盘对账数据处理前端契约
  ✔ 模块 ID、显示名和面板显隐接线完整 (0.820833ms)
  ✔ 功能下拉固定三项并默认选中第一项 (0.679709ms)
  ✔ 五个按钮文本和原槽位结构固定，页面不显示场景标签 (0.263166ms)
  ✔ 仅开始运行使用蓝色主按钮，其余四个入口使用白色次按钮 (0.083292ms)
  ✔ 开始运行和结果确认保持对账单修复的 140px 按钮宽度 (0.898292ms)
  ✔ 状态框初始文案和无图标内容层完整 (0.313542ms)
  ✔ 成功初始化同步真实按钮但保持欢迎，自动重进不覆盖用户动作摘要 (1.471375ms)
  ✔ 静默同步的失败结果和 Promise reject 都必须覆盖欢迎并进入安全按钮态 (0.477125ms)
  ✔ SQLite UTC 更新时间按本机时区转换后再显示日期 (1.0095ms)
  ✔ 主进程取消状态和兼容错误码都不当作导入失败 (0.4355ms)
  ✔ 独立控制器接通导入、管理、运行、导出、回导和确认，非一期功能继续占位 (0.26425ms)
  ✔ 主页面结果确认入口仅打开结果页，结果页仍保留独立导出文件操作 (0.117417ms)
  ✔ 异常导入使用提醒弹框，结果页过滤数据导出始终显示且无数据时置灰 (0.270333ms)
  ✔ 管理按钮不得把 click 事件误当成 preview 数据 (0.2255ms)
  ✔ 对账数据管理的导入为蓝色、返回为白色，归档空提示返回管理页 (0.145625ms)
  ✔ 对账数据管理状态列只显示状态名称，不拼接条数 (0.063ms)
  ✔ 差异数据把功能和月份移到表格上方并按最新月份单选过滤 (0.650375ms)
  ✔ 链接表管理去掉未归档和操作栏，底部导入导出返回样式及顺序固定 (0.160542ms)
  ✔ 链接原始表去掉行数和操作栏，底部蓝色导出选择目标表后调用原接口 (0.15525ms)
  ✔ 链接原始表导入失败时展示文件级错误及 detailLines (0.098667ms)
  ✔ 银行导入准备和写入失败时展示已转义的 detailLines (0.056625ms)
  ✔ preload 仅暴露平盘命名空间，不向 renderer 泄露 Electron IPC (0.540667ms)
  ✔ 百万级导入显示进度、支持取消，并在提交阶段锁定取消操作 (0.815542ms)
  ✔ 主进程以主库 checkpoint 防止平盘侧库缺失或回滚后静默继续 (1.423ms)
  ✔ 平盘写操作独占执行，并在 checkpoint 同步前校验 token 与存档持久性 (1.7165ms)
  ✔ 管理页侧库恢复失败时显示 detailLines，不只显示总标题 (0.072333ms)
  ✔ 差异导出携带汇总行范围，删除链接数据禁止空月份请求 (0.085833ms)
  ✔ 平盘账户映射复用现有三列表格交互，并以嵌套弹窗保留链接表管理底层页面 (0.206292ms)
  ✔ 共享 Payment 解析脚本先于 renderer-dialogs 加载 (0.036333ms)
✔ v3.1.0 平盘对账数据处理前端契约 (14.396416ms)
▶ 前置资金对账 UI / preload / IPC 接线
  ✔ 页面包含完整控件、收敛 MPT 入口且 3.0.14 只展示缺网关账单 (0.729833ms)
  ✔ 五槽位结构与资金对账数据处理一致，状态框保持原跨行尺寸 (0.500833ms)
  ✔ renderer 注册模块、状态刷新、按钮处理和事件解绑 (0.347959ms)
  ✔ preload 的 12 个 invoke 与 3 个进度通道和 main handler 对齐 (5.32325ms)
  ✔ run/export 精确血缘与 startup owner 顺序在 main seam 闭合 (0.69825ms)
  ✔ 临时链接表首页复用标准链接表结构，且不提供账户映射 (0.270291ms)
  ✔ 临时删除框复用标准删除框结构，并改走临时表日期范围接口 (0.396417ms)
  ✔ 临时链接表按钮把既有 MPT 导入处理传入管理弹窗 (0.082916ms)
✔ 前置资金对账 UI / preload / IPC 接线 (8.984292ms)
▶ countRefundBankCandidates（退款候选预检 = FundType 归一后 === Ach Return）
  ✔ 0 候选：空数组 / null / undefined → 0 (0.443667ms)
  ✔ N 候选：精确计数 FundType=Ach Return 行 (0.064ms)
  ✔ FundType 归一化：首尾空格被 trim 后仍计数（normalizeCellValue） (0.048917ms)
  ✔ 大小写敏感：Ach Return 大小写不符不计（与引擎严格等值口径一致） (0.043334ms)
  ✔ 非 Ach Return / 缺字段 / null 值 → 不计 (0.048791ms)
  ✔ 混合：候选与噪音并存 → 只数 Ach Return (0.048583ms)
✔ countRefundBankCandidates（退款候选预检 = FundType 归一后 === Ach Return） (1.274291ms)
▶ 退款导入后提醒：createAlertDialog 单按钮 → createConfirmDialog（v3.0.0 需求3）
  ✔ ① 改用 createConfirmDialog（导入文件 / 稍后再说），不再用 createAlertDialog 单按钮 (0.098083ms)
  ✔ ① 候选预检门控：本批无退款候选则不弹（refundCandidateCount > 0 才弹） (0.092917ms)
  ✔ ① 「导入文件」onConfirm → closeModal() + handleBankStatementBatchImport()（不续跑） (0.075917ms)
✔ 退款导入后提醒：createAlertDialog 单按钮 → createConfirmDialog（v3.0.0 需求3） (0.351959ms)
▶ 退款运行点判据 shouldPromptRefundAtRun（v3.0.0 需求3：仿 shouldPromptGatewayReconAtRun）
  ✔ ② shouldPromptRefundAtRun 函数存在 (0.139542ms)
  ✔ ② 判据三要素：退款 enabled + !isRefundOrderReady() + 候选>0 (0.120875ms)
✔ 退款运行点判据 shouldPromptRefundAtRun（v3.0.0 需求3：仿 shouldPromptGatewayReconAtRun） (0.300834ms)
▶ proceedToGwCheck 抽出（v3.0.0 需求3：承载原 C3 dialog#2 逻辑）
  ✔ ⑤ proceedToGwCheck 函数存在 (0.076ms)
  ✔ ⑤ proceedToGwCheck 内承载 C3 运行点逻辑（shouldPromptGatewayReconAtRun + 无提醒则 runBankStatementInternal） (0.042375ms)
✔ proceedToGwCheck 抽出（v3.0.0 需求3：承载原 C3 dialog#2 逻辑） (0.146125ms)
▶ 🔴🔴 运行点链式编排：退款先于 C3、互不吞（v3.0.0 需求3 资金红线核心）
  ✔ ③ handleBankStatementRun 中 shouldPromptRefundAtRun 早于 proceedToGwCheck（退款先于 C3） (0.0535ms)
  ✔ ④ 🔴 退款三选一框 onMiddle（直接运行）调 proceedToGwCheck —— 而非 runBankStatementInternal (0.029542ms)
  ✔ ④ 退款三选一框 onConfirm（导入文件）调 handleBankStatementBatchImport（不续跑） (0.025541ms)
  ✔ ③ 无退款提醒分支：handleBankStatementRun 末尾直接 await proceedToGwCheck() (0.02725ms)
✔ 🔴🔴 运行点链式编排：退款先于 C3、互不吞（v3.0.0 需求3 资金红线核心） (0.1735ms)
▶ preload + main 链路（v3.0.0 需求3：refund-candidate-count + hasRefundOrder）
  ✔ ⑦ preload 暴露 refundCandidateCount → invoke("bank-statement:refund-candidate-count") (0.07225ms)
  ✔ ⑦ main.js 注册 refund-candidate-count handler 且调 countRefundBankCandidates (0.078958ms)
  ✔ ⑦ main.js session-status 透出 hasRefundOrder: refundOrderSession !== null (0.138209ms)
  ✔ ⑦ main.js require r5 引擎的 countRefundBankCandidates (0.069708ms)
  ✔ ⑦ renderer state 接收 hasRefundOrder → state.refundOrderSession (0.076542ms)
✔ preload + main 链路（v3.0.0 需求3：refund-candidate-count + hasRefundOrder） (0.474666ms)
▶ isRefundOrderReady — 行为（PR-4 bug 修订：实时查 session-status hasRefundOrder）
  ✔ status=ok 且 hasRefundOrder=true → true（main 端退款已就绪） (0.507959ms)
  ✔ status=ok 但 hasRefundOrder=false → false（本批未导退款表 = 未就绪 = 仍提醒） (0.073209ms)
  ✔ hasRefundOrder 缺失 / null / undefined / 0 / "" → 一律 false（falsy 即未就绪） (0.124875ms)
  ✔ status=failed（即便 hasRefundOrder=true）→ false（非 ok 一律未就绪） (0.054375ms)
  ✔ 返回 null / undefined / 空对象 → false（短路保护） (0.087584ms)
  ✔ IPC reject（throw）→ catch 返回 false（保守防漏回填，按未就绪仍提醒） (0.126792ms)
✔ isRefundOrderReady — 行为（PR-4 bug 修订：实时查 session-status hasRefundOrder） (1.52425ms)
▶ isRefundOrderReady — 源码护栏（实时查 / catch 兜底 / 运行点门控改用）
  ✔ ① isRefundOrderReady 存在且实时查 session-status (0.148792ms)
  ✔ ② 判据：status===ok && hasRefundOrder (0.2115ms)
  ✔ ③ 异常按未就绪：catch 内 return false (0.105459ms)
  ✔ ④ 🔴 运行点门控改用 isRefundOrderReady()：shouldPromptRefundAtRun 不再读 state.refundOrderSession (0.509208ms)
  ✔ ⑤ maybePromptRefundOrderImport（导入后提醒）判据基于本批 results，不依赖 state.refundOrderSession (0.067541ms)
✔ isRefundOrderReady — 源码护栏（实时查 / catch 兜底 / 运行点门控改用） (1.205542ms)
▶ 模块初始化状态框保持欢迎文案
  ✔ 对账单修复自动同步固定静默成功文案，用户动作仍使用默认更新 (2.305334ms)
  ✔ 对账单修复静默成功会同步 session 和按钮，但不直接写状态框 (0.242209ms)
  ✔ 对账单修复失败结果和 Promise reject 均越过静默模式显示错误并禁用旧结果 (0.752375ms)
  ✔ 场景读取失败也有独立错误投影，不会被静默 session 同步吞掉 (0.326833ms)
✔ 模块初始化状态框保持欢迎文案 (4.19875ms)
▶ updateBankStatementUi — N6 状态框换行修复 (v2.1.9 T31)
  ✔ 外层文案 `已导出：` 后不再有 \n（删冗余） (0.102833ms)
  ✔ 外层文案 `已导入：` 后不再有 \n（删冗余） (0.03725ms)
  ✔ 外层文案仍含「已导出：」「已导入：」字符串（仅删 \n，不删字面） (0.058ms)
  ✔ 渠道-地区前缀使用半角冒号（channelRegionPrefix 用 `:` 不用全角「：」） (0.043208ms)
  ✔ error-report 显示行已移除（v3.0.11 需求2）；`\n不平账结果表：` 行间换行保留 (0.038417ms)
  ✔ updateStatusBox 内层 `String(message).replace(/：/g, "：\n")` 设计保留（v2.1.7 R3 不动） (0.052375ms)
✔ updateBankStatementUi — N6 状态框换行修复 (v2.1.9 T31) (0.451ms)
▶ updateBankStatementUi 已处理分支 — channelRegionHits 渲染（v3.0.7 需求1a）
  ✔ refreshBankStatementStatus 解析 channelRegionHits（向后兼容空数组兜底） (0.0455ms)
  ✔ 已处理分支按 channelRegionHits 非空走新格式 `渠道-地区:n条（场景名）` (0.047958ms)
  ✔ channelRegionHits 为空 → 回退现有 hitScenarios 旧格式（不删旧分支） (0.0315ms)
✔ updateBankStatementUi 已处理分支 — channelRegionHits 渲染（v3.0.7 需求1a） (0.166459ms)
▶ updateBankStatementUi 已处理分支 — 移除警告 + tone 固定（v3.0.7 需求1c）
  ✔ 源码不再出现 `，${pr.warningCount} 警告` 尾巴 (0.033458ms)
  ✔ 已处理分支 tone 不再因 warningCount 转 error (0.026334ms)
✔ updateBankStatementUi 已处理分支 — 移除警告 + tone 固定（v3.0.7 需求1c） (0.092792ms)
▶ updateBankStatementUi 已导出分支 — 附带产物追加（v3.0.7 需求1b）
  ✔ handleBankStatementExport 捕获 platformCleanupName / refundBackfillName 进 state.bankStatementExport (0.04175ms)
  ✔ 已导出分支按存在性追加两行（行间 \n + 全角「：」与 error-report 同款） (0.036209ms)
✔ updateBankStatementUi 已导出分支 — 附带产物追加（v3.0.7 需求1b） (0.100791ms)
▶ 需求2a — 网关按钮清理护栏（v3.0.7 C2）
  ✔ DOM 缓存删除：bankStatementGatewayReconImportBtn / ExportBtn 不再 getElementById (0.042667ms)
  ✔ 事件绑定删除：两网关按钮 addEventListener 不再存在 (0.031167ms)
  ✔ updateBankStatementExportButtonsDisabled 网关分支删除（不再设 GatewayReconExportBtn.disabled） (0.024709ms)
  ✔ handleBankStatementGatewayReconImport 函数删除（宿主按钮已删） (0.02925ms)
  ✔ 🔴 保留项：handleReconIdFixExport / handleBankStatementGatewayReconRun 仍定义 (0.045209ms)
✔ 需求2a — 网关按钮清理护栏（v3.0.7 C2） (0.224167ms)
▶ v3.1.6 VCC财务OP校验前端契约
  ✔ 模块注册、脚本加载顺序和主面板四个动作完整 (0.963625ms)
  ✔ 导入账期沿用业务OP日期弹窗的年月双下拉结构并对调确定取消按钮 (0.781167ms)
  ✔ 运行账期移除可见标签并将下拉框缩至整行四分之一且与标题左对齐 (0.273125ms)
  ✔ 导入完成不弹导入记录框并将结果摘要写入主页面状态框 (2.28275ms)
  ✔ 导入进度纯函数区分 reading/committing 并保持取消提示优先 (9.408958ms)
  ✔ preload 和主进程覆盖导入、取消、计算、归档、管理删除及三类导出通道 (7.675459ms)
  ✔ 数据管理标题和左侧导航沿用平盘对账数据管理契约 (1.181458ms)
  ✔ 数据管理左侧解归档、右侧删除导出返回，删除页使用动态统一目标与 token (1.634291ms)
  ✔ 删除 target 切换只读本次响应缓存并满足 50ms 结构预算 (1.072667ms)
  ✔ 解归档复用年月选择器、强制降级警示，并只在 pre-critical 开放取消 (1.06375ms)
  ✔ 四类结果写操作呈现审计保全阶段并按 worker cancellable 控制取消 (0.172083ms)
  ✔ 解归档提交成功后刷新失败只告警关闭，不重新开放破坏性操作 (0.339292ms)
  ✔ 归档月份 picker 可执行状态覆盖默认最新、空列表、保存取消与失败刷新后重试 (1.018083ms)
  ✔ 数据管理导出按账期和分组目标表预检，支持校验原表与校验表 (0.48775ms)
  ✔ 有效原表删除后列表保留删除状态且不再打开逐行详情或显示存档小字 (0.410041ms)
  ✔ 校验原表直接进入按单一月份筛选的七列导入记录并按异常显示导出 (0.302041ms)
  ✔ 数据管理不再暴露 VCC 优化存储入口 (0.221792ms)
  ✔ 异常审计仅保留六列导出入口，不再提供人工处置 (0.355416ms)
  ✔ 结果确认读取完整后端 review、按生效差异展示并在页内带 revision 归档 (0.983334ms)
  ✔ 完整结果渲染严格校验九币种与四类 summary，调整紧跟基础行且不在前端计算金额 (1.516084ms)
  ✔ 结果导出复用归档月份选择器且 renderer 只提交 targetMonth (0.508584ms)
  ✔ 已归档月份空态同步导出按钮 disabled 与 title，恢复月份时清除 title (0.221042ms)
  ✔ 修改结果固定四级无默认级联，保存锁窗并在成功或 stale 后强制 refetch 清核对 (0.321875ms)
  ✔ 结果操作失败策略区分临时失败、无候选、并发归档与结构性归档错误 (0.174917ms)
  ✔ 开始运行先做五表预检，失败不启动 worker 并使用明确错误标题 (0.139334ms)
  ✔ 运行前检查同时存在多个问题时完整展示结构化 issues (0.093416ms)
  ✔ 缺少上月归档时提供九币种一次性期初初始化且不默认补零 (0.226583ms)
  ✔ 宽表和低分辨率弹框具备稳定尺寸及滚动约束 (0.22675ms)
✔ v3.1.6 VCC财务OP校验前端契约 (34.920625ms)
✔ 配置服务拥有模板与币种深副本；读取方和上游调用方均不能修改服务缓存 (1.566125ms)
✔ 模板读取 A/B/A 逆序交付只接受最后一代并仅通知一次 (0.170458ms)
✔ 失败或非法模板返回保留最近成功缓存且不广播成功通知 (0.311333ms)
✔ bootstrap/account mapping/preview 通知准确；取消订阅和 dispose 后旧读不回写 (0.123083ms)
✔ dispose 中的模板读取仍向原调用方结算，不能回填缓存或通知 (0.078792ms)
✔ 某订阅者异常不阻断其他消费者和模板成功返回 (0.101542ms)
✔ 经典脚本加载只暴露工厂，不执行 DOM 或 IPC (1.446209ms)
✔ 普通关闭使 DOM、abort、逆序清理、closed 只完成一次，清理失败仍继续 (1.698333ms)
✔ 忙碌子层拒绝根替换、父关闭和导航，后继工厂不运行且草稿焦点保留 (0.379375ms)
✔ canClose 从顶到底预检，任一抛错拒绝并记录 (0.6095ms)
✔ canClose 异步返回不能绕过忙碌检查，拒绝的 Promise 有错误记录 (0.279417ms)
✔ 工厂失败只释放新 scope，原栈、焦点、监听及 Promise 全部保留 (0.290459ms)
✔ 拒绝已挂载节点和已经关闭的节点再次挂载，仍保留当前栈 (0.187708ms)
✔ push 只允许本宿主当前父层且强制继承 owner (0.201ms)
✔ 映射保存成功替换映射及其后代，告警关闭返回原链接表且无孤儿 (0.218042ms)
✔ 父层提交关闭时子层取消 parent-closed，按顶到底清理，观察者见到完整切换 (0.174584ms)
✔ canClose 和 disposer 重入被拒绝，不插入幽灵窗口且清理继续 (0.178666ms)
✔ 只有栈顶处理 Escape 和遮罩，默认禁止 dismiss 策略保持 (0.222917ms)
✔ 焦点优先显式控件，Tab 双向环绕且底层还原原 aria/inert 值 (0.142209ms)
✔ 焦点跳过隐藏/禁用控件，恢复目标不可用时回父层默认控件 (0.084542ms)
✔ 没有可聚焦控件使用临时 tabindex 并清理；过期 frame 不会抢新层焦点 (0.099417ms)
✔ 根替换和最终关闭恢复原调用入口；入口消失时使用当前面板默认焦点 (0.112083ms)
✔ onMount 在事务完成后执行，可打开子层；失败记录且不复活旧栈 (0.158042ms)
✔ scope 晚登记清理立即释放，关闭后的异步加载可用 signal 阻止 DOM 写入 (0.106083ms)
✔ owner 导航只关闭匹配会话；销毁无视 busy 且结果统一 disposed (0.095708ms)
✔ 只读 getHandle/getTop 不暴露可变栈，关闭后不能查回旧句柄 (0.080375ms)
✔ 栈顶 overlay 的浮动兄弟面板控件参与 Tab，不被 dialog 范围漏掉 (0.387375ms)
✔ 静态注册复制冻结；未知模块沿默认模块回退，面板与持久化只在成功切换后变更 (1.517291ms)
✔ leave blocked 保留路由、面板、持久化和上一 enter 的有效代次 (0.229541ms)
✔ 同模块重复导航不重复 enter、订阅、持久化或递增代次 (0.093792ms)
✔ A → B → A 的旧 enter 后到为 stale，旧完成不回切页面 (0.120417ms)
✔ 异步 leave 违反同步资格合同，等待中其他导航也不能偷偷提交旧请求 (0.136ms)
✔ leave 抛错保留原模块，enter 失败由本域反馈/日志处理，壳不读取别域状态修复 (0.203708ms)
✔ 同步 leave 重入被拒绝；enter 发起新导航后旧 ready 不能覆盖新 ready (0.0935ms)
✔ 持久化 reject/明确失败只日志，不回滚或重复切换 (0.119959ms)
✔ dispose 全部控制器恰好一次，单个抛错不截断清理，晚到 enter 为 stale (0.127709ms)
✔ 注册表拒绝重复/不完整/缺默认模块，同一个门面跨条目只 dispose 一次 (0.293667ms)
✔ leave 或视图提交回调销毁 router 时，不再 enter/保存下一模块 (0.573208ms)
✔ window.onMaximizedState 透传原事件，释放只删除当前订阅且重复释放安全 (2.77225ms)
✔ pending.onImportProgress 透传原事件，释放只删除当前订阅且重复释放安全 (0.717875ms)
✔ 预览延迟选中只操作本次句柄，替换窗口会取消旧 timer (2.810166ms)
✔ 预览句柄仍是栈顶时执行控件设置 (0.94575ms)
✔ 根打开被 busy 拒绝时，不创建工厂也不调度修改现有窗口 (0.505209ms)
✔ 延迟打开之前出现生产窗口时，预览不能随后替换生产栈 (0.502792ms)
✔ 新预览代次和生产模块切换都废弃旧面板延迟动作 (0.404167ms)
✔ 同步生产按钮建立的父层可以继续预览；下一级晚到不得编辑后来新层 (0.664542ms)
✔ dispose 清理待决预览 timer，账户映射入口返回真实宿主打开结果 (0.376417ms)
✔ 收单月份选择取消、busy leave 拒绝和订阅幂等释放 (2.934375ms)
✔ 收单覆盖只沿原 preparedContextId 二次提交，离页后的预检不确认或续写 (1.020291ms)
✔ 收单新 enter 不接受旧读取，进度格式保留文件名和各阶段 (0.204292ms)
✔ 旧 BizOP 取消首日续导后保存原 BU/日期/行数，不发流水导入 (0.648792ms)
✔ 旧 BizOP 流水多文件保持数组和整批拒绝报告 (0.38075ms)
✔ 旧 BizOP 区间导出原参数/文件名和晚到反馈；重新进入保留完成状态 (0.907083ms)
✔ 旧 BizOP BU 切换独立代次拒绝旧日期回复 (0.160375ms)
✔ Pending 私有状态、读取代次、重复绑定与 unsubscribe 一次 (0.473541ms)
✔ preFund 工厂无 IPC、私有状态，重复 enter 不重复绑定，dispose 取消静态监听 (2.1545ms)
✔ preFund A/B/A 的旧读取不能覆盖新访问；每次进入重读 Main (0.252833ms)
✔ preFund 同一访问内较旧 refresh 迟到不覆盖最近结果 (0.147125ms)
✔ preFund 状态读取失败在本域反馈，enter 返回 error (0.215166ms)
✔ preFund leave 服从现有 modal canClose，blocked 时保留当前作用域 (0.82ms)
✔ bankBu 工厂无 IPC、私有状态，重复 enter 不重复绑定，dispose 取消静态监听 (0.296459ms)
✔ bankBu A/B/A 的旧读取不能覆盖新访问；每次进入重读 Main (0.09775ms)
✔ bankBu 同一访问内较旧 refresh 迟到不覆盖最近结果 (0.09075ms)
✔ bankBu 状态读取失败在本域反馈，enter 返回 error (0.132917ms)
✔ bankBu leave 服从现有 modal canClose，blocked 时保留当前作用域 (0.140167ms)
✔ duplicateInbound 工厂无 IPC、私有状态，重复 enter 不重复绑定，dispose 取消静态监听 (0.342791ms)
✔ duplicateInbound A/B/A 的旧读取不能覆盖新访问；每次进入重读 Main (0.078875ms)
✔ duplicateInbound 同一访问内较旧 refresh 迟到不覆盖最近结果 (0.06525ms)
✔ duplicateInbound 状态读取失败在本域反馈，enter 返回 error (0.068959ms)
✔ duplicateInbound leave 服从现有 modal canClose，blocked 时保留当前作用域 (0.505125ms)
✔ vccOpCalc 工厂无 IPC、私有状态，重复 enter 不重复绑定，dispose 取消静态监听 (0.251458ms)
✔ vccOpCalc A/B/A 的旧读取不能覆盖新访问；每次进入重读 Main (0.051916ms)
✔ vccOpCalc 同一访问内较旧 refresh 迟到不覆盖最近结果 (0.04725ms)
✔ vccOpCalc 状态读取失败在本域反馈，enter 返回 error (0.062208ms)
✔ vccOpCalc leave 服从现有 modal canClose，blocked 时保留当前作用域 (0.072542ms)
✔ 前置资金导出保留文件名和提醒，完成刷新不覆盖导出反馈 (0.185ms)
✔ 前置资金临时账单导入保留部分失败对象和文案，场景参数原样送 Main (0.366541ms)
✔ 前置资金无 modal 后台导入允许离开，释放进度并丢弃晚到错误 UI (0.113875ms)
✔ 重复入金导出保留警告与失败细节，按 Main 状态更新按钮 (0.193625ms)
✔ 重复入金后台任务离开后不续读、不写 UI；重新进入从 Main 刷新 (0.088084ms)
✔ BankBU 两步选文件和导入保持原参数；完成摘要/异常组文案不变 (0.674084ms)
✔ BankBU 导出 single/aggregate 保持 runId、文件名及跳过月份提示 (1.212041ms)
✔ BankBU 离开后旧文件选择不打开第二步骤或启动导入 (0.202417ms)
✔ VCC OP scan→F1→统计→F2 保存保持金额原样、结果文案和余额读取 (0.515834ms)
✔ VCC OP 整批拒绝仍报告真实异常总数和前20条，不统计或保存 (0.172ms)
✔ VCC OP scan 等待中离开立即退订，晚到不显示 F1；dispose 的忙碌视图也收尾 (0.15225ms)
✔ preFund 返回早于后台完成时通过新的 Main 读取恢复按钮，旧结果不进入新页面 (0.120083ms)
✔ duplicateInbound 返回早于后台完成时通过新的 Main 读取恢复按钮，旧结果不进入新页面 (0.058666ms)
✔ AC19 真实 SQLite gateway-recon-id-fix → 同 ID extract-recon-id，旧 list/get 晚到后 update (8.393083ms)
✔ AC19 真实 SQLite gateway-recon-id-fix → 同 ID extract-recon-id，旧 list/get 晚到后 toggle (2.648333ms)
✔ AC19 真实 SQLite gateway-recon-id-fix → 同 ID extract-recon-id，旧 list/get 晚到后 delete (3.073334ms)
✔ AC19 真实 SQLite extract-recon-id → 同 ID gateway-recon-id-fix，旧 list/get 晚到后 update (2.747ms)
✔ AC19 真实 SQLite extract-recon-id → 同 ID gateway-recon-id-fix，旧 list/get 晚到后 toggle (2.707666ms)
✔ AC19 真实 SQLite extract-recon-id → 同 ID gateway-recon-id-fix，旧 list/get 晚到后 delete (2.522041ms)
✔ 完整矩阵：extract-recon-id 单类 transfer 仍双清 (2.580083ms)
✔ 完整矩阵：extract-recon-id 单类 batchDelete 仍双清 (2.4915ms)
✔ 完整矩阵：gateway-recon-id-fix 单类 transfer 仍双清 (2.166083ms)
✔ 完整矩阵：gateway-recon-id-fix 单类 batchDelete 仍双清 (2.160042ms)
✔ 默认不可信 service 的 resync 只清 Main 真正失效域，未命中域保留导出反馈 (3.431875ms)
✔ AC20 补 get 跨另一写，get 原响应仍返回，单次 update 按 resync 拉齐真实 Main (1.92425ms)
✔ AC20 A/B 写响应逆序：两次真实写分别只调用一次，旧证据不恢复 (1.790125ms)
✔ AC20 未知 invoke 结算后成功 list/get/enter/服务重建均不能恢复分类信任 (2.422333ms)
✔ 渠道 create/update/delete 及无变更关闭不触碰两域结果、按钮、导出反馈 (2.449ms)
✔ deleted:false、明确写失败不广播成功失效，保留两域反馈 (1.908333ms)
✔ 控制器 leave blocked 不变更代次；允许离页后旧状态响应不能覆盖 A/B/A 的新结果 (1.633667ms)
✔ 共享 run 失败通知仍重读 Main，银行普通结果与导出反馈保持 (1.619625ms)
✔ 导出请求在途收到确定失效，晚到成功不能恢复旧反馈 (1.588334ms)
✔ 离页后的在途导入不写 UI、不弹告警，dispose 重复调用只清一次订阅 (2.092375ms)
✔ AC20 补读期间 delete/create，旧合法类别 get 晚到不得成为确定 scope (2.645208ms)
✔ AC20 补读期间 applyImport，旧合法类别 get 晚到不得成为确定 scope (2.678ms)
✔ applyImport importedCount=0 真实 Main handler 仍双清；后续单项重取类别 (2.406208ms)
✔ 适用渠道保存成功后 priority 更新失败，保留前一步银行失效且 Recon 保持 (1.913416ms)
✔ 银行运行提醒保持退款 → C3 → 实际运行顺序，点击直接运行不吞 C3 (2.085625ms)
✔ 银行批量导入保留纯失败摘要和原导出；linked 成功撤销旧结果 (1.896041ms)
✔ 银行后台写跨离页/重进后完成，从 Main 重读且进度只退订一次 (1.692417ms)
✔ service dispose 后旧 list/get 交付不影响重建 service；查询成功也仅 resync (2.192375ms)
✔ create 回包期间插入渠道写不能播种；后续 toggle 补读得到实际类别 (2.384208ms)
✔ batchDelete 使未删除 ID 的元数据也失效；下一单项只补读一次 (2.4735ms)
✔ 初次 enter 保留欢迎文案；重复 enter 不重复绑定事件，状态读取失败禁用导出并报错 (1.942625ms)
✔ 单项命令使用已证明的实际类别：extract-recon-id (2.5645ms)
✔ 单项命令使用已证明的实际类别：offset-bill-mark (0.160875ms)
✔ 单项命令使用已证明的实际类别：gateway-recon-join (0.129208ms)
✔ 单项命令使用已证明的实际类别：builtin-fixed (0.119334ms)
✔ 单项命令使用已证明的实际类别：recon-id-fix (0.097834ms)
✔ 单项命令使用已证明的实际类别：gateway-recon-id-fix (0.0875ms)
✔ 单项命令使用已证明的实际类别：future-category (0.09175ms)
✔ create 取 dispatch 时提交的类别，不受后续草稿修改影响 (0.159875ms)
✔ ID 复用 recon-id-fix → extract-recon-id 后旧 list/get 不污染 update (0.152875ms)
✔ ID 复用 recon-id-fix → extract-recon-id 后旧 list/get 不污染 toggleEnabled (0.123ms)
✔ ID 复用 recon-id-fix → extract-recon-id 后旧 list/get 不污染 deleteOne (0.078333ms)
✔ ID 复用 extract-recon-id → recon-id-fix 后旧 list/get 不污染 update (0.061833ms)
✔ ID 复用 extract-recon-id → recon-id-fix 后旧 list/get 不污染 toggleEnabled (0.063792ms)
✔ ID 复用 extract-recon-id → recon-id-fix 后旧 list/get 不污染 deleteOne (0.053375ms)
✔ 补读跨 delete-create 即使合法晚到也 resync，原写只发一次 (0.110167ms)
✔ 补读跨 applyImport 即使合法晚到也 resync，原写只发一次 (0.072666ms)
✔ A/B 交错写顺序返回均不猜类别，失败 B 也不恢复 A 证据 (0.08925ms)
✔ A/B 交错写逆序返回均不猜类别，失败 B 也不恢复 A 证据 (0.048875ms)
✔ 写入期间发出的 get 在结算后返回也不能播种 (0.118541ms)
✔ batchDelete 清整份分类缓存，固定结果 scope 不依赖缓存 (0.102667ms)
✔ applyImport 清整份分类缓存，固定结果 scope 不依赖缓存 (0.041666ms)
✔ transfer 清整份分类缓存，固定结果 scope 不依赖缓存 (0.040625ms)
✔ setApplicableChannels 清整份分类缓存，固定结果 scope 不依赖缓存 (0.070416ms)
✔ channels.create 清整份分类缓存，固定结果 scope 不依赖缓存 (0.067083ms)
✔ channels.update 清整份分类缓存，固定结果 scope 不依赖缓存 (0.044125ms)
✔ channels.deleteOne 清整份分类缓存，固定结果 scope 不依赖缓存 (0.043958ms)
✔ 渠道写在单项写期间交错，使该写证据失效，但渠道事件不清结果 (0.063334ms)
✔ create 回包跨写不播种，之后仍须 get 取证 (0.049875ms)
✔ 明确 failed 不广播且不回滚写前分类缓存 (0.050584ms)
✔ 明确 cancelled 不广播且不回滚写前分类缓存 (0.026584ms)
✔ reject 后成功查询、页面刷新与重建 service 均不能恢复信任 (0.249958ms)
✔ malformed 后成功查询、页面刷新与重建 service 均不能恢复信任 (0.036167ms)
✔ unknown-status 后成功查询、页面刷新与重建 service 均不能恢复信任 (0.03175ms)
✔ 新服务默认不可信，成功 list/get 不是 Main 启动收口证明 (0.056042ms)
✔ dispose 后旧 list/get 及旧写不能通知或恢复新 service，且不重发写 (0.106792ms)
✔ 非法字段/部分 list 不进入缓存，明确不存在不伪造普通类别 (0.052458ms)
✔ 只读预检/导出与无变更关闭不清结果；事件深冻结且通道 ID 去重 (0.141791ms)
✔ 连续适用渠道成功后 priority 失败，第一项通知和原参数保留 (0.057333ms)
✔ 通知者异常不改写业务成功响应，不阻止下一条事件 (0.071417ms)
✔ router 按 scope/事件 kind 通知，频道配置与仅关闭保持结果；重复和退订生效 (0.181ms)
✔ 共享会话五个命名 API 原参原结果，mutation 结算唯一通知，不复制结果 (0.301292ms)
✔ 经典脚本只声明明确命名空间，加载阶段不触发 IPC (0.907042ms)
✔ create 不合法提交类别却成功的矛盾响应进入 sticky resync (0.041ms)
✔ 共享写通知来源取 dispatch 快照，不取回包时已改的 UI payload (0.046542ms)
✔ 全生产 JS 的原始场景/渠道 API 只在 root 各注入同一 service 一次，无直接或别名写旁路 (1.355917ms)
✔ 唯一 root service 传给场景工厂，全部八项场景写和三项渠道写在该入口下调用 (9.387209ms)
✔ 边界扫描能识别解构、多级别名、计算属性及bind，不以单文件正则代替审计 (0.266125ms)
✔ 按行拆分输入校验保留空值、整数、数值安全范围与前导零处理 (1.154625ms)
✔ 工具箱经典脚本只导出工厂，不执行 DOM 或 IPC (1.047ms)
▶ parseTapSummary — 全 pass
  ✔ spec reporter：tests=pass、fail=0 (0.843834ms)
  ✔ TAP reporter：同样解析出全 pass 计数 (0.122ms)
✔ parseTapSummary — 全 pass (1.547375ms)
▶ parseTapSummary — 有 fail
  ✔ pass < tests，fail > 0 (0.073459ms)
✔ parseTapSummary — 有 fail (0.120542ms)
▶ parseTapSummary — 0 测试
  ✔ tests=0、pass=0、fail=0 (0.0705ms)
✔ parseTapSummary — 0 测试 (0.110125ms)
▶ parseTapSummary — 边界与健壮性
  ✔ 空字符串 / 非字符串 → 全 null（不抛） (0.663708ms)
  ✔ 无摘要行的普通文本 → 全 null (0.061625ms)
  ✔ 多段摘要（嵌套/多次出现）→ 取最后一次出现的计数 (0.057708ms)
✔ parseTapSummary — 边界与健壮性 (0.880458ms)
▶ buildSummaryText — N/N PASS 文案
  ✔ 全 pass：含 ==== 5/5 PASS ==== (0.45075ms)
  ✔ 有 fail：N/N 反映 pass/total + 失败用例数 (0.062667ms)
  ✔ 解析失败（全 null）→ 用 ? 占位、不抛 (0.068416ms)
✔ buildSummaryText — N/N PASS 文案 (0.636834ms)
▶ buildNodeTestArgs — spawn 路径契约
  ✔ 测试文件转为仓库相对路径，coverage、文件集合与顺序不变 (0.21675ms)
✔ buildNodeTestArgs — spawn 路径契约 (0.238709ms)
✔ repository 只修完整 017 指纹，保留三项真实证据/failureCount 并二次幂等 (22.847458ms)
✔ 指纹不符整批 skip；audit 写失败时删除与 batch 状态同事务回滚 (27.164708ms)
✔ CLI 默认 dry-run；apply 先建立一致性 backup，再精确修两批且输出不泄露路径 (37.650958ms)
✔ CLI apply 要求绝对 DB/backup、精确两批且活跃 writer 时拒绝执行 (24.625916ms)
✔ CLI apply backup 失败时删除残留且不修改批次、artifact 或 audit (25.231542ms)
✔ check-dist-size 接受同时包含两份 VCC 金标准模板的 app.asar (101.2195ms)
✔ check-dist-size 缺少 VCC_移除归档Pending账单.xlsx 时失败 (84.904084ms)
✔ check-dist-size 缺少 VCC财务OP校验结果表_模板.xlsx 时失败 (83.731917ms)
✔ check-dist-size 缺少 packaged-runtime-runner.js 时失败 (85.592166ms)
✔ check-dist-size 缺少 packaged-runtime-request.js 时失败 (84.171375ms)
✔ check-dist-size 缺少 durable-worker.js 时失败 (84.708209ms)
✔ check-dist-size 缺少 pure-compute-worker.js 时失败 (83.624208ms)
✔ check-dist-size 缺少 canary-schema.js 时失败 (86.873834ms)
✔ check-dist-size 缺少 pure-compute-policy.json 时失败 (87.074ms)
✔ check-dist-size 缺少 durable-policy.json 时失败 (88.436459ms)
✔ check-dist-size 拒绝 clean source identity 不一致的 app.asar (89.531416ms)
✔ check-dist-size 拒绝版本陈旧的 app.asar (85.790333ms)
✔ check-dist-size 拒绝 package.json 缺失 version 的 app.asar (83.705834ms)
✔ check-dist-size 拒绝 package.json version 为空 的 app.asar (87.119291ms)
✔ packaged-input gate 允许 clean CI checkout (97.25375ms)
✔ packaged-input gate 拒绝 build.files 会收录的未跟踪文件 (131.036708ms)
✔ packaged-input gate 不把明确排除的未跟踪素材当作 packaged input (96.042334ms)
✔ packaged-input gate 拒绝 build.files 内 tracked dirty 文件 (130.352833ms)
✔ release check-vars 固定 peeled v3.1.9 基线且不扩大普通开发扫描 (15.1055ms)
✔ check-vars 为跨 PR baseline diff 配置显式大输出缓冲并禁用 shell 拼接 (0.404125ms)
✔ v3.1.12 沿用的 storage contract、迁移与 Archive 血缘已进入 important-vars 清单 (2.218042ms)
✔ small deterministic rehearsal golden 只生成 current 小库且 manifest 强制 not-evaluated (145.0285ms)

[SR-policy-1] rules/integration-test-policy.md §七 已自动同步
[SR-policy-1] policy 文件不存在，跳过同步：/nonexistent/path/to/policy.md
[SR-policy-1] policy 文件无 §七 章节，跳过同步

[SR-policy-1] rules/integration-test-policy.md §七 已自动同步
▶ formatChinaTimestamp
  ✔ 返回 ISO 格式 + +08:00 后缀 (0.900666ms)
  ✔ 零填充月日时分秒 (0.058ms)
✔ formatChinaTimestamp (1.521375ms)
▶ buildPolicyChecklistSection
  ✔ 生成 markdown 表头 + 合计行 (0.194333ms)
  ✔ 包含时间戳注释 + DO NOT EDIT 警告 (0.054292ms)
  ✔ passedCount/totalCount 为 null 时显示 `-` (0.083ms)
  ✔ 空结果数组 → 合计行全 0 (0.053417ms)
✔ buildPolicyChecklistSection (0.492042ms)
▶ syncPolicyChecklist
  ✔ 替换 §七 章节内容 + 保留其他章节 (1.496917ms)
  ✔ policy 文件不存在 → 跳过 + 返回 reason (0.166459ms)
  ✔ policy 文件无 §七 章节 → 跳过 (0.81425ms)
  ✔ §七 是最后一个章节 → 替换到文件末（无 §八） (1.02225ms)
✔ syncPolicyChecklist (3.630125ms)
packaged startup report: /var/folders/8_/r_04ysrs4tl47cg09y9sdc000000gn/T/startup-cleanup-abort-g1tsQ6/report.json
packaged startup report: /var/folders/8_/r_04ysrs4tl47cg09y9sdc000000gn/T/startup-artifact-drift-Osezsv/report.json
packaged startup report: /var/folders/8_/r_04ysrs4tl47cg09y9sdc000000gn/T/startup-artifact-preflight-drift-Xa1JBr/report.json
packaged startup report: /var/folders/8_/r_04ysrs4tl47cg09y9sdc000000gn/T/startup-frozen-golden-drift-vHfakK/report.json
packaged startup report: /var/folders/8_/r_04ysrs4tl47cg09y9sdc000000gn/T/startup-golden-drift-afd4IU/report.json
✔ packaged startup 轮换四变体且至少五轮不丢首样本 (1.353458ms)
✔ non-normal variant 不预留四份永不使用的 base golden，逐样本副本由 sample root 承担 (1.374708ms)
✔ working main/WAL/SHM 从只读 frozen golden 复制后恢复 owner writable 且源仍只读 (1.750417ms)
✔ runner rotation 为每个 non-normal sample 调用 evidence-after cleanup hook (0.406458ms)
✔ non-normal 缺 cleanup handler 必须在 freeze/copy/launch 前 fail-closed (1.182541ms)
✔ 真实 runner rotation 动态消费四变体×5 cleanup receipt；throw/false/missing 均中止并保留证据 (18.632666ms)
✔ report 以 external full-ready median 验收且缺样本保持 not-evaluated (0.272041ms)
✔ 3.1.11/3.1.12 都等 renderer 完整初始化，3.1.12 额外要求两个 main phase (0.13575ms)
✔ sample 以 adapter 的 processCreatedAt 计时，ready 后 graceful close 且不混入退出耗时 (6.351417ms)
✔ graceful close 超时形成证据码并强制清理整棵进程树 (3.344708ms)
✔ ready 后失败但 cleanup verified 时立即冻结 after；freeze 失败仍保留 cleanup receipt (7.979084ms)
✔ metrics 已 ready 时先取证且不执行慢 CIM，external 指标不含 runner snapshot (0.114459ms)
✔ metrics 未ready时 root code9 在500ms立即失败，不跑CIM或等满timeout (0.137209ms)
✔ partial phases 已成功但 renderer 缺失直到 timeout 时失败样本保留阶段与缺失 marker (4.246041ms)
✔ root early-exit 前已有 partial metrics 时仍保留阶段与缺失 marker (3.746167ms)
✔ metrics 与 root exit 同 tick ready 时先固定 ready 证据 (0.093916ms)
✔ ready 后 owned live target 为空不得伪造 graceful success (3.506666ms)
✔ receipt 与 tree-empty 不能掩盖 exitPromise code=9 (3.742625ms)
✔ migration-vacuum 有真实 flag 前后条件且不能 skipped (8.107208ms)
✔ migration 只允许精确 VCC delta 与 Archive 8 个 nullable 指纹列，额外列仍拒绝 (6.184625ms)
✔ postcondition 不打开 timed WAL bundle，冻结后 SHM 仍不存在且 probe 删除 (3.287375ms)
✔ crash recovery 用 disposable clone 验 WAL sentinel，timed sample launch 前逐字节不变 (7.3975ms)
✔ 非稳态每个 sample 都有独立 userData 与 Documents golden 副本 (0.717584ms)
✔ runner 场景与失败证据合同完整且不依赖 app auto-quit (0.269042ms)
✔ crash CLI 强制 WAL setting sentinel，不能用任意文件删除冒充恢复 (0.458334ms)
✔ normal 场景拒绝 WAL 与 recovery 参数，避免把恢复工作计入 steady median (0.444584ms)
✔ normal 用牺牲 clone 验 vacuum steady，post 拒绝 vacuum/recovery 工作 (5.087959ms)
✔ normal 拒绝 schema-less golden，required system snapshot 列与 partial index 必须已存在 (3.3765ms)
✔ normal 每轮检查当前 working bundle，不以 clean 原 golden 掩盖 round2 running task (3.955ms)
✔ normal 对 3.1.11/3.1.12 两版本族运行 untimed disposable schema fingerprint probe (5.276667ms)
✔ normal 任一版本族产生 DDL 都拒绝，不按 variant canonicalize golden (4.549583ms)
✔ migration 拒绝 recovery inputs，crash 拒绝未完成 vacuum 的 base golden (4.346458ms)
✔ normal post 用冻结 clone 拒绝本轮 pending/DDL，terminal interrupted 不算 active (5.685ms)
✔ migration/crash preflight 检查实际 timed copy，launch 前 main/WAL/SHM SHA 保持相同 (2.893959ms)
✔ cleanup ownership/receipt 无法证明时整次 run 立即中止，不继续 20 个样本 (8.298083ms)
✔ artifact 每spawn前重验，run内漂移立即非0中止且不再launch (8.635292ms)
✔ artifact 在 scenario preflight 中被替换时，launch 紧前固定身份检查阻断且零启动 (6.065458ms)
✔ runner-owned frozen golden 首轮后漂移时按创建时固定证据中止，报告不采用漂移 SHA (8.390834ms)
✔ source golden 漂移不污染runner-owned副本，并在run结束非0中止 (60.932875ms)
✔ postcondition failure 保留已取得的 before/ready/phases/recovery/close/after 证据 (11.895ms)
✔ report 绑定环境与四制品身份，重复 SHA 或明显 label/version mismatch 拒绝 (1.542584ms)
✔ migration/crash post 对真实 pending、额外 DDL 与有效 WAL fail closed (18.796625ms)
[VCC reset] checkpoint 0/1 正在收敛 WAL
[VCC reset] copying 0/29 正在复制数据库
[VCC reset] copying 1/29 app_settings
[VCC reset] copying 2/29 vcc_fin_op_import_batches
[VCC reset] copying 3/29 vcc_fin_op_import_records
[VCC reset] copying 4/29 vcc_fin_op_import_rows
[VCC reset] copying 5/29 vcc_fin_op_effective_rows
[VCC reset] copying 6/29 vcc_fin_op_import_errors
[VCC reset] copying 7/29 vcc_fin_op_datasets
[VCC reset] copying 8/29 vcc_fin_op_system_snapshots
[VCC reset] copying 9/29 vcc_fin_op_system_snapshot_attempts
[VCC reset] copying 10/29 vcc_fin_op_runs
[VCC reset] copying 11/29 vcc_fin_op_run_rows
[VCC reset] copying 12/29 vcc_fin_op_run_balances
[VCC reset] copying 13/29 vcc_fin_op_pending_summary_rows
[VCC reset] copying 14/29 vcc_fin_op_pending_currency_totals
[VCC reset] copying 15/29 vcc_fin_op_archives
[VCC reset] copying 16/29 vcc_fin_op_opening_balances
[VCC reset] copying 17/29 vcc_fin_op_dataset_deletions
[VCC reset] copying 18/29 vcc_fin_op_import_sources
[VCC reset] copying 19/29 vcc_fin_op_import_staging_rows
[VCC reset] copying 20/29 vcc_fin_op_import_anomalies
[VCC reset] copying 21/29 vcc_fin_op_effective_raw_fallback
[VCC reset] copying 22/29 vcc_fin_op_module_state
[VCC reset] copying 23/29 vcc_fin_op_run_adjustments
[VCC reset] copying 24/29 vcc_fin_op_operation_audit
[VCC reset] copying 25/29 unrelated_fixture
[VCC reset] copying 26/29 确认 VCC 表不复制业务行
[VCC reset] copying 27/29 保留非 VCC 与 Archive 证据
[VCC reset] verifying 28/29 验证非 VCC 守恒与 VCC 空表
[VCC reset] verified 29/29 候选数据库验证完成
✔ 一次性 reset CLI 要求绝对 source 与精确确认口令 (0.801417ms)
✔ 一次性 reset CLI 保留旧库备份并把活动库切为空 v3 (140.886125ms)
✔ scan-vars 只统计 Git 已跟踪 JS，排除 ignored/generated 与普通 untracked 文件 (111.416959ms)
✔ Windows adapter 排除 baseline CIM 耗时并追踪 installer/app/renderer 后代 (3.476916ms)
✔ Windows adapter cleanup 在同一 PowerShell 动作重验 token 并证明最终零存活 (202.310458ms)
✔ Windows adapter 不会对 PID 复用后的无关进程执行 close 或 taskkill (202.734ms)
✔ Windows adapter 不从 token 已由 A 复用为 B 的 parent 扩展或清理无关 child (0.633458ms)
✔ Windows adapter root 首次 token snapshot 前退出时 fail closed，不猜 parent ownership (0.289125ms)
✔ Windows adapter 不接纳 baseline stale child 或首次 token 前复用 root PID 的 child (0.359917ms)
✔ Windows adapter 不以 baseline 后新出现的同 basename 程序作为 ownership seed (0.202625ms)
✔ Windows adapter action-time PID A→B race 不 close/kill 复用后的无关进程 (202.442625ms)
✔ Windows adapter 外部 CIM/Close/force 均受硬 timeout 约束 (64.150833ms)
✔ Windows adapter force cleanup 无 receipt 或最终仍 live 必须 fail closed (0.416459ms)
✔ Windows adapter nonce 透传 spawn，reparent/late child 仅凭 exact nonce 纳入并多轮静默确认 (0.336292ms)
✔ 已记录无nonce renderer在祖先退出后仍是remaining，cleanup必须fatal (0.190083ms)
✔ graceful wait 对 root 退出后 late suspicious child fail closed，不把瞬时空树当 success (0.186917ms)
✔ PowerShell CreationDate 使用显式 invariant ticks，action 持有 Handle 并二次 exact CIM (0.241459ms)
﹣ Windows CI 真实 PowerShell snapshot→token cleanup 语义 (0.05ms) # SKIP
✔ RSS 低信号同时要求固定包络与严格低于线性外推 (0.680542ms)
✔ RSS 多样本仅对独立中位组合应用 MB 取整传播容差，paired margin 与硬上限保持严格 (0.967333ms)
✔ RSS 对低信号保留三组，并对可测预算边界两侧对称扩展到五组成对采样 (0.511375ms)
✔ RSS 可测档取 relative/absolute 双预算较小值并拒绝精确线性增长 (0.098083ms)
✔ RSS 门禁独立保留 150MB 硬上限与可测亚线性预算 (0.062459ms)
✔ RSS 门禁对非法输入失败关闭并通过内建模型自校验 (0.270042ms)
✔ v3.2.0 closeout同步当前版本、冻结文档与三份发布说明 (15.147542ms)
✔ release evidence文本hash不受Windows CRLF checkout影响 (2.114709ms)
✔ R3.2.1 release snapshot锁定7 action独立production与rollback证据 (4.048375ms)
✔ R3.2.1 release evidence CLI输出有界machine-readable摘要 (57.816083ms)
✔ local release-check attempt #1失败不能被改写为PASS或被组件结果替代 (2.218208ms)
✔ remote required CI attempt #6只能在#183一次性Windows unit修复synchronize执行且保持pending (1.785125ms)
✔ native action不能由release snapshot误启用 (1.725542ms)
✔ inherited existing-dispatch action不能被本release snapshot误关 (2.282333ms)
✔ E04-C probe不能授权第二Writer production实现 (1.78225ms)
✔ E05-C small fixture收益不能代替representative gate (1.856917ms)
✔ Windows和人工资金恢复门禁不能由自动snapshot升级 (1.634375ms)
✔ action证据与rollback不能跨action借用 (1.63225ms)
✔ evidence source hash drift不能静默通过 (1.486583ms)
✔ v3.2.1 closeout同步当前版本、冻结文档、前序收口与三份发布说明 (7.216916ms)
✔ release evidence文本hash不受Windows CRLF checkout影响 (2.227041ms)
✔ 3.2.2共享sequence只允许在冻结全文后追加后续3.2.x章节 (0.162875ms)
✔ Git anchor只接受冻结base祖先中的真实reviewedHead:path blob (137.168792ms)
✔ R3.2.2 snapshot锁定10 action、18 base anchors与独立证据闭环 (1817.980333ms)
✔ 历史base anchor从冻结reviewed blob取证，不被后续版本合法改写反向失效 (1897.592791ms)
✔ 历史snapshot保持3.1.14事实，当前authority只接受3.2.2及后续v3.2.x稳定版本 (0.319083ms)
✔ validator CLI只读并输出有界machine-readable摘要 (2102.879959ms)
✔ 任一action的policy或production状态漂移均fail closed (1798.902ms)
✔ BankBU module policy不能伪装成公共runtime registration或production enable (1821.285334ms)
✔ 同步改snapshot ownership与rollback order仍被base anchor击穿 (1797.778875ms)
✔ base anchor换成另一真实blob且同步OID/hash仍不能改写action事实 (1790.589416ms)
✔ 全零不存在reviewedHead即使同步blob/hash也不能自证 (1785.03225ms)
✔ Duplicate import benchmark不能通过同步scope改名借给export (1751.432709ms)
✔ snapshot与validator specs同步retag仍被exact-base import action scope击穿 (1760.689ms)
✔ action-scoped evidence不能被另一个action直接借用 (1760.131375ms)
✔ Windows、真实进程、业务样本、资金与恢复gate不能被自动升级为PASS (1719.057791ms)
✔ 缺失或UNKNOWN gate不能作为release PASS (1794.136167ms)
✔ action顺序或缺项不能由其余action证据补偿 (1841.535375ms)
✔ Git blob OID与source hash任一漂移均不能静默通过 (1783.973625ms)
✔ 本地parser benchmark只授权所属import的LOCAL_CAPABILITY_ONLY (1841.918542ms)
✔ rollback字符串中的raw account与amount先命中privacy语义 (1855.207625ms)
✔ 递归privacy检查拒绝raw-like key与序列化business row (1847.817959ms)
▶ Unicode NFKC与常见分隔符下的中英文raw payload均优先命中privacy
  ✔ 中文账号key (1816.845ms)
  ✔ 中文金额key与小整数 (1840.994166ms)
  ✔ 空格分隔raw account key (1819.691ms)
  ✔ 全角冒号金额value (1762.873292ms)
  ✔ 中文全角业务行value (1789.877084ms)
✔ Unicode NFKC与常见分隔符下的中英文raw payload均优先命中privacy (9030.837834ms)
✔ hash OID version与普通中文说明不被privacy误报 (1743.806083ms)
✔ snapshot不得伪造版本bump或放宽data minimization profile (1814.446667ms)
✔ v3.2.2 closeout同步当前版本、冻结文档与三份发布说明 (6.700167ms)
✔ R3.2.3 历史 exact evidence 在原提交和原分支上完整复验 (28695.342042ms)
✔ v3.2.3 closeout 同步当前版本、冻结文档与三份发布说明 (7.137333ms)
✔ tests/unit/scripts/v3-2-4-release-evidence.test.js (77.185709ms)
✔ v3.2.4 closeout 同步当前版本、冻结文档、历史 evidence 与三份发布说明 (7.026459ms)
✔ v3.2.5 顶层合同只允许已记录的 E13-B/E13-C/E13-D/E13-E/E13-F/E13-G 证据型修订 (2.30625ms)
✔ v3.2.5 实施序列保持 E13-A 到 R3.2.5 的严格顺序 (0.205583ms)
✔ v3.2.5 preflight 不得用历史绿灯代偿当前 binding authority 漂移 (0.688416ms)
✔ R3.2.5 canonical release evidence 与 deterministic authority model 一致 (23.858834ms)
✔ contract package checksum 精确覆盖除 checksum 自身外的 74 个普通文件 (3.176917ms)
✔ package 新增或漏列普通文件时 checksum fail closed (1.883208ms)
✔ package 文件 bytes 漂移时 checksum fail closed (1.363041ms)
✔ checksum 伪造目录中不存在的额外文件时 fail closed (1.856917ms)
✔ checksum 重复、乱序、目录逃逸或非普通文件均 fail closed (2.104709ms)
✔ 54 actions 精确分成 36 implemented、16 legacy-only、2 platform canary (0.388167ms)
✔ E13-A～F 17 actions 与历史/legacy/canary assignment 无重叠且覆盖完整 (0.409083ms)
✔ 每个 action 都有九类独立证据字段和唯一 fixture (0.371291ms)
✔ 全部 evidence refs 指向当前树中的真实文件 (1.556291ms)
✔ 所有 action 的 effective strategy 与 production decision 都保持 legacy/0/false (0.347958ms)
✔ Windows、真实样本、观察窗口及资金/恢复人工门禁未被伪造为 PASS (0.275958ms)
✔ release-check/check-vars/scan:vars 仅记录用户要求跳过 (0.272792ms)
✔ 缺失 action 的 snapshot fail closed (11.532708ms)
✔ 额外 action 的 snapshot fail closed (11.108417ms)
✔ 重复 action 与 fixture fail closed (11.607ms)
✔ production mode 或 worker count 被启用时 fail closed (11.113208ms)
✔ production decision 被启用时 fail closed (10.811166ms)
✔ Windows 未执行却写 PASS 时 fail closed (11.04425ms)
✔ 资金或恢复人工复核被伪造为 PASS 时 fail closed (11.243042ms)
✔ 未开始的观察窗口被伪造稳定时 fail closed (11.224917ms)
✔ 不存在的 action evidence ref fail closed (10.412416ms)
✔ package 或 lock 不是 3.2.5 时 fail closed (11.364916ms)
✔ 后续 3.2.6 版本不能冒充 R3.2.5 的发布证据 (10.753208ms)
✔ 发布文档伪造 production 或资金人工 PASS 时 fail closed (6.370666ms)
✔ v3.2.5 metadata、三份发布文档与 54-action evidence 一致收口 (7.136833ms)
✔ args 要求 8 个不同 real inputs，默认 5 runs 并解析显式阈值/evidence file (1.756292ms)
✔ median 对奇偶样本确定性，timing 明确区分 parse wall 与 cumulative worker (0.139834ms)
✔ 完整 5-run 矩阵只有同时过 large/small/RSS/event-loop 才推荐 >1 (0.92925ms)
✔ 缺阈值、矩阵不全、资源越界均 NOT_EVALUATED 且 worker=1 (0.702375ms)
✔ evidence 仅保留 hash/count/size/safe environment，不含路径/文件名/free text (2.063083ms)
✔ warm-up 不计入 evidence，5轮按 scenario/run 确定性 rotation 交错 (2.188167ms)
✔ evidence-file 采用 exclusive atomic publish，既有文件绝不覆盖 (19.699291ms)
✔ CLI 同时输出 stdout JSON/可选 evidence file，failure 只输出稳定 code (9.472833ms)
✔ Main owner 每次唯一且 production effective worker 始终锁死 1 (0.227834ms)
✔ package.json 只有一个 benchmark:vcc-op-parser key 且指向唯一 CLI (0.342458ms)
✔ 实际 HDD 与无关 SSD 编号碰巧相同，真实 baseline 仍拒绝准入并保留原始身份 (7.184875ms)
✔ 实际 Unspecified 与无关 SSD 编号碰巧相同，真实 baseline 仍拒绝准入并保留原始身份 (0.729875ms)
✔ 强身份确认实际 SSD，即使 OS Number 与 PhysicalDisk.DeviceId 不同仍支持简单直接盘 (0.506375ms)
✔ 已证明目标直接 SSD 时，整机 Hypervisor 标记及无关未知设备不代替目标拓扑 (0.852417ms)
✔ 同一物理盘的其他用途不替代目标卷的实际关联 (1.564458ms)
✔ 普通 MBR/IFS 和 FAT32 直接 SSD 可准入，不以 GPT 显示名限制合同 (0.883833ms)
✔ 中文实例名和实际测试路径不被占位符检查误拒 (0.389084ms)
✔ 所有设备都返回全标点占位 ID --- 仍不能证明身份 (0.576333ms)
✔ 所有设备都返回全标点占位 ID ??? 仍不能证明身份 (0.503708ms)
✔ 目标 ID 空 保持 NOT_RUN (0.191542ms)
✔ 目标 ID 全零 保持 NOT_RUN (0.083209ms)
✔ 厂商自定义格式未支持 保持 NOT_RUN (0.064792ms)
✔ 物理身份缺失 保持 NOT_RUN (0.075042ms)
✔ 物理身份重复 保持 NOT_RUN (0.059542ms)
✔ OS 身份重复 保持 NOT_RUN (0.053167ms)
✔ OS 同身份编号冲突 保持 NOT_RUN (0.047583ms)
✔ 相同字符串不同 VPD 格式 保持 NOT_RUN (0.049333ms)
✔ 序列号冲突 保持 NOT_RUN (0.041458ms)
✔ 序列号为空 保持 NOT_RUN (0.04575ms)
✔ 容量冲突 保持 NOT_RUN (0.049333ms)
✔ 总线冲突 保持 NOT_RUN (0.040167ms)
✔ 未知 Location 保持 NOT_RUN (0.038125ms)
✔ OS 对象与清单矛盾 保持 NOT_RUN (0.044375ms)
✔ 多盘关联 保持 NOT_RUN (0.040541ms)
✔ 多分区卷 保持 NOT_RUN (0.040958ms)
✔ LDM 动态分区 保持 NOT_RUN (0.032584ms)
✔ 卷关联冲突 保持 NOT_RUN (0.031125ms)
✔ 分区范围超出磁盘 保持 NOT_RUN (0.037292ms)
✔ 已知虚拟盘关联 保持 NOT_RUN (0.03925ms)
✔ 虚拟机的 NVMe 外观不能证明宿主介质 保持 NOT_RUN (0.0395ms)
✔ 祖先 junction 保持 NOT_RUN (0.129666ms)
✔ 祖先证据不完整 保持 NOT_RUN (0.033167ms)
✔ 其他 case 的证据 保持 NOT_RUN (0.027834ms)
✔ 查询失败 保持 NOT_RUN (0.024916ms)
✔ 旧三字段证据不能升级 保持 NOT_RUN (0.036167ms)
✔ 未支持总线 0 不认定物理 SSD (0.058708ms)
✔ 未支持总线 1 不认定物理 SSD (0.03825ms)
✔ 未支持总线 7 不认定物理 SSD (0.05ms)
✔ 未支持总线 8 不认定物理 SSD (0.035792ms)
✔ 未支持总线 9 不认定物理 SSD (0.047125ms)
✔ 未支持总线 14 不认定物理 SSD (0.045083ms)
✔ 未支持总线 15 不认定物理 SSD (0.033458ms)
✔ 未支持总线 16 不认定物理 SSD (0.03325ms)
✔ PowerShell 以独立 argv 接收现有 config 路径，失败和无效 JSON 不得准入 (0.109625ms)
﹣ Windows PowerShell 采集器使用原始 CIM 枚举并完整遍历真实文件祖先 (0.244125ms) # 需要 Windows PowerShell；受控 Storage 对象不代替真实 CIM 查询
✔ 独立准备结束后按真实文件摘要读取，不把DB或样本留在内存 (7.975ms)
✔ 实际采集源码须匹配冻结身份，不能只比较两个复制的声明 (2.477375ms)
✔ 实际Git构建须匹配冻结身份，不能只复制旧HEAD或干净状态 (182.160792ms)
✔ 测量前拒绝同一进程 (2.217459ms)
✔ 测量前拒绝准备进程失败 (1.364667ms)
✔ 测量前拒绝准备进程被信号结束 (1.307709ms)
✔ 测量前拒绝其他运行 (1.037208ms)
✔ 测量前拒绝其他候选 (1.149084ms)
✔ 测量前拒绝其他case (1.170667ms)
✔ 测量前拒绝采集脚本漂移 (1.879584ms)
✔ 测量前拒绝两份声明相同但与实际脚本不符 (1.493166ms)
✔ 测量前拒绝元数据篡改 (1.26975ms)
✔ 测量前拒绝数据库被删 (1.398875ms)
✔ 测量前拒绝同大小文件替换 (3.515166ms)
✔ 测量前拒绝准备后新增WAL (1.820917ms)
✔ 测量前拒绝主库缺失被声明为正常 (1.185083ms)
✔ 测量前拒绝路径逃出测试目录 (1.079167ms)
✔ 测量前拒绝文件清单遗漏 (1.144959ms)
✔ 从两个真实 JSONL 文件独立复算；允许 case 输入次序变化与不同样本 SHA (12.784709ms)
✔ 精确 256 MiB 边界通过，多一字节失败 (4.899625ms)
✔ 小样本更高基线掩盖绝对差时，增长差仍拒绝 (3.719042ms)
✔ 增长差合规但绝对峰值差超标仍拒绝 (2.805166ms)
✔ 32 MiB 基线漂移可比；多一字节即不可比，不能补偿预算 (4.051667ms)
✔ 采样跨多个读取块，仍复算全部记录和哈希 (8.0095ms)
✔ 证据不足保持 NOT_RUN：缺少一个规模 (2.548167ms)
✔ 证据不足保持 NOT_RUN：重复 case (1.866584ms)
✔ 证据不足保持 NOT_RUN：额外 case (2.087542ms)
✔ 证据不足保持 NOT_RUN：smoke (2.950833ms)
✔ 证据不足保持 NOT_RUN：未知构建 (2.36325ms)
✔ 证据不足保持 NOT_RUN：不同构建 (2.337959ms)
✔ 证据不足保持 NOT_RUN：自动失败 (2.585333ms)
✔ 证据不足保持 NOT_RUN：缺少清理 (2.487ms)
✔ 证据不足保持 NOT_RUN：缺少回读 (2.304708ms)
✔ 证据不足保持 NOT_RUN：子进程失败 (2.671375ms)
✔ 证据不足保持 NOT_RUN：子进程信号 (2.867042ms)
✔ 证据不足保持 NOT_RUN：矛盾失败记录 (2.567625ms)
✔ 证据不足保持 NOT_RUN：基准未通过 (2.58125ms)
✔ 证据不足保持 NOT_RUN：非 Windows (2.849792ms)
✔ 证据不足保持 NOT_RUN：不同 CPU (2.525542ms)
✔ 证据不足保持 NOT_RUN：不同机器 (2.48725ms)
✔ 证据不足保持 NOT_RUN：不同运行实例 (2.94825ms)
✔ 证据不足保持 NOT_RUN：不同磁盘实例 (2.305917ms)
✔ 证据不足保持 NOT_RUN：不同卷 (2.82125ms)
✔ 证据不足保持 NOT_RUN：不同物理盘 (2.410708ms)
✔ 证据不足保持 NOT_RUN：缺少原始卷 (2.172291ms)
✔ 证据不足保持 NOT_RUN：缺少 SSD 证明 (2.14975ms)
✔ 证据不足保持 NOT_RUN：内存无穷 (2.217083ms)
✔ 证据不足保持 NOT_RUN：生产 dirty (2.697709ms)
✔ 证据不足保持 NOT_RUN：未冻结采样器 (2.258208ms)
✔ 证据不足保持 NOT_RUN：不同验证器 (2.307334ms)
✔ 证据不足保持 NOT_RUN：非冷进程 (2.874042ms)
✔ 证据不足保持 NOT_RUN：准备未退出 (2.161125ms)
✔ 证据不足保持 NOT_RUN：准备进程即测量宿主 (2.322791ms)
✔ 证据不足保持 NOT_RUN：准备构建不同 (2.266459ms)
✔ 证据不足保持 NOT_RUN：准备哈希缺失 (2.701959ms)
✔ 证据不足保持 NOT_RUN：同一测量宿主 (6.082042ms)
✔ 证据不足保持 NOT_RUN：窗口倒序 (7.411ms)
✔ 证据不足保持 NOT_RUN：开始前缺样本 (2.69575ms)
✔ 证据不足保持 NOT_RUN：结束后缺样本 (3.114917ms)
✔ 证据不足保持 NOT_RUN：缺少阶段 (2.382083ms)
✔ 证据不足保持 NOT_RUN：阶段重复 (2.577875ms)
✔ 证据不足保持 NOT_RUN：阶段结果缺失 (2.484625ms)
✔ 证据不足保持 NOT_RUN：阶段次序倒置 (2.250834ms)
✔ 证据不足保持 NOT_RUN：Worker 异常退出 (2.551583ms)
✔ 证据不足保持 NOT_RUN：改变行数 (2.392042ms)
✔ 证据不足保持 NOT_RUN：改变固定调整数 (2.358292ms)
✔ 证据不足保持 NOT_RUN：改变输入 Sheet 数 (3.323416ms)
✔ 证据不足保持 NOT_RUN：改变布局次序 (2.458458ms)
✔ 证据不足保持 NOT_RUN：重复分组 (2.313167ms)
✔ 证据不足保持 NOT_RUN：缺少主体 (2.498375ms)
✔ 证据不足保持 NOT_RUN：sampler 未通过 (2.490167ms)
✔ 证据不足保持 NOT_RUN：改变采样频率 (2.321334ms)
✔ 证据不足保持 NOT_RUN：扩大采样容差 (2.274667ms)
✔ 证据不足保持 NOT_RUN：摘要 NaN (3.246625ms)
✔ 证据不足保持 NOT_RUN：伪造摘要峰值 (2.897958ms)
✔ 证据不足保持 NOT_RUN：伪造摘要次数 (2.962291ms)
✔ 证据不足保持 NOT_RUN：原始序列缺口 (3.436167ms)
✔ 证据不足保持 NOT_RUN：原始 PID 不匹配 (3.524875ms)
✔ 证据不足保持 NOT_RUN：伪装 Main 线程 (3.701416ms)
✔ 证据不足保持 NOT_RUN：原始 RSS null (2.742167ms)
✔ 证据不足保持 NOT_RUN：原始 RSS 字符串 (2.636417ms)
✔ 证据不足保持 NOT_RUN：原始 RSS 负数 (2.642708ms)
✔ 证据不足保持 NOT_RUN：原始 RSS 不安全整数 (2.674833ms)
✔ 证据不足保持 NOT_RUN：单调时间倒退 (2.461458ms)
✔ 证据不足保持 NOT_RUN：原始哈希篡改 (3.550167ms)
✔ 证据不足保持 NOT_RUN：原始文件不存在 (2.510292ms)
✔ 证据不足保持 NOT_RUN：原始尾行未完成 (2.92475ms)
✔ 实际 750 ms 采样间隙可用，超过一纳秒即拒绝，即使摘要与文件一致 (3.68725ms)
✔ 没有周期样本时不能用首尾两个点通过 PF01 (2.528708ms)
✔ 两份证据都把 OS 磁盘与另一物理盘配对时仍拒绝 (2.558416ms)
✔ 超长未结束 JSONL 行有固定上限，不能无限缓冲 (3.15325ms)
✔ 实际身份与准备原始证据拒绝：缺少实际脚本哈希 (2.141167ms)
✔ 实际身份与准备原始证据拒绝：实际脚本与声明不同 (2.127084ms)
✔ 实际身份与准备原始证据拒绝：采集脚本运行中变化 (2.418375ms)
✔ 实际身份与准备原始证据拒绝：缺少实际生产身份 (2.035792ms)
✔ 实际身份与准备原始证据拒绝：实际生产 HEAD 不同 (2.039333ms)
✔ 实际身份与准备原始证据拒绝：实际生产文件 dirty (2.049916ms)
✔ 实际身份与准备原始证据拒绝：生产身份运行中变化 (2.428417ms)
✔ 实际身份与准备原始证据拒绝：准备文件未经实际核验 (2.935291ms)
✔ 实际身份与准备原始证据拒绝：缺少原始准备路径 (2.452709ms)
✔ 实际身份与准备原始证据拒绝：缺少原始准备文件 (2.653459ms)
✔ 实际身份与准备原始证据拒绝：原始准备文件字节篡改 (2.304708ms)
✔ 实际身份与准备原始证据拒绝：原始准备文件摘要伪造 (2.035209ms)
✔ 实际身份与准备原始证据拒绝：缺少 preparedFiles (2.2005ms)
✔ 实际身份与准备原始证据拒绝：preparedFiles 非数组 (2.359292ms)
✔ 实际身份与准备原始证据拒绝：preparedFiles 顺序错误 (2.068458ms)
✔ 实际身份与准备原始证据拒绝：preparedFiles 摘要与原始记录不同 (2.771541ms)
✔ 实际身份与准备原始证据拒绝：原始准备 case 不同 (2.944583ms)
✔ 实际身份与准备原始证据拒绝：原始准备 runId 不同 (2.237875ms)
✔ 实际身份与准备原始证据拒绝：原始准备 PID 不同 (2.010792ms)
✔ 实际身份与准备原始证据拒绝：原始准备退出失败 (2.103416ms)
✔ 实际身份与准备原始证据拒绝：原始 fixture JSON 被改但摘要未改 (2.428625ms)
✔ 实际身份与准备原始证据拒绝：原始 fixture 改行数并重算摘要仍与比较元数据冲突 (2.400125ms)
✔ 实际身份与准备原始证据拒绝：原始准备缺少实际脚本身份 (2.753791ms)
✔ 实际身份与准备原始证据拒绝：原始准备实际脚本与声明不同 (4.596709ms)
✔ 实际身份与准备原始证据拒绝：原始准备实际生产 HEAD 不同 (5.98225ms)
✔ 实际身份与准备原始证据拒绝：原始准备未记录结束时生产身份 (4.301458ms)
✔ 原始和复制列表共同非法仍拒绝：漏掉 SHM (2.716792ms)
✔ 原始和复制列表共同非法仍拒绝：重复文件 (3.068958ms)
✔ 原始和复制列表共同非法仍拒绝：错误 DB 路径 (2.669667ms)
✔ 原始和复制列表共同非法仍拒绝：缺少 DB (3.381917ms)
✔ 原始和复制列表共同非法仍拒绝：缺少 input (2.396916ms)
✔ 原始和复制列表共同非法仍拒绝：exists 非布尔 (2.053042ms)
✔ 原始和复制列表共同非法仍拒绝：缺失 WAL 带伪造摘要 (2.094458ms)
✔ 原始和复制列表共同非法仍拒绝：DB 大小负数 (2.723625ms)
✔ 原始和复制列表共同非法仍拒绝：DB 大小为零 (2.453584ms)
✔ 原始和复制列表共同非法仍拒绝：input 摘要缺失 (2.429666ms)
✔ 原始和复制列表共同非法仍拒绝：input 摘要非法 (2.577125ms)
✔ WAL/SHM 显式缺失及真实存在的完整元数据两种准备状态均允许 (3.695334ms)
✔ 测后 DB 字节合法变化不触发重新哈希，但原始准备证据始终必须完整 (2.762333ms)
✔ 真实 Main 与业务 Worker 忙循环期间同 PID 非主线程继续采样，首尾覆盖握手 (679.124333ms)
✔ 默认500ms、即刻stop仍含首尾样本，结束后文件句柄已关闭 (14.94125ms)
✔ wx输出冲突拒绝且不覆盖原文件，worker退出 (14.994167ms)
✔ 输出目录不存在时首样本前拒绝，不伪造ready (14.798792ms)
✔ 真实worker第二次写入故障后stop明确reject且重复stop共享失败 (95.178667ms)
✔ 同步短写完整重试，raw SHA与所有行仍正确 (15.517125ms)
✔ 写入无进展不能静默漏样或报告PASS (14.31775ms)
✔ 实际采样线程延迟导致gap超限必须NOT_RUN（包括尾部gap） (177.834041ms)
✔ worker在首样本前退出0必须reject (12.563416ms)
✔ worker在首样本前退出23必须reject (13.355542ms)
✔ ready之后没有complete便退出0，stop仍不能PASS (15.388709ms)
✔ 启动超时有界拒绝并terminate真实挂起线程 (203.489708ms)
✔ stop握手超时有界拒绝、终止线程且失败Promise幂等 (216.366209ms)
✔ 非法interval或缺少输出路径在启动前拒绝 (0.220041ms)
✔ owner marker 只允许删除 exact direct child，且绝不允许删除根或 source golden (4.641958ms)
✔ finalizeOwnedWorkRoot 用 lstat 识别删除后被替换的 dangling symlink (1.182458ms)
✔ owner marker 缺失、root symlink 或 target identity 不精确时 fail closed (1.238667ms)
✔ output parent identity 冻结后若被 rename→symlink 重定向，写前失败且攻击目录无输出 (1.561625ms)
✔ output guard 拒绝任一 protected input 自身为 symlink/reparse alias (0.64725ms)
✔ 3.1.12 phase inventory 必须 TechDoc 12 项 exact once/closed/finite/legal，3.1.11 明确 unavailable (6.806458ms)
✔ formal evaluator 分别计算 installer/portable raw median，process/final 只能走后两阶段 (47.925ms)
✔ formal 禁止三字段 environment，并从 canonical machine fields 重算 digest 绑定 candidate/privacy (28.419458ms)
✔ MANUAL receipt 使用 M→process→R→final 非自引用时序链，拒绝预签和倒序时间 (35.808541ms)
✔ receipt chronology 使用 canonical ISO 与可注入 now，拒绝未来、非 canonical 和倒序 (49.71525ms)
✔ 70% threshold 使用未 round 的完整 Number median，展示值只在裁决后 round (0.094958ms)
✔ finalize 重跑 canonical sample/median gates，不信 cached comparison 或 candidate SHA (23.268584ms)
✔ bind/finalize output exact/symlink/hardlink alias draft 时在读取/写入前拒绝且 draft 不变 (2.954708ms)
✔ evaluator 不过滤 failed/missing 样本、不合池；任一完整配对低于70%即 fail (27.711791ms)
✔ rehearsal 永远 not-evaluated，不能被 receipt 或高收益升级为 formal pass (12.2675ms)
✔ formal 任一 scenario/workRoot cleanup 未证实即 not-evaluated (11.400667ms)
✔ formal exact-8/rotation/首样本/process cleanup/synthetic origin 任一破坏都 fail-closed (92.319458ms)
✔ public projection 保留完整 phase/before-after/recovery/migration/cleanup 证据且不携带 SQL/raw path (11.059458ms)
✔ finalize 从结构化 projection 重验 phase/bundle/recovery/migration/cleanup，不以 fullReport digest 替代 (75.027958ms)
✔ main/WAL/SHM non-null identity 必须 64hex，ready mode/duration 必须与 phase records 交叉绑定 (67.711167ms)
✔ raw/projected timing 必须满足 external>=renderer/window/startupTotal 且 startupTotal>=windowReady (20.915084ms)
✔ 整个 comparison 的 nonce 与 non-normal cleanup token 必须唯一且精确绑定坐标 (30.857167ms)
✔ failed sample 仍保留每场景安全 projection 与 explicit unavailable，不清空全部 scenarios (28.168167ms)
✔ 缺单 variant、缺 samples 或缺 variants 都生成 strict unavailable projection (34.651ms)
✔ normal 仅首轮绑定 approved golden，后续严格 previous.after→next.before 连续 (22.863375ms)
✔ formal evaluator 必须把三份 runner artifact identity 绑定到 installer-installed/portable freeze provenance (39.156625ms)
✔ golden manual receipt 必须结构化绑定 hash/size/scenario，不能用自由字符串冒充机器证据 (2.375083ms)
✔ NSIS setup 必须真实安装到受控根并形成 setup→installed exe provenance；portable 只冻结复制 (5.769875ms)
✔ 磁盘预算按 normal 五份同时副本与 non-normal 逐样本峰值计算，不按累计72.5GB保留 (0.674791ms)
✔ Windows 环境证据由机器采集且 Defender exclusion 只记录命中布尔，不泄露原始路径 (0.293083ms)
✔ 机器环境不发布 WMI/PE 自由原文，Defender 三布尔缺失不得伪造成 false (0.102542ms)
✔ power plan GUID 仅接受 canonical UUID shape，公开前规范为 lowercase (46.304625ms)
✔ privacy allowlist 拒绝绝对路径、raw/log/userData/Documents 字段和未知顶层字段 (0.65325ms)
✔ controlled rehearsal 同一 host 串行三场景、non-normal 每样本清理且最终只留下 allowlist 报告 (33.085875ms)
✔ controlled orchestration 在任何写入前拒绝不完整场景、非精确 inputs 与 workRoot 内 receipt (1.448666ms)
▶ formal 在创建 workRoot/安装/runner 前强制校验三份 golden manual receipt 与 source bundle
  ✔ missing receipt (1.490375ms)
  ✔ source hash mismatch (1.941541ms)
  ✔ invalid signer and extra schema key (1.594375ms)
  ✔ tiny exact matching golden (1.742292ms)
✔ formal 在创建 workRoot/安装/runner 前强制校验三份 golden manual receipt 与 source bundle (7.070083ms)
✔ output exact/symlink/hardlink alias 在任何安装或 runner mutation 前拒绝且源身份不变 (1.73325ms)
✔ 默认关闭，归一化返回独立副本且不回写输入 (1.753584ms)
✔ 默认跨午夜时段包含开始分钟、不包含结束分钟 (0.133167ms)
✔ 自定义当天时段和跨午夜时段覆盖一天内每个分钟 (1.7375ms)
✔ 坏配置写入被拒绝，读取安全关闭；相同时刻不解释为全天 (0.394583ms)
✔ 同一时刻按本机时区判断，而非按 UTC 判断 (95.987416ms)
✔ 独立浏览器脚本与 Node 共用同一时间规则 (0.780084ms)
▶ parsePaymentBigAccounts
  ✔ 单账号与多账号按原序规范化 (0.996ms)
  ✔ 严格拒绝空值、空段、错误分隔符和重复账号 (0.081209ms)
  ✔ 大小写敏感且不改变前导零 (0.060208ms)
✔ parsePaymentBigAccounts (1.686958ms)
▶ VCC 财务OP生效差异共享判定
  ✔ 0、0.00 与 -0.00 均为零 (0.488959ms)
  ✔ 任意正负非零规范值均不为零 (0.055458ms)
  ✔ 非法或非字符串输入失败关闭 (0.19925ms)
✔ VCC 财务OP生效差异共享判定 (1.28325ms)
✔ 按发布安全名称复制 setup、blockmap 和 portable，并校验 SHA512 (4.251333ms)
✔ 拒绝哈希不匹配、非法版本和包含目录穿越的 metadata (3.483459ms)
✔ 拒绝缺失或重复的原始 portable，避免发布资产选择歧义 (3.123959ms)
✔ BIFF8 零宽列和默认隐藏行进入统一载荷前保持不可见语义 (1.488917ms)
✔ 真实 BIFF8 值层与样式 overlay 汇入统一 ToolboxRow 契约 (20.227458ms)
✔ BIFF8 pass 关闭后拒绝继续扫描 (5.707042ms)
✔ SheetJS 实际 BIFF8 的低位 id 60 自定义日期格式受物理 FORMAT 驱动，并按 Date1904 加 1462 (6.773667ms)
✔ 无物理 FORMAT 的 locale canonical built-in id 14/37 不被值层逐字差异误拒 (2.20175ms)
✔ BIFF8 logical record scanner 拼接 Continue 并保留物理边界 (1.494083ms)
✔ MsoCrc32Compute 使用 0 初值、0xAF 多项式和 MSB-first 顺序 (0.099541ms)
✔ BIFF8 record scanner 覆盖 globals、布局和全部带 XF cell records (8.131292ms)
✔ BIFF8 Dimensions 必须唯一完整，并以半开区间校验最大边界、Row 与 cell table (7.414167ms)
✔ BIFF8 Row reserved1 非零必须失败关闭 (0.805292ms)
✔ BIFF8 合法零宽与默认隐藏零高度不得在解析层丢失 (0.785291ms)
✔ LibreOffice ColInfo 末列 256 哨兵收口为 BIFF8 最后一列，越界仍失败关闭 (8.665333ms)
✔ BIFF8 Format 以物理记录覆盖允许的低位范围，保护 canonical built-in，id 164 保持可用 (3.823667ms)
✔ BIFF8 Font ShortXLUnicodeString 接受压缩 ASCII 字体名 (0.607291ms)
✔ BIFF8 Number、Formula、RK 与 MulRK 的非有限数值一律 fail-closed (1.7915ms)
✔ BIFF8 Formula special cached value 严格校验类型、reserved bytes 和值域 (1.341041ms)
✔ BIFF8 BoolErr 严格区分 boolean/error 并校验各自值域 (1.153334ms)
✔ BIFF8 overlay 从 CFB 解析完整样式、Theme/XFExt 颜色和 whole-XF precedence (1.715292ms)
✔ BIFF8 overlay projection 对 sheet、坐标和 XF 均严格 fail-closed (1.86725ms)
✔ BIFF8 非 0x0600、FilePass、损坏 BoundSheet offset 和未知 XFExt 均 fail-closed (2.936708ms)
✔ BIFF8 XFCRC 的 presence、count 和 MsoCrc32 checksum 均严格校验 (2.314042ms)
✔ BIFF8 CellXF fHasXFExt 双向一致，StyleXF reserved2 与 XFExt 独立 (1.554125ms)
✔ BIFF8 XFExt 重复和越界继续 fail-closed (0.950583ms)
✔ 真实 BIFF8 资产能解析 Theme、XFExt 和全部 cell/style XF (6.331875ms)
✔ CSV pass 用默认样式包装旧 reader 字符串矩阵，长编号与词法值不转型 (3.186ms)
✔ 空文件与纯空 CSV 都作为单个 0 行伪 Sheet 扫描 (1.320458ms)
✔ 预取消与扫描中取消均抛专用错误，pass 可在取消后重新扫描 (0.817792ms)
✔ 文件读取失败沿用 FileValidationError，关闭后拒绝扫描 (0.767ms)
✔ 工具箱 strict opener 拒绝重复 ZIP entry，避免同一路径出现两套业务值 (6.531875ms)
✔ 共享 ZIP reader 默认契约保持首项优先，只有 strict 调用方启用拒绝 (1.796208ms)
✔ ST_Xstring 单次解码并保护大小写 escape 字面量 (0.721208ms)
✔ ST_Xstring 往返保留控制字符、CRLF、DEL 与 emoji (0.107ms)
✔ Excel 文本上限按 UTF-16 code unit 保守计数，拒绝未配对代理项 (0.239375ms)
▶ toolbox-format model
  ✔ ToolboxRow 使用按列排序的稀疏显式单元格，重复坐标最后一个生效 (0.533875ms)
  ✔ XLSX matchValue 使用普通工具箱旧路径 projection 后 trim (0.747083ms)
  ✔ 输出投影保护长数字，数值日期 1904→1900，公式只用缓存值 (0.931334ms)
  ✔ 无效 t=d 降级文本并产生最多 20 条有界 warning (0.2945ms)
✔ toolbox-format model (3.087417ms)
▶ toolbox-format number-date
  ✔ locale-dependent built-in 日期/时间格式展开为明确中文格式，未知 id 不降级 General (0.845ms)
  ✔ 科学词法转 canonical plain decimal，保留符号和有效小数位 (0.413458ms)
  ✔ 仅 Excel 15 位安全数写 number，其余写 canonical text + @ (0.440042ms)
  ✔ General/科学格式按有效小数位生成非科学格式，不把词法尾零变成末尾小数点 (0.391042ms)
  ✔ canonical plain decimal 受 Excel 单元格文本上限约束，极端指数快速 fail-closed (0.462709ms)
  ✔ 日期格式分类跳过引号、转义、颜色和条件，识别 elapsed time (0.259791ms)
  ✔ 1904 serial 用十进制定点加 1462，不经过浮点 (0.138375ms)
  ✔ OOXML t=d 按 wall-clock 转 1900 serial，忽略 Z/offset 且不使用本地时区 (0.277792ms)
✔ toolbox-format number-date (4.287042ms)
✔ sharedStrings 接受 Transitional/Strict，保留合法文本并忽略 phonetic 节点 (4.793959ms)
✔ sharedStrings 接受任意合法 prefix，并继续忽略真正未知的空扩展节点/属性 (0.549792ms)
✔ sharedStrings 按每个 t 单次解码 ST_Xstring，不跨 rich run 拼接 escape (0.268292ms)
✔ sharedStrings 对单个 t 原始词法和 rich run 累计语义长度均提前限流 (9.213834ms)
✔ sharedStrings 已识别元素必须精确匹配 SpreadsheetML 规范大小写 (1.13ms)
✔ si 必须是 sst 直属且不可嵌套 (0.341333ms)
✔ 只采集 si/t 或 si/r/t，wrapper、rPr 和错层 r 中的 t 均 fail-closed (1.003ms)
✔ 合法 t 之外的非空文本值不得注入 shared string (0.218375ms)
✔ plain si 与每个 rich r 最多一个直属 t，重复 t 不得拼接 (0.347833ms)
✔ sharedStrings 的识别节点遇到缺失或未知 namespace 时 fail-closed (0.604084ms)
✔ 合法 styles.xml：严格直属层级、缺省 count、常见扩展与 custom indexed palette 保持兼容 (3.921958ms)
✔ styleSheet 根与直属 section：wrapper、重复和错层 recognized section 均 fail-closed (0.562542ms)
✔ style section 条目只能是对应 section 的直接子元素 (0.719458ms)
✔ font/fill/border/xf 的可消费属性必须位于合法直接父节点 (0.550708ms)
✔ 同一组件内重复的 recognised 单值元素 fail-closed (0.366125ms)
✔ 声明的 section count 必须是非负安全整数并等于直属条目数 (0.403833ms)
✔ 低 numFmtId 仅接受 Excel 物理 FORMAT 区间，受保护 built-in 不得覆盖 (1.192791ms)
✔ styles.xml 已识别元素与已消费属性必须精确匹配规范 camelCase (0.725416ms)
✔ 已解析 boolean 属性只接受 0/1/true/false 词法 (0.543208ms)
✔ styles/theme 接受 Transitional/Strict 任意合法 prefix 与真正未知扩展 (0.901459ms)
✔ strict SpreadsheetML/DrawingML 命名空间保持兼容，错误 URN 完整结构 fail-closed (0.367ms)
✔ 已消费数值与枚举接受常见合法值且拒绝显式无效值 (0.732833ms)
✔ 已消费数值先校验 XML lexical，不接受 Number() 可解析的伪十进制或空白 (0.324875ms)
✔ 合法 theme.xml：唯一直属 themeElements/clrScheme，并兼容根级扩展 (0.14425ms)
✔ srgbClr/sysClr 的未实现 DrawingML color transform 必须 fail-closed (0.21875ms)
✔ theme.xml 已识别 DrawingML 元素与颜色属性必须精确匹配规范 camelCase (0.432916ms)
✔ themeElements 与主 clrScheme 必须唯一且为合法直接子元素 (0.326375ms)
▶ toolbox-format style registry
  ✔ theme/indexed/tint 先解析为明确 ARGB (2.204458ms)
  ✔ OOXML XF 按 xfId/apply* 解析完整有效样式并去重 (3.103125ms)
  ✔ OOXML textRotation 135/255 转成 ExcelJS 的 -45/vertical，非法值 fail-closed (1.984583ms)
  ✔ 截断 styles/theme 必须 fail-closed，日期 XF 不得因 styles 截断退回 General (0.361958ms)
  ✔ theme 颜色槽不允许嵌套串色、重复声明或无法固化的系统色 (0.164666ms)
  ✔ 存在的 theme.xml 必须完整声明全部必需颜色槽，不得用默认主题色混补 (0.755708ms)
  ✔ font/fill/border 的显式 OOXML 颜色严格校验来源、范围、冲突和未知属性 (1.700584ms)
  ✔ 来源样式优先级固定为 cell → custom row → column → default (0.169875ms)
  ✔ 损坏的 XF component/parent 引用 fail-closed，不静默套默认样式 (0.323417ms)
  ✔ locale-dependent built-in numFmt 保留日期语义，未知 built-in id fail-closed (0.864958ms)
  ✔ OutputStyleRegistry 按最终 component/XF 签名去重并在变更前执行预算 (0.378958ms)
✔ toolbox-format style registry (12.8095ms)
▶ 可选词法审计跨 UTF-8 chunk 保留原 cell body，历史取值与完整语义独立
  ✔ chunk=1 (7.394375ms)
  ✔ chunk=5 (1.25925ms)
  ✔ chunk=64 (0.6305ms)
  ✔ chunk=932 (0.533292ms)
✔ 可选词法审计跨 UTF-8 chunk 保留原 cell body，历史取值与完整语义独立 (10.987ms)
✔ 合法 worksheet：唯一根、唯一直接 sheetData，且只消费其直接 row (0.619292ms)
✔ worksheet 必须是唯一根：wrapper、嵌套 worksheet 和根外注入均 fail-closed (0.90075ms)
✔ sheetData 必须是 worksheet 的唯一直接子元素 (0.458333ms)
✔ row 仅允许作为合法 sheetData 的直接子元素 (0.576958ms)
✔ 单元格和值节点必须位于合法直接父节点，禁止 wrapper 注入业务值 (1.266916ms)
✔ 布局节点必须位于合法层级且容器唯一，禁止 wrapper 注入列宽 (0.771166ms)
✔ 合法内联 rich text、公式缓存值和列布局保持可解析 (0.860333ms)
✔ 工作表整数、数值和布尔属性使用严格 OOXML 词法，不把损坏值当缺省值 (0.7035ms)
✔ SpreadsheetML 命名空间严格校验，外部命名空间不能注入业务单元格 (0.391166ms)
✔ SpreadsheetML 已知元素 local name 必须精确匹配规范大小写 (0.697541ms)
✔ worksheet 受消费属性必须按所在元素精确匹配规范大小写 (1.595333ms)
✔ 合法 SpreadsheetML namespace 前缀保持可解析，真正未知扩展元素与属性继续忽略 (0.265959ms)
✔ inlineStr 不拼接同一 plain 容器或同一 rich run 的重复 t (0.26975ms)
✔ 显式布尔词法和单元格类型必须可解释，不能静默改成 false 或文本 (0.36475ms)
✔ 错误单元格仅接受 Excel 合法错误码，缺值或未知错误 fail-closed (1.497291ms)
✔ 已消费整数、布尔和单元格坐标属性的显式空值不得按缺省值解释 (0.932166ms)
✔ worksheet 对 v、f、inline t 的超长词法在累计阶段提前拒绝 (11.115458ms)
✔ cell 类型与 v/f/is 载荷必须一致，禁止静默丢弃实际 payload (0.791625ms)
✔ 合法 inline rich text 与字符串/数值公式缓存值保持可解析 (0.246708ms)
✔ 数值与日期 v 必须符合声明类型，不能降级成文本 (0.475625ms)
✔ worksheet 数值单元格快速拒绝会放大 canonical 文本的极端指数 (0.718083ms)
✔ t=d 日历或时区词法损坏时 fail-closed，不能冒充范围外日期降级 (0.560625ms)
✔ t=d 日历合法但超 Excel 范围时保留原词法并进入文本降级 warning 链路 (0.432333ms)
✔ 带样式但没有 v 的 t=d 保持 explicit blank，输出不产生日期降级 warning (0.155875ms)
✔ 布局宽高只接受可由 writer 保真的正有限十进制词法 (1.632208ms)
✔ row/col outlineLevel 仅允许 0..7 的整数 (0.403167ms)
▶ toolbox-format xlsx pass/scanner
  ✔ 一次 pass 解析 workbook/styles/theme/SST，并按显示顺序流式产出稀疏 ToolboxRow (18.265792ms)
  ✔ workbook、Relationships 与 SST 接受 Strict OOXML namespace (3.799041ms)
  ✔ workbook 与 Relationships 接受 Transitional/Strict 的任意合法 namespace prefix (0.38525ms)
  ✔ 同一 pass 禁止并发扫描，关闭后不能继续读取 (3.524208ms)
  ✔ 专用 SST/inline rich parser 拼正常 t run，并忽略 rPh/phoneticPr (2.553125ms)
  ✔ inline/str 文本按独立 t/v 单次解码 ST_Xstring，不跨 rich run 合并 escape (2.711542ms)
  ✔ 重叠 col 范围保留 XML 声明顺序，后声明范围继续覆盖前声明范围 (2.338833ms)
  ✔ 共享字符串索引越界 fail-closed，不静默变空串 (2.026ms)
  ✔ row r 非严格递增、同 row 重复 cell 坐标均 fail-closed (4.507708ms)
  ✔ 截断 worksheet/cell/row XML 必须 fail-closed，不得把已解析前缀当成功 (2.285708ms)
  ✔ 截断 workbook.xml 必须在打开阶段失败，不得只处理已解析的工作表前缀 (1.665333ms)
  ✔ sheet 只能是唯一 sheets 容器直属，wrapper 中的额外 Sheet 不得被静默漏读 (1.628083ms)
  ✔ workbookPr 必须是 workbook 直属且最多一个，错层或重复均 fail-closed (3.102333ms)
  ✔ workbookPr.date1904 若存在仅接受 OOXML boolean 词法 (25.130958ms)
  ✔ workbook extLst/ext 内允许 foreign namespace 扩展同名元素 (0.215917ms)
  ✔ foreign namespace 扩展仅能位于 workbook 直属 extLst/ext 内 (0.375875ms)
  ✔ sheet state 缺省为 visible，三种 OOXML 枚举值均保持原值 (0.127125ms)
  ✔ sheet state 显式非法值在打开阶段 fail-closed，不按 visible 兜底 (13.513542ms)
  ✔ workbook 识别节点与关系 id 遇到缺失或未知 namespace 时 fail-closed (0.418833ms)
  ✔ workbook 业务元素与已消费属性必须精确匹配规范大小写 (0.302541ms)
  ✔ Relationships 元素与 Id/Type/Target/TargetMode 必须精确匹配规范大小写 (0.201959ms)
  ✔ Relationships 识别节点 namespace 与 TargetMode 枚举非法时 fail-closed (0.254666ms)
  ✔ 重复 relationship Id、工作表 r:id 和 worksheet entry path 均 fail-closed (4.957875ms)
  ✔ 工作表名称按 Excel 语义大小写不敏感唯一，冲突时在打开阶段失败 (1.318666ms)
  ✔ 工作表关系缺失、类型错误、外部关系或 entry 不存在均在打开阶段失败 (4.402333ms)
  ✔ Relationship Type 必须精确命中 Office URI，同后缀恶意 URI 四类均 fail-closed (4.656333ms)
  ✔ 已声明的 sharedStrings/styles/theme 关系异常时不得回退固定路径 (10.877916ms)
  ✔ wrapper 中的 sharedStrings/styles/theme Relationship 不得被忽略后固定路径回退 (5.054708ms)
  ✔ 错误 Type 的 Relationship 占用标准 metadata 路径时不得 fallback (3.419541ms)
  ✔ sharedStrings/styles/theme 关系完全不存在时兼容规范固定 entry (2.063167ms)
  ✔ 存在但截断的 SST/styles/theme 均 fail-closed，缺少可选 entry 仍使用默认语义 (7.33025ms)
  ✔ 取消抛专用错误，不返回 partial success；SST >=1.2GB 在打开流前拒绝 (2.208ms)
  ✔ workbook/rels/styles/theme metadata part 均有中央目录与运行时双重上限 (0.463083ms)
  ✔ 高压缩超限 styles.xml 在解压前 fail-closed (134.06675ms)
✔ toolbox-format xlsx pass/scanner (271.360667ms)
✔ magic 优先：ZIP OOXML 即使扩展名是 .xls 仍判为 xlsx (1.881667ms)
✔ magic 优先：OLE/CFB 即使扩展名是 .xlsx 仍判为 xls (0.530417ms)
✔ CSV 仅按扩展名进入无样式词法路径 (0.636042ms)
✔ XML Spreadsheet 伪装 .xls 明确拒绝并提示转换 (0.730209ms)
▶ toolbox output publication
  ✔ required target parent等于fixed recovery root时在journal/index/target写入前稳定拒绝 (6.053458ms)
  ✔ required target parent位于fixed recovery root内部时在journal/index/target写入前稳定拒绝 (1.671ms)
  ✔ required target parent是fixed recovery root祖先时在journal/index/target写入前稳定拒绝 (1.242417ms)
  ✔ multi-target任一required parent与recovery root冲突时全批Publisher=0 (1.436458ms)
  ✔ fixed recovery root的普通sibling仍可正常guarded publication (111.211375ms)
  ✔ fixed recovery root之外的独立目录仍可正常guarded publication (97.772041ms)
  ✔ guarded committed-before-settle由fresh recovery唯一接管且不二次发布 (224.399583ms)
  ✔ required direct-parent evidence在preflight前已漂移时不创建journal或target (1.274416ms)
  ✔ direct parent在prepare:before-generation-inspect被ordinary replacement后绝不发布 (1.93425ms)
  ✔ direct parent在prepare:after-staged被ordinary replacement后绝不发布 (24.663958ms)
  ✔ direct parent在publish:before-target-mutation被ordinary replacement后绝不发布 (47.937875ms)
  ✔ direct parent在publish:before-publish被ordinary replacement后绝不发布 (49.117583ms)
  ✔ direct parent在publish:after-final-target-verify-before-commit被ordinary replacement后绝不发布 (67.038209ms)
  ✔ 每个existing target backup rename紧前复核direct parent identity (65.364042ms)
  ✔ prepare返回后、publish读journal前parent replacement仍由index evidence进入Hold (40.376375ms)
  ✔ journal持久exact parent identity；恢复漂移进入manual且旧journal仍兼容 (113.508583ms)
  ✔ direct parent原对象移走再移回后prepared recovery合法 (70.981625ms)
  ✔ journal parent identity被删改时index anchor阻断恢复且不触碰target (41.341666ms)
  ✔ 输出目标别名输入源时在任何正式覆盖前 fail-closed (1.001791ms)
  ✔ 覆盖确认后的 absent→created 与 existing→changed 均在 publication 快照前拒绝 (1.039042ms)
  ✔ staging 文件和发布目录使用宿主可执行 fsync 的句柄 (97.678667ms)
  ✔ 生产发布要求写后校验摘要，并拒绝校验后发生变化的 generation (6.210542ms)
  ✔ staging 发布后正式目标摘要漂移不得报告 committed (88.844959ms)
  ✔ 单目标在 after-publish 被无异常改写时，整批最终复核阻止 committed (97.894791ms)
  ✔ 多目标后续发布期间改写已发布目标时，最终复核回滚已知目标并保留未知文件 (156.957875ms)
  ✔ staged 发布紧前并发新建正式目标时拒绝覆盖且保留未知文件 (71.92ms)
  ✔ 原子 stage link 内并发新建正式目标时拒绝覆盖未知文件 (73.028042ms)
  ✔ 原子 backup link 内并发新建备份路径时拒绝覆盖两端未知文件 (68.892666ms)
  ✔ rollback 的 backup restore link 内并发新建 target 时保留未知 target 与原备份 (84.560666ms)
  ✔ backup 建链后源路径被替换时不 unlink 未知 target (74.515291ms)
  ✔ stage 建链后源路径被替换时不 unlink 未知 staging 且回滚正式目标 (100.25925ms)
  ✔ hardlink 身份的 ino=0 时 fail-closed 且不 unlink 任一端 (102.876458ms)
  ✔ 超过安全整数的相邻 inode 保持精确，源替换后不误 unlink 外部文件 (73.737417ms)
  ✔ backup 建链后、源 unlink 前崩溃可由新进程清掉重复 link 并保留原目标 (164.672375ms)
  ✔ stage 建链后、源 unlink 前崩溃可由新进程回滚 target 与重复 staging (185.67025ms)
  ✔ 文件系统不支持 hardlink 时 fail-closed 且不回退覆盖型 rename (93.672917ms)
  ✔ 多输出先完整 prepare，再统一发布并保留结果 metadata (142.384209ms)
  ✔ prepare 的 staging 校验失败时不修改正式目标且清掉任务文件 (50.535875ms)
  ✔ 固定 index、journal 与所有 target/staging/backup 跨项 alias 碰撞在 preflight 拒绝 (3.167125ms)
  ✔ artifact 与 target 相同或 target 位于 generation 目录时均在 preflight 拒绝 (2.267833ms)
  ✔ Unicode NFC 与 NFD 目标按当前平台身份规则 prepare 与发布 (1.040709ms)
  ✔ macOS 完整 case-fold 等价目标在 prepare 前被拒绝 (2.348375ms)
  ✔ index rename 已发生但耐久化调用报错时，prepare 能识别登记结果并完整取消 (25.116833ms)
  ✔ preparing intent 在各 prepare 崩溃点均由新进程发现并只清任务文件 (362.222625ms)
  ✔ copy 中途崩溃产生的 partial staging 可由新进程清理且不触碰 target (91.503333ms)
  ✔ preparing index 的 staging 路径被篡改时 fail-closed，不删除其它目录文件 (9.982041ms)
  ✔ publish 只接受 journal 与 index 均完整 prepared，preparing intent 不触碰 target (111.61175ms)
  ✔ 没有 discoveryState 的存量 v1 prepared index 只允许人工恢复且不触碰文件 (38.263292ms)
  ✔ 在线发布中途失败会逆序回滚全部目标 (164.290708ms)
  ✔ rollback 后 journal 删除失败保留 rollback-finalizing index 并可独立收尾 (131.897667ms)
  ✔ rollback 两个 index 收尾失败窗口都向用户展示 generation 恢复路径 (242.050542ms)
  ✔ 崩溃在 backup rename 与 journal 更新之间，下次恢复仍找回旧文件 (109.874167ms)
  ✔ 崩溃在 staged 发布与 journal 更新之间，按文件 hash 识别并回滚 (150.8975ms)
  ✔ 最后一项 published 后及整批最终复核前崩溃均保持未 committed，并由新进程回滚 (448.6055ms)
  ✔ committed journal 已落盘后崩溃只做收尾，不回滚新文件 (130.504458ms)
  ✔ committed owner 未确认耐久接管时保留 journal，确认后才释放 (129.80675ms)
  ✔ owner 可在 finalizing 耐久阶段登记收口凭证，重启仅保留 journal/index 收尾责任 (311.510958ms)
  ✔ committed 后普通检查点异常仍返回成功，不能把已提交文件回滚 (109.617917ms)
  ✔ committed 后 index 原子更新失败时返回成功并保留恢复职责供下次收尾 (114.641708ms)
  ✔ committed 后 journal 删除失败时固定 finalizing index 保留恢复职责 (112.033042ms)
  ✔ committed journal 已删除但 index 删除失败时 finalizing intent 可独立收尾 (115.965334ms)
  ✔ 崩溃后正式目标被外部改写时进入 manual-recovery，绝不删除外部文件 (86.965792ms)
  ✔ index 指向缺失 journal 时保留 index 并阻断恢复和新任务 (1.149209ms)
  ✔ journal 路径结构被篡改时 fail-closed，不按篡改路径删除文件 (35.882875ms)
  ✔ 新式 prepared index 与崩溃 journal 的 target 锚点不一致时绝不删除同 hash victim (64.824416ms)
  ✔ 存量 v1 崩溃 journal 重定向到同 hash victim 时 manual-only 且零文件改动 (66.226542ms)
  ✔ journal 中 NFC/NFD 目标别名碰撞时恢复入口 fail-closed (45.360042ms)
  ✔ 恢复索引中的 NFC/NFD journal 别名碰撞会阻断恢复 (0.617625ms)
  ✔ 恢复索引把 target/stage/backup/journal 锚到固定 indexPath 时在读取阶段 fail-closed (0.856958ms)
  ✔ prepare 后目标被外部创建时取消任务并保留外部目标 (63.730375ms)
  ✔ prepared 取消时 journal 删除失败保留 cancelling index 并可由下次恢复收尾 (64.18975ms)
  ✔ prepared 取消会在移除固定 index 前 fsync 每个 staging 所在目录 (72.880833ms)
  ✔ 进程内 active task 会保留恢复资格并阻止相同 target 被二次 reserve (92.768208ms)
  ✔ 进程内 reservation 按当前平台区分 NFC/NFD 目标 (86.279791ms)
  ✔ 下一次 prepare 自动恢复上次崩溃任务，再准备新目标 (204.625333ms)
  ✔ prepare 已登记 index 但尚未发布时崩溃，只清任务 staging，不检查或修改目标 (65.443041ms)
  ✔ dispose 只清理 generation 源文件，不删除正式目标 (1.090125ms)
✔ toolbox output publication (6578.170834ms)
✔ v3.1.8 VCC 关键 preview 状态均有 renderer token、mock hook 与独立脚本 (5.881125ms)
✔ 仓库提交的 26 张 VCC preview 均为完整 PNG 且尺寸与 capture 契约一致 (4.893291ms)
✔ zoom 与最小窗口参数只在 APP_CAPTURE_PATH preview 路径改写 BrowserWindow options (0.270042ms)
✔ APP_PREVIEW_MODAL 只有在 APP_CAPTURE_PATH capture 模式下才暴露给 renderer (0.453542ms)
✔ VCC 合成 preview hook 只在 preload 确认 capture 模式时挂载 (0.304792ms)
✔ VCC capture readiness 对未知、缺失、null、throw 与 reject 全部失败关闭 (0.9055ms)
✔ result/import/run/adjustment 生命周期 Promise 不参与 readiness 等待 (0.401958ms)
✔ main readiness 对缺注册、悬挂、拒绝和非法结果均在超时内失败 (83.973959ms)
✔ delete-first-month readiness 等 selector 异步刷新按钮与文案稳定后才完成 (1.973209ms)
✔ 年份切换、非尾月与执行中预览等待异步状态后读取真实 disabled 属性 (3.337542ms)
✔ render-modal-preview 对可选 zoom/窗口参数做边界校验后才写入 capture 环境 (0.102333ms)
✔ preview capture 失败必须非 0 退出，不得以旧 PNG 冒充本轮产物 (0.2735ms)
✔ preview 仅在本轮临时产物具备完整 PNG 结构时替换旧证据 (2.754041ms)
✔ 异步 readiness 失败时即使 staged PNG 合法也不替换旧证据 (1.4425ms)
✔ 危险按钮 disabled 在两套基础样式中均有不可点击视觉态 (10.7365ms)
✔ VCC 用户可见结果修订术语统一为中文结果版本 (0.264709ms)
✔ v3.1.14 人工边界与资产三元组 helper 拒绝局部旁路 (2.978333ms)
✔ v3.1.14 正式文档锁定 VCC 修复、实际发布证据与人工边界 (7.749167ms)
✔ v3.1.13 版本号、功能资料与正式发布证据同步工具箱、存档中心和状态框迭代 (6.422375ms)
✔ v3.1.12 三份用户文档保留实际迭代和最终发布验收状态 (4.436875ms)
✔ v3.1.11 三份用户文档保留正式发布证据并记录随包指南缺陷 (4.000917ms)
✔ v3.1.10 三份用户文档保持正式发布历史和三项门禁结论 (4.242292ms)
✔ v3.1.9 三份用户文档保持正式发布历史 (3.765708ms)
✔ v3.1.10 记录真实库与资金不可豁免且 Windows 门禁本次未使用豁免 (0.355791ms)
✔ v3.1.8 三份用户文档保持正式发布历史 (3.818208ms)
✔ v3.1.8 用户手册锁定输入、调整、状态与导出契约 (1.412417ms)
✔ 仓库内最终 Spec 只修正两处业务路径并锁定三阶段哈希证据 (1.427083ms)
✔ Spec 冻结内容哈希跨 LF、CRLF 与 CR checkout 稳定且内容变化仍失败 (1.044375ms)
✔ v3.1.9 VCC CNY 与异常过滤修订在 Spec 和 TechDoc 中保持一致 (1.078333ms)
✔ v3.1.8 iteration PRD 与 PR 归档锁定人工 6/6 PASS 和正式 Release 证据 (1.155ms)
✔ Windows PR final release-check只允许#183一次性Windows unit修复synchronize并checkout exact head (1.313833ms)
✔ Windows 本地与发布构建全部锁定 x64，避免检查陈旧 win-unpacked (0.757708ms)
✔ Windows assisted per-user installer 锁定 NSIS access-violation 修复版本与模板 (1.959333ms)
✔ packaged background canary 仅在 GitHub-hosted Windows 的 RUNNER_TEMP 写入，并审计 exact 产品身份 (18.975417ms)
﹣ Windows packaged canary 对报告前已退出进程快速返回专用 safe code (0.051625ms) # SKIP
﹣ Windows packaged canary 的 Setup 失败诊断仅返回固定退出/落地/身份枚举 (0.03375ms) # SKIP
✔ 真实 Windows 进程探针不与全量单测并发，只由专用工作流环境显式开启 (0.354917ms)
ℹ tests 8248
ℹ suites 828
ℹ pass 8244
ℹ fail 0
ℹ cancelled 0
ℹ skipped 4
ℹ todo 0
ℹ duration_ms 358053.46375
