架构检查：失败；解析 765/765 文件；字面量本地边 2404；worker 边 62；global 边 13。
覆盖：未解析 2；动态位置 33；active 2；pending 0；partial 29。
历史：对比 f8fd640586f9119b091148151e1beb48f9552c5d；检查 20 个提交；修复绑定 0。
[ARCH-BIZOP-QUERY] src/backend/acquiring-bill-currency-db/import-repository.js:110:9 读取协调器不得通过原始 DB 读取事实；使用 query facade / Archive repository
[ARCH-BIZOP-QUERY] src/backend/acquiring-bill-currency-db/import-repository.js:114:9 读取协调器不得通过原始 DB 读取事实；使用 query facade / Archive repository
[ARCH-BIZOP-QUERY] src/backend/acquiring-bill-currency-db/import-repository.js:121:2 读取协调器不得通过原始 DB 读取事实；使用 query facade / Archive repository
[ARCH-BIZOP-QUERY] src/backend/acquiring-bill-currency-db/import-repository.js:123:4 读取协调器不得通过原始 DB 读取事实；使用 query facade / Archive repository
[ARCH-BIZOP-QUERY] src/backend/acquiring-bill-currency-db/import-repository.js:124:4 读取协调器不得通过原始 DB 读取事实；使用 query facade / Archive repository
[ARCH-BIZOP-QUERY] src/backend/acquiring-bill-currency-db/import-repository.js:125:4 读取协调器不得通过原始 DB 读取事实；使用 query facade / Archive repository
[ARCH-BIZOP-QUERY] src/backend/acquiring-bill-currency-db/import-repository.js:126:4 读取协调器不得通过原始 DB 读取事实；使用 query facade / Archive repository
[ARCH-BIZOP-QUERY] src/backend/acquiring-bill-currency-db/import-repository.js:127:4 读取协调器不得通过原始 DB 读取事实；使用 query facade / Archive repository
[ARCH-BIZOP-QUERY] src/backend/acquiring-bill-currency-db/import-repository.js:129:10 读取协调器不得通过原始 DB 读取事实；使用 query facade / Archive repository
[ARCH-BIZOP-QUERY] src/backend/acquiring-bill-currency-db/import-repository.js:150:21 读取协调器不得通过原始 DB 读取事实；使用 query facade / Archive repository
[ARCH-BIZOP-QUERY] src/backend/acquiring-bill-currency-db/import-repository.js:151:21 读取协调器不得通过原始 DB 读取事实；使用 query facade / Archive repository
[ARCH-BIZOP-QUERY] src/backend/acquiring-bill-currency-db/import-repository.js:152:21 读取协调器不得通过原始 DB 读取事实；使用 query facade / Archive repository
[ARCH-BIZOP-QUERY] src/backend/acquiring-bill-currency-db/import-repository.js:162:15 读取协调器不得通过原始 DB 读取事实；使用 query facade / Archive repository
[ARCH-BIZOP-QUERY] src/backend/acquiring-bill-currency-db/import-repository.js:173:20 读取协调器不得通过原始 DB 读取事实；使用 query facade / Archive repository
[ARCH-BIZOP-QUERY] src/backend/acquiring-bill-currency-db/import-repository.js:174:20 读取协调器不得通过原始 DB 读取事实；使用 query facade / Archive repository
[ARCH-BIZOP-QUERY] src/backend/acquiring-bill-currency-db/run-repository.js:103:15 读取协调器不得通过原始 DB 读取事实；使用 query facade / Archive repository
[ARCH-BIZOP-QUERY] src/backend/acquiring-bill-currency-db/run-repository.js:113:9 读取协调器不得通过原始 DB 读取事实；使用 query facade / Archive repository
[ARCH-BIZOP-QUERY] src/backend/acquiring-bill-currency-db/run-repository.js:117:9 读取协调器不得通过原始 DB 读取事实；使用 query facade / Archive repository
[ARCH-BIZOP-QUERY] src/backend/acquiring-bill-currency-db/run-repository.js:122:2 读取协调器不得通过原始 DB 读取事实；使用 query facade / Archive repository
[ARCH-BIZOP-QUERY] src/backend/acquiring-bill-currency-db/run-repository.js:128:2 读取协调器不得通过原始 DB 读取事实；使用 query facade / Archive repository
[ARCH-BIZOP-QUERY] src/backend/acquiring-bill-currency-db/run-repository.js:142:2 读取协调器不得通过原始 DB 读取事实；使用 query facade / Archive repository
[ARCH-BIZOP-QUERY] src/backend/acquiring-bill-currency-db/run-repository.js:144:20 原始 DB 句柄不能透传到读取 helper
[ARCH-BIZOP-QUERY] src/backend/acquiring-bill-currency-db/run-repository.js:148:4 原始 DB 句柄不能透传到读取 helper
[ARCH-BIZOP-QUERY] src/backend/acquiring-bill-currency-db/run-repository.js:149:4 原始 DB 句柄不能透传到读取 helper
[ARCH-BIZOP-QUERY] src/backend/acquiring-bill-currency-db/run-repository.js:150:4 原始 DB 句柄不能透传到读取 helper
[ARCH-BIZOP-QUERY] src/backend/acquiring-bill-currency-db/run-repository.js:158:4 读取协调器不得通过原始 DB 读取事实；使用 query facade / Archive repository
[ARCH-BIZOP-QUERY] src/backend/acquiring-bill-currency-db/run-repository.js:160:10 读取协调器不得通过原始 DB 读取事实；使用 query facade / Archive repository
[ARCH-BIZOP-QUERY] src/backend/acquiring-bill-currency-db/run-repository.js:169:2 读取协调器不得通过原始 DB 读取事实；使用 query facade / Archive repository
[ARCH-BIZOP-QUERY] src/backend/acquiring-bill-currency-db/run-repository.js:173:2 读取协调器不得通过原始 DB 读取事实；使用 query facade / Archive repository
[ARCH-BIZOP-QUERY] src/backend/acquiring-bill-currency-db/run-repository.js:178:9 读取协调器不得通过原始 DB 读取事实；使用 query facade / Archive repository
[ARCH-BIZOP-QUERY] src/backend/acquiring-bill-currency-db/run-repository.js:188:2 读取协调器不得通过原始 DB 读取事实；使用 query facade / Archive repository
[ARCH-BIZOP-QUERY] src/backend/acquiring-bill-currency-db/run-repository.js:189:2 读取协调器不得通过原始 DB 读取事实；使用 query facade / Archive repository
[ARCH-BIZOP-QUERY] src/backend/acquiring-bill-currency-db/run-repository.js:198:2 读取协调器不得通过原始 DB 读取事实；使用 query facade / Archive repository
[ARCH-BIZOP-QUERY] src/backend/acquiring-bill-currency-db/run-repository.js:215:15 读取协调器不得通过原始 DB 读取事实；使用 query facade / Archive repository
[ARCH-BIZOP-QUERY] src/backend/acquiring-bill-currency-db/run-repository.js:292:24 读取协调器不得通过原始 DB 读取事实；使用 query facade / Archive repository
[ARCH-BIZOP-QUERY] src/backend/acquiring-bill-currency-db/run-repository.js:320:20 读取协调器不得通过原始 DB 读取事实；使用 query facade / Archive repository
[ARCH-BIZOP-QUERY] src/backend/acquiring-bill-currency-db/run-repository.js:344:4 读取协调器不得通过原始 DB 读取事实；使用 query facade / Archive repository
[ARCH-BIZOP-QUERY] src/backend/acquiring-bill-currency-db/run-repository.js:358:6 读取协调器不得通过原始 DB 读取事实；使用 query facade / Archive repository
[ARCH-BIZOP-QUERY] src/backend/acquiring-bill-currency-db/run-repository.js:360:12 读取协调器不得通过原始 DB 读取事实；使用 query facade / Archive repository
[ARCH-BIZOP-QUERY] src/backend/acquiring-bill-currency-db/run-repository.js:395:24 读取协调器不得通过原始 DB 读取事实；使用 query facade / Archive repository
[ARCH-BIZOP-QUERY] src/backend/acquiring-bill-currency-db/run-repository.js:415:2 读取协调器不得通过原始 DB 读取事实；使用 query facade / Archive repository
[ARCH-BIZOP-QUERY] src/backend/acquiring-bill-currency-db/run-repository.js:417:4 原始 DB 句柄不能透传到读取 helper
[ARCH-BIZOP-QUERY] src/backend/acquiring-bill-currency-db/run-repository.js:418:4 读取协调器不得通过原始 DB 读取事实；使用 query facade / Archive repository
[ARCH-BIZOP-QUERY] src/backend/acquiring-bill-currency-db/run-repository.js:420:10 读取协调器不得通过原始 DB 读取事实；使用 query facade / Archive repository
[ARCH-BIZOP-QUERY] src/backend/acquiring-bill-currency-db/run-repository.js:483:27 原始 DB 句柄不能透传到读取 helper
[ARCH-BIZOP-QUERY] src/backend/acquiring-bill-currency-db/run-repository.js:508:2 读取协调器不得通过原始 DB 读取事实；使用 query facade / Archive repository
[ARCH-BIZOP-QUERY] src/backend/acquiring-bill-currency-db/run-repository.js:512:14 读取协调器不得通过原始 DB 读取事实；使用 query facade / Archive repository
[ARCH-BIZOP-QUERY] src/backend/acquiring-bill-currency-db/run-repository.js:538:15 读取协调器不得通过原始 DB 读取事实；使用 query facade / Archive repository
[ARCH-BIZOP-QUERY] src/backend/acquiring-bill-currency-db/run-repository.js:575:24 读取协调器不得通过原始 DB 读取事实；使用 query facade / Archive repository
[ARCH-BIZOP-QUERY] src/backend/acquiring-bill-currency-db/run-repository.js:577:14 读取协调器不得通过原始 DB 读取事实；使用 query facade / Archive repository
[ARCH-BIZOP-QUERY] src/backend/acquiring-bill-currency-db/run-repository.js:596:9 读取协调器不得通过原始 DB 读取事实；使用 query facade / Archive repository
[ARCH-BIZOP-QUERY] src/backend/acquiring-bill-currency-db/run-repository.js:612:9 读取协调器不得通过原始 DB 读取事实；使用 query facade / Archive repository
[ARCH-BIZOP-QUERY] src/backend/acquiring-bill-currency-db/run-repository.js:631:9 读取协调器不得通过原始 DB 读取事实；使用 query facade / Archive repository
[ARCH-BIZOP-QUERY] src/backend/acquiring-bill-currency-db/run-repository.js:646:9 读取协调器不得通过原始 DB 读取事实；使用 query facade / Archive repository
[ARCH-BIZOP-QUERY] src/backend/acquiring-bill-currency-db/run-repository.js:668:9 读取协调器不得通过原始 DB 读取事实；使用 query facade / Archive repository
[ARCH-BIZOP-QUERY] src/backend/acquiring-bill-currency-db/run-repository.js:684:9 读取协调器不得通过原始 DB 读取事实；使用 query facade / Archive repository
[ARCH-BIZOP-QUERY] src/backend/acquiring-bill-currency-db/run-repository.js:94:17 读取协调器不得通过原始 DB 读取事实；使用 query facade / Archive repository
[ARCH-BIZOP-QUERY] src/backend/acquiring-bill-currency-import/reader-handrolled.js:462:39 原始 DB 句柄不能透传到读取 helper
[ARCH-BIZOP-QUERY] src/backend/acquiring-bill-currency-import/reader-handrolled.js:462:74 原始 DB 句柄不能透传到读取 helper
[ARCH-BIZOP-QUERY] src/backend/acquiring-bill-currency-import/reader.js:277:39 原始 DB 句柄不能透传到读取 helper
[ARCH-BIZOP-QUERY] src/backend/acquiring-bill-currency-import/reader.js:277:74 原始 DB 句柄不能透传到读取 helper
[ARCH-BIZOP-QUERY] src/backend/big-table-import/engine.js:159:8 读取协调器不得通过原始 DB 读取事实；使用 query facade / Archive repository
[ARCH-BIZOP-QUERY] src/backend/big-table-import/engine.js:354:8 原始 DB 句柄不能透传到读取 helper
[ARCH-BIZOP-QUERY] src/backend/big-table-import/engine.js:490:6 原始 DB 句柄不能透传到读取 helper
[ARCH-BIZOP-QUERY] src/backend/big-table-import/engine.js:512:6 原始 DB 句柄不能透传到读取 helper
[ARCH-BIZOP-QUERY] src/backend/big-table-import/engine.js:605:8 原始 DB 句柄不能透传到读取 helper
[ARCH-BIZOP-QUERY] src/backend/big-table-import/engine.js:66:13 读取协调器不能新建数据库连接
[ARCH-BIZOP-QUERY] src/backend/biz-op-legacy-guard.js:10:7 读取协调器不得通过原始 DB 读取事实；使用 query facade / Archive repository
[ARCH-BIZOP-QUERY] src/backend/biz-op-legacy-guard.js:11:14 读取协调器不得通过原始 DB 读取事实；使用 query facade / Archive repository
[ARCH-BIZOP-QUERY] src/backend/biz-op-legacy-guard.js:18:34 原始 DB 句柄不能透传到读取 helper
[ARCH-BIZOP-QUERY] src/backend/biz-op-legacy-guard.js:34:49 原始 DB 句柄不能透传到读取 helper
[ARCH-BIZOP-QUERY] src/backend/biz-op-legacy-guard.js:38:4 原始 DB 句柄不能透传到读取 helper
[ARCH-BIZOP-QUERY] src/backend/biz-op-legacy-guard.js:47:13 读取协调器不能新建数据库连接
[ARCH-BIZOP-QUERY] src/backend/biz-op-recon-db/dataset-head-repository.js:103:2 读取协调器不得通过原始 DB 读取事实；使用 query facade / Archive repository
[ARCH-BIZOP-QUERY] src/backend/biz-op-recon-db/dataset-head-repository.js:124:9 原始 DB 句柄不能透传到读取 helper
[ARCH-BIZOP-QUERY] src/backend/biz-op-recon-db/dataset-head-repository.js:24:17 读取协调器不得通过原始 DB 读取事实；使用 query facade / Archive repository
[ARCH-BIZOP-QUERY] src/backend/biz-op-recon-db/flow-imports-repository.js:23:15 读取协调器不得通过原始 DB 读取事实；使用 query facade / Archive repository
[ARCH-BIZOP-QUERY] src/backend/biz-op-recon-db/flow-imports-repository.js:56:9 读取协调器不得通过原始 DB 读取事实；使用 query facade / Archive repository
[ARCH-BIZOP-QUERY] src/backend/biz-op-recon-db/flow-imports-repository.js:67:9 读取协调器不得通过原始 DB 读取事实；使用 query facade / Archive repository
[ARCH-BIZOP-QUERY] src/backend/biz-op-recon-db/flow-imports-repository.js:77:9 读取协调器不得通过原始 DB 读取事实；使用 query facade / Archive repository
[ARCH-BIZOP-QUERY] src/backend/biz-op-recon-db/imports-repository.js:108:9 读取协调器不得通过原始 DB 读取事实；使用 query facade / Archive repository
[ARCH-BIZOP-QUERY] src/backend/biz-op-recon-db/imports-repository.js:118:14 读取协调器不得通过原始 DB 读取事实；使用 query facade / Archive repository
[ARCH-BIZOP-QUERY] src/backend/biz-op-recon-db/imports-repository.js:129:14 读取协调器不得通过原始 DB 读取事实；使用 query facade / Archive repository
[ARCH-BIZOP-QUERY] src/backend/biz-op-recon-db/imports-repository.js:32:15 读取协调器不得通过原始 DB 读取事实；使用 query facade / Archive repository
[ARCH-BIZOP-QUERY] src/backend/biz-op-recon-db/imports-repository.js:79:9 读取协调器不得通过原始 DB 读取事实；使用 query facade / Archive repository
[ARCH-BIZOP-QUERY] src/backend/biz-op-recon-db/imports-repository.js:83:9 读取协调器不得通过原始 DB 读取事实；使用 query facade / Archive repository
[ARCH-BIZOP-QUERY] src/backend/biz-op-recon-db/imports-repository.js:97:9 读取协调器不得通过原始 DB 读取事实；使用 query facade / Archive repository
[ARCH-BIZOP-QUERY] src/backend/biz-op-recon-db/migrations.js:109:4 读取协调器不得通过原始 DB 读取事实；使用 query facade / Archive repository
[ARCH-BIZOP-QUERY] src/backend/biz-op-recon-db/migrations.js:113:4 读取协调器不得通过原始 DB 读取事实；使用 query facade / Archive repository
[ARCH-BIZOP-QUERY] src/backend/biz-op-recon-db/migrations.js:117:4 读取协调器不得通过原始 DB 读取事实；使用 query facade / Archive repository
[ARCH-BIZOP-QUERY] src/backend/biz-op-recon-db/migrations.js:122:4 读取协调器不得通过原始 DB 读取事实；使用 query facade / Archive repository
[ARCH-BIZOP-QUERY] src/backend/biz-op-recon-db/migrations.js:179:4 读取协调器不得通过原始 DB 读取事实；使用 query facade / Archive repository
[ARCH-BIZOP-QUERY] src/backend/biz-op-recon-db/migrations.js:195:4 读取协调器不得通过原始 DB 读取事实；使用 query facade / Archive repository
[ARCH-BIZOP-QUERY] src/backend/biz-op-recon-db/migrations.js:22:2 读取协调器不得通过原始 DB 读取事实；使用 query facade / Archive repository
[ARCH-BIZOP-QUERY] src/backend/biz-op-recon-db/migrations.js:220:9 原始 DB 句柄不能透传到读取 helper
[ARCH-BIZOP-QUERY] src/backend/biz-op-recon-db/migrations.js:221:6 读取协调器不得通过原始 DB 读取事实；使用 query facade / Archive repository
[ARCH-BIZOP-QUERY] src/backend/biz-op-recon-db/migrations.js:226:9 原始 DB 句柄不能透传到读取 helper
[ARCH-BIZOP-QUERY] src/backend/biz-op-recon-db/migrations.js:227:6 读取协调器不得通过原始 DB 读取事实；使用 query facade / Archive repository
[ARCH-BIZOP-QUERY] src/backend/biz-op-recon-db/migrations.js:229:9 原始 DB 句柄不能透传到读取 helper
[ARCH-BIZOP-QUERY] src/backend/biz-op-recon-db/migrations.js:230:6 读取协调器不得通过原始 DB 读取事实；使用 query facade / Archive repository
[ARCH-BIZOP-QUERY] src/backend/biz-op-recon-db/migrations.js:232:9 原始 DB 句柄不能透传到读取 helper
[ARCH-BIZOP-QUERY] src/backend/biz-op-recon-db/migrations.js:233:6 读取协调器不得通过原始 DB 读取事实；使用 query facade / Archive repository
[ARCH-BIZOP-QUERY] src/backend/biz-op-recon-db/migrations.js:236:4 读取协调器不得通过原始 DB 读取事实；使用 query facade / Archive repository
[ARCH-BIZOP-QUERY] src/backend/biz-op-recon-db/migrations.js:240:4 读取协调器不得通过原始 DB 读取事实；使用 query facade / Archive repository
[ARCH-BIZOP-QUERY] src/backend/biz-op-recon-db/migrations.js:26:4 读取协调器不得通过原始 DB 读取事实；使用 query facade / Archive repository
[ARCH-BIZOP-QUERY] src/backend/biz-op-recon-db/migrations.js:261:4 读取协调器不得通过原始 DB 读取事实；使用 query facade / Archive repository
[ARCH-BIZOP-QUERY] src/backend/biz-op-recon-db/migrations.js:277:4 读取协调器不得通过原始 DB 读取事实；使用 query facade / Archive repository
[ARCH-BIZOP-QUERY] src/backend/biz-op-recon-db/migrations.js:281:4 读取协调器不得通过原始 DB 读取事实；使用 query facade / Archive repository
[ARCH-BIZOP-QUERY] src/backend/biz-op-recon-db/migrations.js:286:29 读取协调器不得通过原始 DB 读取事实；使用 query facade / Archive repository
[ARCH-BIZOP-QUERY] src/backend/biz-op-recon-db/migrations.js:293:22 读取协调器不得通过原始 DB 读取事实；使用 query facade / Archive repository
[ARCH-BIZOP-QUERY] src/backend/biz-op-recon-db/migrations.js:300:22 读取协调器不得通过原始 DB 读取事实；使用 query facade / Archive repository
[ARCH-BIZOP-QUERY] src/backend/biz-op-recon-db/migrations.js:306:4 读取协调器不得通过原始 DB 读取事实；使用 query facade / Archive repository
[ARCH-BIZOP-QUERY] src/backend/biz-op-recon-db/migrations.js:308:4 读取协调器不得通过原始 DB 读取事实；使用 query facade / Archive repository
[ARCH-BIZOP-QUERY] src/backend/biz-op-recon-db/migrations.js:58:4 读取协调器不得通过原始 DB 读取事实；使用 query facade / Archive repository
[ARCH-BIZOP-QUERY] src/backend/biz-op-recon-db/migrations.js:62:4 读取协调器不得通过原始 DB 读取事实；使用 query facade / Archive repository
[ARCH-BIZOP-QUERY] src/backend/biz-op-recon-db/migrations.js:66:4 读取协调器不得通过原始 DB 读取事实；使用 query facade / Archive repository
[ARCH-BIZOP-QUERY] src/backend/biz-op-recon-db/migrations.js:72:4 读取协调器不得通过原始 DB 读取事实；使用 query facade / Archive repository
[ARCH-BIZOP-QUERY] src/backend/biz-op-recon-db/month-end-copy-intent-repository.js:27:19 读取协调器不得通过原始 DB 读取事实；使用 query facade / Archive repository
[ARCH-BIZOP-QUERY] src/backend/biz-op-recon-db/month-end-copy-intent-repository.js:33:9 读取协调器不得通过原始 DB 读取事实；使用 query facade / Archive repository
[ARCH-BIZOP-QUERY] src/backend/biz-op-recon-db/month-end-copy-intent-repository.js:39:14 读取协调器不得通过原始 DB 读取事实；使用 query facade / Archive repository
[ARCH-BIZOP-QUERY] src/backend/biz-op-recon-db/month-end-copy-intent-repository.js:47:2 读取协调器不得通过原始 DB 读取事实；使用 query facade / Archive repository
[ARCH-BIZOP-QUERY] src/backend/biz-op-recon-db/month-end-copy-intent-repository.js:62:9 原始 DB 句柄不能透传到读取 helper
[ARCH-BIZOP-QUERY] src/backend/biz-op-recon-db/month-end-copy-intent-repository.js:66:16 读取协调器不得通过原始 DB 读取事实；使用 query facade / Archive repository
[ARCH-BIZOP-QUERY] src/backend/biz-op-recon-db/run-repository.js:124:9 读取协调器不得通过原始 DB 读取事实；使用 query facade / Archive repository
[ARCH-BIZOP-QUERY] src/backend/biz-op-recon-db/run-repository.js:128:9 读取协调器不得通过原始 DB 读取事实；使用 query facade / Archive repository
[ARCH-BIZOP-QUERY] src/backend/biz-op-recon-db/run-repository.js:135:9 读取协调器不得通过原始 DB 读取事实；使用 query facade / Archive repository
[ARCH-BIZOP-QUERY] src/backend/biz-op-recon-db/run-repository.js:146:17 读取协调器不得通过原始 DB 读取事实；使用 query facade / Archive repository
[ARCH-BIZOP-QUERY] src/backend/biz-op-recon-db/run-repository.js:152:43 原始 DB 句柄不能透传到读取 helper
[ARCH-BIZOP-QUERY] src/backend/biz-op-recon-db/run-repository.js:153:19 原始 DB 句柄不能透传到读取 helper
[ARCH-BIZOP-QUERY] src/backend/biz-op-recon-db/run-repository.js:161:14 原始 DB 句柄不能透传到读取 helper
[ARCH-BIZOP-QUERY] src/backend/biz-op-recon-db/run-repository.js:167:26 读取协调器不得通过原始 DB 读取事实；使用 query facade / Archive repository
[ARCH-BIZOP-QUERY] src/backend/biz-op-recon-db/run-repository.js:176:33 读取协调器不得通过原始 DB 读取事实；使用 query facade / Archive repository
[ARCH-BIZOP-QUERY] src/backend/biz-op-recon-db/run-repository.js:179:29 读取协调器不得通过原始 DB 读取事实；使用 query facade / Archive repository
[ARCH-BIZOP-QUERY] src/backend/biz-op-recon-db/run-repository.js:19:25 读取协调器不得通过原始 DB 读取事实；使用 query facade / Archive repository
[ARCH-BIZOP-QUERY] src/backend/biz-op-recon-db/run-repository.js:190:9 读取协调器不得通过原始 DB 读取事实；使用 query facade / Archive repository
[ARCH-BIZOP-QUERY] src/backend/biz-op-recon-db/run-repository.js:198:2 读取协调器不得通过原始 DB 读取事实；使用 query facade / Archive repository
[ARCH-BIZOP-QUERY] src/backend/biz-op-recon-db/run-repository.js:215:9 读取协调器不得通过原始 DB 读取事实；使用 query facade / Archive repository
[ARCH-BIZOP-QUERY] src/backend/biz-op-recon-db/run-repository.js:233:9 读取协调器不得通过原始 DB 读取事实；使用 query facade / Archive repository
[ARCH-BIZOP-QUERY] src/backend/biz-op-recon-db/run-repository.js:247:22 读取协调器不得通过原始 DB 读取事实；使用 query facade / Archive repository
[ARCH-BIZOP-QUERY] src/backend/biz-op-recon-db/run-repository.js:259:24 读取协调器不得通过原始 DB 读取事实；使用 query facade / Archive repository
[ARCH-BIZOP-QUERY] src/backend/biz-op-recon-db/run-repository.js:286:15 读取协调器不得通过原始 DB 读取事实；使用 query facade / Archive repository
[ARCH-BIZOP-QUERY] src/backend/biz-op-recon-db/run-repository.js:311:9 读取协调器不得通过原始 DB 读取事实；使用 query facade / Archive repository
[ARCH-BIZOP-QUERY] src/backend/biz-op-recon-db/run-repository.js:322:2 原始 DB 句柄不能透传到读取 helper
[ARCH-BIZOP-QUERY] src/backend/biz-op-recon-db/run-repository.js:325:18 读取协调器不得通过原始 DB 读取事实；使用 query facade / Archive repository
[ARCH-BIZOP-QUERY] src/backend/biz-op-recon-db/run-repository.js:33:25 读取协调器不得通过原始 DB 读取事实；使用 query facade / Archive repository
[ARCH-BIZOP-QUERY] src/backend/biz-op-recon-db/run-repository.js:334:18 读取协调器不得通过原始 DB 读取事实；使用 query facade / Archive repository
[ARCH-BIZOP-QUERY] src/backend/biz-op-recon-db/run-repository.js:356:2 原始 DB 句柄不能透传到读取 helper
[ARCH-BIZOP-QUERY] src/backend/biz-op-recon-db/run-repository.js:359:18 读取协调器不得通过原始 DB 读取事实；使用 query facade / Archive repository
[ARCH-BIZOP-QUERY] src/backend/biz-op-recon-db/run-repository.js:368:18 读取协调器不得通过原始 DB 读取事实；使用 query facade / Archive repository
[ARCH-BIZOP-QUERY] src/backend/biz-op-recon-db/run-repository.js:65:15 读取协调器不得通过原始 DB 读取事实；使用 query facade / Archive repository
[ARCH-BIZOP-QUERY] src/backend/biz-op-recon-db/run-repository.js:97:2 原始 DB 句柄不能透传到读取 helper
[ARCH-BIZOP-QUERY] src/backend/biz-op-recon-db/run-repository.js:98:15 读取协调器不得通过原始 DB 读取事实；使用 query facade / Archive repository
[ARCH-BIZOP-QUERY] src/backend/biz-op-recon-import/import-worker.js:112:13 读取协调器不能新建数据库连接
[ARCH-BIZOP-QUERY] src/backend/biz-op-recon-import/import-worker.js:151:20 原始 DB 句柄不能透传到读取 helper
[ARCH-BIZOP-QUERY] src/backend/biz-op-recon-import/import-worker.js:153:2 读取协调器不得通过原始 DB 读取事实；使用 query facade / Archive repository
[ARCH-BIZOP-QUERY] src/backend/biz-op-recon-import/import-worker.js:174:12 原始 DB 句柄不能透传到读取 helper
[ARCH-BIZOP-QUERY] src/backend/biz-op-recon-import/import-worker.js:183:12 原始 DB 句柄不能透传到读取 helper
[ARCH-BIZOP-QUERY] src/backend/biz-op-recon-import/import-worker.js:184:12 原始 DB 句柄不能透传到读取 helper
[ARCH-BIZOP-QUERY] src/backend/biz-op-recon-import/import-worker.js:185:12 原始 DB 句柄不能透传到读取 helper
[ARCH-BIZOP-QUERY] src/backend/biz-op-recon-import/import-worker.js:186:12 原始 DB 句柄不能透传到读取 helper
[ARCH-BIZOP-QUERY] src/backend/biz-op-recon-import/import-worker.js:227:4 读取协调器不得通过原始 DB 读取事实；使用 query facade / Archive repository
[ARCH-BIZOP-QUERY] src/backend/biz-op-recon-import/import-worker.js:235:10 读取协调器不得通过原始 DB 读取事实；使用 query facade / Archive repository
[ARCH-BIZOP-QUERY] src/backend/biz-op-recon-import/import-worker.js:244:4 读取协调器不得通过原始 DB 读取事实；使用 query facade / Archive repository
[ARCH-BIZOP-QUERY] src/backend/biz-op-recon-import/import-worker.js:257:4 读取协调器不得通过原始 DB 读取事实；使用 query facade / Archive repository
[ARCH-BIZOP-QUERY] src/backend/biz-op-recon-import/import-worker.js:272:4 读取协调器不得通过原始 DB 读取事实；使用 query facade / Archive repository
[ARCH-BIZOP-QUERY] src/backend/biz-op-recon-import/import-worker.js:286:2 原始 DB 句柄不能透传到读取 helper
[ARCH-BIZOP-QUERY] src/backend/biz-op-recon-import/import-worker.js:289:2 原始 DB 句柄不能透传到读取 helper
[ARCH-BIZOP-QUERY] src/backend/biz-op-recon-import/import-worker.js:290:2 读取协调器不得通过原始 DB 读取事实；使用 query facade / Archive repository
[ARCH-BIZOP-QUERY] src/backend/biz-op-recon-import/import-worker.js:320:20 原始 DB 句柄不能透传到读取 helper
[ARCH-BIZOP-QUERY] src/backend/biz-op-recon-import/import-worker.js:322:2 读取协调器不得通过原始 DB 读取事实；使用 query facade / Archive repository
[ARCH-BIZOP-QUERY] src/backend/biz-op-recon-import/import-worker.js:324:21 原始 DB 句柄不能透传到读取 helper
[ARCH-BIZOP-QUERY] src/backend/biz-op-recon-import/import-worker.js:343:14 原始 DB 句柄不能透传到读取 helper
[ARCH-BIZOP-QUERY] src/backend/biz-op-recon-import/import-worker.js:344:14 原始 DB 句柄不能透传到读取 helper
[ARCH-BIZOP-QUERY] src/backend/biz-op-recon-import/import-worker.js:377:4 读取协调器不得通过原始 DB 读取事实；使用 query facade / Archive repository
[ARCH-BIZOP-QUERY] src/backend/biz-op-recon-import/import-worker.js:384:10 读取协调器不得通过原始 DB 读取事实；使用 query facade / Archive repository
[ARCH-BIZOP-QUERY] src/backend/biz-op-recon-import/import-worker.js:393:4 读取协调器不得通过原始 DB 读取事实；使用 query facade / Archive repository
[ARCH-BIZOP-QUERY] src/backend/biz-op-recon-import/import-worker.js:406:4 读取协调器不得通过原始 DB 读取事实；使用 query facade / Archive repository
[ARCH-BIZOP-QUERY] src/backend/biz-op-recon-import/import-worker.js:417:2 原始 DB 句柄不能透传到读取 helper
[ARCH-BIZOP-QUERY] src/backend/biz-op-recon-import/import-worker.js:420:2 读取协调器不得通过原始 DB 读取事实；使用 query facade / Archive repository
[ARCH-BIZOP-QUERY] src/backend/biz-op-recon-import/import-worker.js:493:12 原始 DB 句柄不能透传到读取 helper
[ARCH-BIZOP-QUERY] src/backend/biz-op-recon-import/import-worker.js:501:12 原始 DB 句柄不能透传到读取 helper
[ARCH-BIZOP-QUERY] src/backend/database/background-execution-schema.js:25:8 读取协调器不得通过原始 DB 读取事实；使用 query facade / Archive repository
[ARCH-BIZOP-QUERY] src/backend/database/background-execution-schema.js:35:2 原始 DB 句柄不能透传到读取 helper
[ARCH-BIZOP-QUERY] src/backend/database/background-execution-schema.js:36:9 原始 DB 句柄不能透传到读取 helper
[ARCH-BIZOP-QUERY] src/backend/database/background-execution-schema.js:37:4 读取协调器不得通过原始 DB 读取事实；使用 query facade / Archive repository
[ARCH-BIZOP-QUERY] src/backend/database/channels-repository.js:101:19 读取协调器不得通过原始 DB 读取事实；使用 query facade / Archive repository
[ARCH-BIZOP-QUERY] src/backend/database/channels-repository.js:107:11 原始 DB 句柄不能透传到读取 helper
[ARCH-BIZOP-QUERY] src/backend/database/channels-repository.js:117:19 原始 DB 句柄不能透传到读取 helper
[ARCH-BIZOP-QUERY] src/backend/database/channels-repository.js:128:4 读取协调器不得通过原始 DB 读取事实；使用 query facade / Archive repository
[ARCH-BIZOP-QUERY] src/backend/database/channels-repository.js:132:11 原始 DB 句柄不能透传到读取 helper
[ARCH-BIZOP-QUERY] src/backend/database/channels-repository.js:143:19 原始 DB 句柄不能透传到读取 helper
[ARCH-BIZOP-QUERY] src/backend/database/channels-repository.js:148:17 读取协调器不得通过原始 DB 读取事实；使用 query facade / Archive repository
[ARCH-BIZOP-QUERY] src/backend/database/channels-repository.js:154:2 读取协调器不得通过原始 DB 读取事实；使用 query facade / Archive repository
[ARCH-BIZOP-QUERY] src/backend/database/channels-repository.js:55:15 读取协调器不得通过原始 DB 读取事实；使用 query facade / Archive repository
[ARCH-BIZOP-QUERY] src/backend/database/channels-repository.js:62:14 读取协调器不得通过原始 DB 读取事实；使用 query facade / Archive repository
[ARCH-BIZOP-QUERY] src/backend/database/channels-repository.js:70:14 读取协调器不得通过原始 DB 读取事实；使用 query facade / Archive repository
[ARCH-BIZOP-QUERY] src/backend/database/channels-repository.js:78:14 读取协调器不得通过原始 DB 读取事实；使用 query facade / Archive repository
[ARCH-BIZOP-QUERY] src/backend/database/channels-repository.js:95:19 读取协调器不得通过原始 DB 读取事实；使用 query facade / Archive repository
[ARCH-BIZOP-QUERY] src/backend/database/duplicate-inbound-match-run-repository.js:125:19 原始 DB 句柄不能透传到读取 helper
[ARCH-BIZOP-QUERY] src/backend/database/duplicate-inbound-match-run-repository.js:134:17 读取协调器不得通过原始 DB 读取事实；使用 query facade / Archive repository
[ARCH-BIZOP-QUERY] src/backend/database/duplicate-inbound-match-run-repository.js:156:34 原始 DB 句柄不能透传到读取 helper
[ARCH-BIZOP-QUERY] src/backend/database/duplicate-inbound-match-run-repository.js:160:17 读取协调器不得通过原始 DB 读取事实；使用 query facade / Archive repository
[ARCH-BIZOP-QUERY] src/backend/database/duplicate-inbound-match-run-repository.js:167:9 原始 DB 句柄不能透传到读取 helper
[ARCH-BIZOP-QUERY] src/backend/database/duplicate-inbound-match-run-repository.js:172:17 读取协调器不得通过原始 DB 读取事实；使用 query facade / Archive repository
[ARCH-BIZOP-QUERY] src/backend/database/duplicate-inbound-match-run-repository.js:184:17 读取协调器不得通过原始 DB 读取事实；使用 query facade / Archive repository
[ARCH-BIZOP-QUERY] src/backend/database/duplicate-inbound-match-run-repository.js:194:4 读取协调器不得通过原始 DB 读取事实；使用 query facade / Archive repository
[ARCH-BIZOP-QUERY] src/backend/database/duplicate-inbound-match-run-repository.js:199:9 读取协调器不得通过原始 DB 读取事实；使用 query facade / Archive repository
[ARCH-BIZOP-QUERY] src/backend/database/duplicate-inbound-match-run-repository.js:224:26 读取协调器不得通过原始 DB 读取事实；使用 query facade / Archive repository
[ARCH-BIZOP-QUERY] src/backend/database/duplicate-inbound-match-run-repository.js:230:26 读取协调器不得通过原始 DB 读取事实；使用 query facade / Archive repository
[ARCH-BIZOP-QUERY] src/backend/database/duplicate-inbound-match-run-repository.js:253:19 读取协调器不得通过原始 DB 读取事实；使用 query facade / Archive repository
[ARCH-BIZOP-QUERY] src/backend/database/duplicate-inbound-match-run-repository.js:273:16 原始 DB 句柄不能透传到读取 helper
[ARCH-BIZOP-QUERY] src/backend/database/duplicate-inbound-match-run-repository.js:75:17 读取协调器不得通过原始 DB 读取事实；使用 query facade / Archive repository
[ARCH-BIZOP-QUERY] src/backend/database/duplicate-inbound-match-run-repository.js:99:19 读取协调器不得通过原始 DB 读取事实；使用 query facade / Archive repository
[ARCH-BIZOP-QUERY] src/backend/database/linked-table-repository.js:1060:9 读取协调器不得通过原始 DB 读取事实；使用 query facade / Archive repository
[ARCH-BIZOP-QUERY] src/backend/database/linked-table-repository.js:1257:2 读取协调器不得通过原始 DB 读取事实；使用 query facade / Archive repository
[ARCH-BIZOP-QUERY] src/backend/database/linked-table-repository.js:1259:4 读取协调器不得通过原始 DB 读取事实；使用 query facade / Archive repository
[ARCH-BIZOP-QUERY] src/backend/database/linked-table-repository.js:1261:23 读取协调器不得通过原始 DB 读取事实；使用 query facade / Archive repository
[ARCH-BIZOP-QUERY] src/backend/database/linked-table-repository.js:1272:4 读取协调器不得通过原始 DB 读取事实；使用 query facade / Archive repository
[ARCH-BIZOP-QUERY] src/backend/database/linked-table-repository.js:1274:10 读取协调器不得通过原始 DB 读取事实；使用 query facade / Archive repository
[ARCH-BIZOP-QUERY] src/backend/database/linked-table-repository.js:1289:15 读取协调器不得通过原始 DB 读取事实；使用 query facade / Archive repository
[ARCH-BIZOP-QUERY] src/backend/database/linked-table-repository.js:1314:2 读取协调器不得通过原始 DB 读取事实；使用 query facade / Archive repository
[ARCH-BIZOP-QUERY] src/backend/database/linked-table-repository.js:1316:16 读取协调器不得通过原始 DB 读取事实；使用 query facade / Archive repository
[ARCH-BIZOP-QUERY] src/backend/database/linked-table-repository.js:1322:23 读取协调器不得通过原始 DB 读取事实；使用 query facade / Archive repository
[ARCH-BIZOP-QUERY] src/backend/database/linked-table-repository.js:1328:4 读取协调器不得通过原始 DB 读取事实；使用 query facade / Archive repository
[ARCH-BIZOP-QUERY] src/backend/database/linked-table-repository.js:1330:10 读取协调器不得通过原始 DB 读取事实；使用 query facade / Archive repository
[ARCH-BIZOP-QUERY] src/backend/database/linked-table-repository.js:1367:2 读取协调器不得通过原始 DB 读取事实；使用 query facade / Archive repository
[ARCH-BIZOP-QUERY] src/backend/database/linked-table-repository.js:1369:4 读取协调器不得通过原始 DB 读取事实；使用 query facade / Archive repository
[ARCH-BIZOP-QUERY] src/backend/database/linked-table-repository.js:1371:23 读取协调器不得通过原始 DB 读取事实；使用 query facade / Archive repository
[ARCH-BIZOP-QUERY] src/backend/database/linked-table-repository.js:1383:4 读取协调器不得通过原始 DB 读取事实；使用 query facade / Archive repository
[ARCH-BIZOP-QUERY] src/backend/database/linked-table-repository.js:1385:10 读取协调器不得通过原始 DB 读取事实；使用 query facade / Archive repository
[ARCH-BIZOP-QUERY] src/backend/database/linked-table-repository.js:1400:15 读取协调器不得通过原始 DB 读取事实；使用 query facade / Archive repository
[ARCH-BIZOP-QUERY] src/backend/database/linked-table-repository.js:1483:2 读取协调器不得通过原始 DB 读取事实；使用 query facade / Archive repository
[ARCH-BIZOP-QUERY] src/backend/database/linked-table-repository.js:1485:4 读取协调器不得通过原始 DB 读取事实；使用 query facade / Archive repository
[ARCH-BIZOP-QUERY] src/backend/database/linked-table-repository.js:1487:23 读取协调器不得通过原始 DB 读取事实；使用 query facade / Archive repository
[ARCH-BIZOP-QUERY] src/backend/database/linked-table-repository.js:1518:4 读取协调器不得通过原始 DB 读取事实；使用 query facade / Archive repository
[ARCH-BIZOP-QUERY] src/backend/database/linked-table-repository.js:1520:10 读取协调器不得通过原始 DB 读取事实；使用 query facade / Archive repository
[ARCH-BIZOP-QUERY] src/backend/database/linked-table-repository.js:1525:26 读取协调器不得通过原始 DB 读取事实；使用 query facade / Archive repository
[ARCH-BIZOP-QUERY] src/backend/database/linked-table-repository.js:1541:12 读取协调器不得通过原始 DB 读取事实；使用 query facade / Archive repository
[ARCH-BIZOP-QUERY] src/backend/database/linked-table-repository.js:1580:2 读取协调器不得通过原始 DB 读取事实；使用 query facade / Archive repository
[ARCH-BIZOP-QUERY] src/backend/database/linked-table-repository.js:1582:23 读取协调器不得通过原始 DB 读取事实；使用 query facade / Archive repository
[ARCH-BIZOP-QUERY] src/backend/database/linked-table-repository.js:1583:23 读取协调器不得通过原始 DB 读取事实；使用 query facade / Archive repository
[ARCH-BIZOP-QUERY] src/backend/database/linked-table-repository.js:1618:4 读取协调器不得通过原始 DB 读取事实；使用 query facade / Archive repository
[ARCH-BIZOP-QUERY] src/backend/database/linked-table-repository.js:1620:10 读取协调器不得通过原始 DB 读取事实；使用 query facade / Archive repository
[ARCH-BIZOP-QUERY] src/backend/database/linked-table-repository.js:1635:15 读取协调器不得通过原始 DB 读取事实；使用 query facade / Archive repository
[ARCH-BIZOP-QUERY] src/backend/database/linked-table-repository.js:1662:2 读取协调器不得通过原始 DB 读取事实；使用 query facade / Archive repository
[ARCH-BIZOP-QUERY] src/backend/database/linked-table-repository.js:1664:23 读取协调器不得通过原始 DB 读取事实；使用 query facade / Archive repository
[ARCH-BIZOP-QUERY] src/backend/database/linked-table-repository.js:1678:4 读取协调器不得通过原始 DB 读取事实；使用 query facade / Archive repository
[ARCH-BIZOP-QUERY] src/backend/database/linked-table-repository.js:1680:10 读取协调器不得通过原始 DB 读取事实；使用 query facade / Archive repository
[ARCH-BIZOP-QUERY] src/backend/database/linked-table-repository.js:1690:15 读取协调器不得通过原始 DB 读取事实；使用 query facade / Archive repository
[ARCH-BIZOP-QUERY] src/backend/database/linked-table-repository.js:1705:15 读取协调器不得通过原始 DB 读取事实；使用 query facade / Archive repository
[ARCH-BIZOP-QUERY] src/backend/database/linked-table-repository.js:1725:2 读取协调器不得通过原始 DB 读取事实；使用 query facade / Archive repository
[ARCH-BIZOP-QUERY] src/backend/database/linked-table-repository.js:1727:23 读取协调器不得通过原始 DB 读取事实；使用 query facade / Archive repository
[ARCH-BIZOP-QUERY] src/backend/database/linked-table-repository.js:1734:4 读取协调器不得通过原始 DB 读取事实；使用 query facade / Archive repository
[ARCH-BIZOP-QUERY] src/backend/database/linked-table-repository.js:1736:10 读取协调器不得通过原始 DB 读取事实；使用 query facade / Archive repository
[ARCH-BIZOP-QUERY] src/backend/database/linked-table-repository.js:1755:2 读取协调器不得通过原始 DB 读取事实；使用 query facade / Archive repository
[ARCH-BIZOP-QUERY] src/backend/database/linked-table-repository.js:1757:4 读取协调器不得通过原始 DB 读取事实；使用 query facade / Archive repository
[ARCH-BIZOP-QUERY] src/backend/database/linked-table-repository.js:1759:23 读取协调器不得通过原始 DB 读取事实；使用 query facade / Archive repository
[ARCH-BIZOP-QUERY] src/backend/database/linked-table-repository.js:1769:4 读取协调器不得通过原始 DB 读取事实；使用 query facade / Archive repository
[ARCH-BIZOP-QUERY] src/backend/database/linked-table-repository.js:1771:10 读取协调器不得通过原始 DB 读取事实；使用 query facade / Archive repository
[ARCH-BIZOP-QUERY] src/backend/database/linked-table-repository.js:1780:15 读取协调器不得通过原始 DB 读取事实；使用 query facade / Archive repository
[ARCH-BIZOP-QUERY] src/backend/database/linked-table-repository.js:207:14 读取协调器不得通过原始 DB 读取事实；使用 query facade / Archive repository
[ARCH-BIZOP-QUERY] src/backend/database/linked-table-repository.js:213:42 原始 DB 句柄不能透传到读取 helper
[ARCH-BIZOP-QUERY] src/backend/database/linked-table-repository.js:264:2 读取协调器不得通过原始 DB 读取事实；使用 query facade / Archive repository
[ARCH-BIZOP-QUERY] src/backend/database/linked-table-repository.js:299:31 原始 DB 句柄不能透传到读取 helper
[ARCH-BIZOP-QUERY] src/backend/database/linked-table-repository.js:301:2 读取协调器不得通过原始 DB 读取事实；使用 query facade / Archive repository
[ARCH-BIZOP-QUERY] src/backend/database/linked-table-repository.js:305:4 原始 DB 句柄不能透传到读取 helper
[ARCH-BIZOP-QUERY] src/backend/database/linked-table-repository.js:306:4 读取协调器不得通过原始 DB 读取事实；使用 query facade / Archive repository
[ARCH-BIZOP-QUERY] src/backend/database/linked-table-repository.js:308:10 读取协调器不得通过原始 DB 读取事实；使用 query facade / Archive repository
[ARCH-BIZOP-QUERY] src/backend/database/linked-table-repository.js:344:31 原始 DB 句柄不能透传到读取 helper
[ARCH-BIZOP-QUERY] src/backend/database/linked-table-repository.js:346:2 读取协调器不得通过原始 DB 读取事实；使用 query facade / Archive repository
[ARCH-BIZOP-QUERY] src/backend/database/linked-table-repository.js:350:4 原始 DB 句柄不能透传到读取 helper
[ARCH-BIZOP-QUERY] src/backend/database/linked-table-repository.js:351:4 读取协调器不得通过原始 DB 读取事实；使用 query facade / Archive repository
[ARCH-BIZOP-QUERY] src/backend/database/linked-table-repository.js:353:10 读取协调器不得通过原始 DB 读取事实；使用 query facade / Archive repository
[ARCH-BIZOP-QUERY] src/backend/database/linked-table-repository.js:465:2 原始 DB 句柄不能透传到读取 helper
[ARCH-BIZOP-QUERY] src/backend/database/linked-table-repository.js:474:9 原始 DB 句柄不能透传到读取 helper
[ARCH-BIZOP-QUERY] src/backend/database/linked-table-repository.js:511:9 原始 DB 句柄不能透传到读取 helper
[ARCH-BIZOP-QUERY] src/backend/database/linked-table-repository.js:538:9 原始 DB 句柄不能透传到读取 helper
[ARCH-BIZOP-QUERY] src/backend/database/linked-table-repository.js:543:9 原始 DB 句柄不能透传到读取 helper
[ARCH-BIZOP-QUERY] src/backend/database/linked-table-repository.js:548:9 原始 DB 句柄不能透传到读取 helper
[ARCH-BIZOP-QUERY] src/backend/database/linked-table-repository.js:556:23 原始 DB 句柄不能透传到读取 helper
[ARCH-BIZOP-QUERY] src/backend/database/linked-table-repository.js:559:2 读取协调器不得通过原始 DB 读取事实；使用 query facade / Archive repository
[ARCH-BIZOP-QUERY] src/backend/database/linked-table-repository.js:565:16 原始 DB 句柄不能透传到读取 helper
[ARCH-BIZOP-QUERY] src/backend/database/linked-table-repository.js:566:4 读取协调器不得通过原始 DB 读取事实；使用 query facade / Archive repository
[ARCH-BIZOP-QUERY] src/backend/database/linked-table-repository.js:568:10 读取协调器不得通过原始 DB 读取事实；使用 query facade / Archive repository
[ARCH-BIZOP-QUERY] src/backend/database/linked-table-repository.js:589:23 原始 DB 句柄不能透传到读取 helper
[ARCH-BIZOP-QUERY] src/backend/database/linked-table-repository.js:593:2 读取协调器不得通过原始 DB 读取事实；使用 query facade / Archive repository
[ARCH-BIZOP-QUERY] src/backend/database/linked-table-repository.js:603:16 原始 DB 句柄不能透传到读取 helper
[ARCH-BIZOP-QUERY] src/backend/database/linked-table-repository.js:604:4 读取协调器不得通过原始 DB 读取事实；使用 query facade / Archive repository
[ARCH-BIZOP-QUERY] src/backend/database/linked-table-repository.js:606:10 读取协调器不得通过原始 DB 读取事实；使用 query facade / Archive repository
[ARCH-BIZOP-QUERY] src/backend/database/linked-table-repository.js:632:23 原始 DB 句柄不能透传到读取 helper
[ARCH-BIZOP-QUERY] src/backend/database/linked-table-repository.js:636:2 读取协调器不得通过原始 DB 读取事实；使用 query facade / Archive repository
[ARCH-BIZOP-QUERY] src/backend/database/linked-table-repository.js:658:16 原始 DB 句柄不能透传到读取 helper
[ARCH-BIZOP-QUERY] src/backend/database/linked-table-repository.js:659:4 读取协调器不得通过原始 DB 读取事实；使用 query facade / Archive repository
[ARCH-BIZOP-QUERY] src/backend/database/linked-table-repository.js:661:10 读取协调器不得通过原始 DB 读取事实；使用 query facade / Archive repository
[ARCH-BIZOP-QUERY] src/backend/database/linked-table-repository.js:683:34 原始 DB 句柄不能透传到读取 helper
[ARCH-BIZOP-QUERY] src/backend/database/linked-table-repository.js:689:2 读取协调器不得通过原始 DB 读取事实；使用 query facade / Archive repository
[ARCH-BIZOP-QUERY] src/backend/database/linked-table-repository.js:693:16 原始 DB 句柄不能透传到读取 helper
[ARCH-BIZOP-QUERY] src/backend/database/linked-table-repository.js:694:4 读取协调器不得通过原始 DB 读取事实；使用 query facade / Archive repository
[ARCH-BIZOP-QUERY] src/backend/database/linked-table-repository.js:696:10 读取协调器不得通过原始 DB 读取事实；使用 query facade / Archive repository
[ARCH-BIZOP-QUERY] src/backend/database/linked-table-repository.js:723:34 原始 DB 句柄不能透传到读取 helper
[ARCH-BIZOP-QUERY] src/backend/database/linked-table-repository.js:729:2 读取协调器不得通过原始 DB 读取事实；使用 query facade / Archive repository
[ARCH-BIZOP-QUERY] src/backend/database/linked-table-repository.js:733:16 原始 DB 句柄不能透传到读取 helper
[ARCH-BIZOP-QUERY] src/backend/database/linked-table-repository.js:734:4 读取协调器不得通过原始 DB 读取事实；使用 query facade / Archive repository
[ARCH-BIZOP-QUERY] src/backend/database/linked-table-repository.js:736:10 读取协调器不得通过原始 DB 读取事实；使用 query facade / Archive repository
[ARCH-BIZOP-QUERY] src/backend/database/linked-table-repository.js:772:34 原始 DB 句柄不能透传到读取 helper
[ARCH-BIZOP-QUERY] src/backend/database/linked-table-repository.js:779:2 读取协调器不得通过原始 DB 读取事实；使用 query facade / Archive repository
[ARCH-BIZOP-QUERY] src/backend/database/linked-table-repository.js:783:16 原始 DB 句柄不能透传到读取 helper
[ARCH-BIZOP-QUERY] src/backend/database/linked-table-repository.js:784:4 读取协调器不得通过原始 DB 读取事实；使用 query facade / Archive repository
[ARCH-BIZOP-QUERY] src/backend/database/linked-table-repository.js:786:10 读取协调器不得通过原始 DB 读取事实；使用 query facade / Archive repository
[ARCH-BIZOP-QUERY] src/backend/database/linked-table-repository.js:815:34 原始 DB 句柄不能透传到读取 helper
[ARCH-BIZOP-QUERY] src/backend/database/linked-table-repository.js:822:2 读取协调器不得通过原始 DB 读取事实；使用 query facade / Archive repository
[ARCH-BIZOP-QUERY] src/backend/database/linked-table-repository.js:826:16 原始 DB 句柄不能透传到读取 helper
[ARCH-BIZOP-QUERY] src/backend/database/linked-table-repository.js:827:4 读取协调器不得通过原始 DB 读取事实；使用 query facade / Archive repository
[ARCH-BIZOP-QUERY] src/backend/database/linked-table-repository.js:829:10 读取协调器不得通过原始 DB 读取事实；使用 query facade / Archive repository
[ARCH-BIZOP-QUERY] src/backend/database/linked-table-repository.js:889:15 读取协调器不得通过原始 DB 读取事实；使用 query facade / Archive repository
[ARCH-BIZOP-QUERY] src/backend/database/linked-table-repository.js:891:2 读取协调器不得通过原始 DB 读取事实；使用 query facade / Archive repository
[ARCH-BIZOP-QUERY] src/backend/database/linked-table-repository.js:896:4 读取协调器不得通过原始 DB 读取事实；使用 query facade / Archive repository
[ARCH-BIZOP-QUERY] src/backend/database/linked-table-repository.js:898:10 读取协调器不得通过原始 DB 读取事实；使用 query facade / Archive repository
[ARCH-BIZOP-QUERY] src/backend/database/linked-table-repository.js:912:15 读取协调器不得通过原始 DB 读取事实；使用 query facade / Archive repository
[ARCH-BIZOP-QUERY] src/backend/database/linked-table-repository.js:914:2 读取协调器不得通过原始 DB 读取事实；使用 query facade / Archive repository
[ARCH-BIZOP-QUERY] src/backend/database/linked-table-repository.js:919:4 读取协调器不得通过原始 DB 读取事实；使用 query facade / Archive repository
[ARCH-BIZOP-QUERY] src/backend/database/linked-table-repository.js:921:10 读取协调器不得通过原始 DB 读取事实；使用 query facade / Archive repository
[ARCH-BIZOP-QUERY] src/backend/database/linked-table-repository.js:950:34 原始 DB 句柄不能透传到读取 helper
[ARCH-BIZOP-QUERY] src/backend/database/linked-table-repository.js:957:2 读取协调器不得通过原始 DB 读取事实；使用 query facade / Archive repository
[ARCH-BIZOP-QUERY] src/backend/database/linked-table-repository.js:961:16 原始 DB 句柄不能透传到读取 helper
[ARCH-BIZOP-QUERY] src/backend/database/linked-table-repository.js:962:4 读取协调器不得通过原始 DB 读取事实；使用 query facade / Archive repository
[ARCH-BIZOP-QUERY] src/backend/database/linked-table-repository.js:964:10 读取协调器不得通过原始 DB 读取事实；使用 query facade / Archive repository
[ARCH-BIZOP-QUERY] src/backend/database/linked-table-writeback-reader.js:165:2 原始 DB 句柄不能透传到读取 helper
[ARCH-BIZOP-QUERY] src/backend/database/linked-table-writeback-reader.js:166:18 读取协调器不得通过原始 DB 读取事实；使用 query facade / Archive repository
[ARCH-BIZOP-QUERY] src/backend/database/pre-fund-reconciliation-run-repository.js:104:4 读取协调器不得通过原始 DB 读取事实；使用 query facade / Archive repository
[ARCH-BIZOP-QUERY] src/backend/database/pre-fund-reconciliation-run-repository.js:109:19 读取协调器不得通过原始 DB 读取事实；使用 query facade / Archive repository
[ARCH-BIZOP-QUERY] src/backend/database/pre-fund-reconciliation-run-repository.js:116:17 读取协调器不得通过原始 DB 读取事实；使用 query facade / Archive repository
[ARCH-BIZOP-QUERY] src/backend/database/pre-fund-reconciliation-run-repository.js:125:9 原始 DB 句柄不能透传到读取 helper
[ARCH-BIZOP-QUERY] src/backend/database/pre-fund-reconciliation-run-repository.js:129:9 读取协调器不得通过原始 DB 读取事实；使用 query facade / Archive repository
[ARCH-BIZOP-QUERY] src/backend/database/pre-fund-reconciliation-run-repository.js:33:17 读取协调器不得通过原始 DB 读取事实；使用 query facade / Archive repository
[ARCH-BIZOP-QUERY] src/backend/database/pre-fund-reconciliation-run-repository.js:52:17 读取协调器不得通过原始 DB 读取事实；使用 query facade / Archive repository
[ARCH-BIZOP-QUERY] src/backend/database/pre-fund-reconciliation-run-repository.js:70:17 读取协调器不得通过原始 DB 读取事实；使用 query facade / Archive repository
[ARCH-BIZOP-QUERY] src/backend/database/pre-fund-reconciliation-run-repository.js:77:9 原始 DB 句柄不能透传到读取 helper
[ARCH-BIZOP-QUERY] src/backend/database/pre-fund-reconciliation-run-repository.js:82:17 读取协调器不得通过原始 DB 读取事实；使用 query facade / Archive repository
[ARCH-BIZOP-QUERY] src/backend/database/pre-fund-reconciliation-run-repository.js:94:17 读取协调器不得通过原始 DB 读取事实；使用 query facade / Archive repository
[ARCH-BIZOP-QUERY] src/backend/database/recon-fix-operation-receipt-repository.js:140:2 原始 DB 句柄不能透传到读取 helper
[ARCH-BIZOP-QUERY] src/backend/database/recon-fix-operation-receipt-repository.js:145:20 读取协调器不得通过原始 DB 读取事实；使用 query facade / Archive repository
[ARCH-BIZOP-QUERY] src/backend/database/recon-fix-operation-receipt-repository.js:163:2 原始 DB 句柄不能透传到读取 helper
[ARCH-BIZOP-QUERY] src/backend/database/recon-fix-operation-receipt-repository.js:164:17 读取协调器不得通过原始 DB 读取事实；使用 query facade / Archive repository
[ARCH-BIZOP-QUERY] src/backend/database/recon-fix-operation-receipt-repository.js:172:2 原始 DB 句柄不能透传到读取 helper
[ARCH-BIZOP-QUERY] src/backend/database/recon-fix-operation-receipt-repository.js:180:19 原始 DB 句柄不能透传到读取 helper
[ARCH-BIZOP-QUERY] src/backend/database/recon-fix-operation-receipt-repository.js:190:4 读取协调器不得通过原始 DB 读取事实；使用 query facade / Archive repository
[ARCH-BIZOP-QUERY] src/backend/database/recon-fix-operation-receipt-repository.js:217:17 原始 DB 句柄不能透传到读取 helper
[ARCH-BIZOP-QUERY] src/backend/database/recon-fix-operation-receipt-repository.js:231:40 原始 DB 句柄不能透传到读取 helper
[ARCH-BIZOP-QUERY] src/backend/database/scenarios-repository.js:232:46 原始 DB 句柄不能透传到读取 helper
[ARCH-BIZOP-QUERY] src/backend/database/scenarios-repository.js:232:6 原始 DB 句柄不能透传到读取 helper
[ARCH-BIZOP-QUERY] src/backend/database/scenarios-repository.js:234:16 读取协调器不得通过原始 DB 读取事实；使用 query facade / Archive repository
[ARCH-BIZOP-QUERY] src/backend/database/scenarios-repository.js:238:4 原始 DB 句柄不能透传到读取 helper
[ARCH-BIZOP-QUERY] src/backend/database/scenarios-repository.js:241:4 原始 DB 句柄不能透传到读取 helper
[ARCH-BIZOP-QUERY] src/backend/database/scenarios-repository.js:253:21 原始 DB 句柄不能透传到读取 helper
[ARCH-BIZOP-QUERY] src/backend/database/scenarios-repository.js:324:15 读取协调器不得通过原始 DB 读取事实；使用 query facade / Archive repository
[ARCH-BIZOP-QUERY] src/backend/database/scenarios-repository.js:349:21 原始 DB 句柄不能透传到读取 helper
[ARCH-BIZOP-QUERY] src/backend/database/scenarios-repository.js:353:16 读取协调器不得通过原始 DB 读取事实；使用 query facade / Archive repository
[ARCH-BIZOP-QUERY] src/backend/database/scenarios-repository.js:359:14 读取协调器不得通过原始 DB 读取事实；使用 query facade / Archive repository
[ARCH-BIZOP-QUERY] src/backend/database/scenarios-repository.js:370:21 原始 DB 句柄不能透传到读取 helper
[ARCH-BIZOP-QUERY] src/backend/database/scenarios-repository.js:390:21 原始 DB 句柄不能透传到读取 helper
[ARCH-BIZOP-QUERY] src/backend/database/scenarios-repository.js:394:17 读取协调器不得通过原始 DB 读取事实；使用 query facade / Archive repository
[ARCH-BIZOP-QUERY] src/backend/database/scenarios-repository.js:400:15 读取协调器不得通过原始 DB 读取事实；使用 query facade / Archive repository
[ARCH-BIZOP-QUERY] src/backend/database/scenarios-repository.js:410:15 读取协调器不得通过原始 DB 读取事实；使用 query facade / Archive repository
[ARCH-BIZOP-QUERY] src/backend/database/scenarios-repository.js:428:17 原始 DB 句柄不能透传到读取 helper
[ARCH-BIZOP-QUERY] src/backend/database/scenarios-repository.js:438:8 原始 DB 句柄不能透传到读取 helper
[ARCH-BIZOP-QUERY] src/backend/database/scenarios-repository.js:439:6 读取协调器不得通过原始 DB 读取事实；使用 query facade / Archive repository
[ARCH-BIZOP-QUERY] src/backend/database/scenarios-repository.js:446:6 读取协调器不得通过原始 DB 读取事实；使用 query facade / Archive repository
[ARCH-BIZOP-QUERY] src/backend/database/scenarios-repository.js:467:19 原始 DB 句柄不能透传到读取 helper
[ARCH-BIZOP-QUERY] src/backend/database/scenarios-repository.js:524:19 原始 DB 句柄不能透传到读取 helper
[ARCH-BIZOP-QUERY] src/backend/database/scenarios-repository.js:526:17 读取协调器不得通过原始 DB 读取事实；使用 query facade / Archive repository
[ARCH-BIZOP-QUERY] src/backend/database/scenarios-repository.js:534:17 读取协调器不得通过原始 DB 读取事实；使用 query facade / Archive repository
[ARCH-BIZOP-QUERY] src/backend/database/scenarios-repository.js:575:21 原始 DB 句柄不能透传到读取 helper
[ARCH-BIZOP-QUERY] src/backend/database/scenarios-repository.js:579:2 读取协调器不得通过原始 DB 读取事实；使用 query facade / Archive repository
[ARCH-BIZOP-QUERY] src/backend/database/scenarios-repository.js:582:23 读取协调器不得通过原始 DB 读取事实；使用 query facade / Archive repository
[ARCH-BIZOP-QUERY] src/backend/database/scenarios-repository.js:600:23 读取协调器不得通过原始 DB 读取事实；使用 query facade / Archive repository
[ARCH-BIZOP-QUERY] src/backend/database/scenarios-repository.js:606:4 读取协调器不得通过原始 DB 读取事实；使用 query facade / Archive repository
[ARCH-BIZOP-QUERY] src/backend/database/scenarios-repository.js:609:4 读取协调器不得通过原始 DB 读取事实；使用 query facade / Archive repository
[ARCH-BIZOP-QUERY] src/backend/database/scenarios-repository.js:645:21 原始 DB 句柄不能透传到读取 helper
[ARCH-BIZOP-QUERY] src/backend/database/scenarios-repository.js:649:2 读取协调器不得通过原始 DB 读取事实；使用 query facade / Archive repository
[ARCH-BIZOP-QUERY] src/backend/database/scenarios-repository.js:657:4 读取协调器不得通过原始 DB 读取事实；使用 query facade / Archive repository
[ARCH-BIZOP-QUERY] src/backend/database/scenarios-repository.js:660:4 读取协调器不得通过原始 DB 读取事实；使用 query facade / Archive repository
[ARCH-BIZOP-QUERY] src/backend/database/scenarios-repository.js:675:17 读取协调器不得通过原始 DB 读取事实；使用 query facade / Archive repository
[ARCH-BIZOP-QUERY] src/backend/database/scenarios-repository.js:695:19 原始 DB 句柄不能透传到读取 helper
[ARCH-BIZOP-QUERY] src/backend/database/scenarios-repository.js:699:2 读取协调器不得通过原始 DB 读取事实；使用 query facade / Archive repository
[ARCH-BIZOP-QUERY] src/backend/database/scenarios-repository.js:701:4 原始 DB 句柄不能透传到读取 helper
[ARCH-BIZOP-QUERY] src/backend/database/scenarios-repository.js:702:4 读取协调器不得通过原始 DB 读取事实；使用 query facade / Archive repository
[ARCH-BIZOP-QUERY] src/backend/database/scenarios-repository.js:704:4 读取协调器不得通过原始 DB 读取事实；使用 query facade / Archive repository
[ARCH-BIZOP-QUERY] src/backend/database/scenarios-repository.js:714:19 原始 DB 句柄不能透传到读取 helper
[ARCH-BIZOP-QUERY] src/backend/database/scenarios-repository.js:716:2 读取协调器不得通过原始 DB 读取事实；使用 query facade / Archive repository
[ARCH-BIZOP-QUERY] src/backend/database/scenarios-repository.js:718:19 读取协调器不得通过原始 DB 读取事实；使用 query facade / Archive repository
[ARCH-BIZOP-QUERY] src/backend/database/scenarios-repository.js:735:11 读取协调器不得通过原始 DB 读取事实；使用 query facade / Archive repository
[ARCH-BIZOP-QUERY] src/backend/database/scenarios-repository.js:749:11 读取协调器不得通过原始 DB 读取事实；使用 query facade / Archive repository
[ARCH-BIZOP-QUERY] src/backend/duplicate-inbound-match-result-digest.js:108:14 读取协调器不得通过原始 DB 读取事实；使用 query facade / Archive repository
[ARCH-BIZOP-QUERY] src/backend/duplicate-inbound-match-result-digest.js:136:20 读取协调器不得通过原始 DB 读取事实；使用 query facade / Archive repository
[ARCH-BIZOP-QUERY] src/backend/duplicate-inbound-match-result-digest.js:148:20 读取协调器不得通过原始 DB 读取事实；使用 query facade / Archive repository
[ARCH-BIZOP-QUERY] src/backend/duplicate-inbound-match-result-digest.js:162:20 读取协调器不得通过原始 DB 读取事实；使用 query facade / Archive repository
[ARCH-BIZOP-QUERY] src/backend/duplicate-inbound-match-store.js:130:4 读取协调器不得通过原始 DB 读取事实；使用 query facade / Archive repository
[ARCH-BIZOP-QUERY] src/backend/duplicate-inbound-match-store.js:134:17 原始 DB 句柄不能透传到读取 helper
[ARCH-BIZOP-QUERY] src/backend/duplicate-inbound-match-store.js:138:16 原始 DB 句柄不能透传到读取 helper
[ARCH-BIZOP-QUERY] src/backend/duplicate-inbound-match-store.js:16:8 读取协调器不得通过原始 DB 读取事实；使用 query facade / Archive repository
[ARCH-BIZOP-QUERY] src/backend/duplicate-inbound-match-store.js:83:25 读取协调器不得通过原始 DB 读取事实；使用 query facade / Archive repository
[ARCH-BIZOP-QUERY] src/backend/duplicate-inbound-match-store.js:86:27 读取协调器不得通过原始 DB 读取事实；使用 query facade / Archive repository
[ARCH-BIZOP-QUERY] src/backend/duplicate-inbound-match-store.js:89:28 读取协调器不得通过原始 DB 读取事实；使用 query facade / Archive repository
[ARCH-BIZOP-QUERY] src/backend/duplicate-inbound-match-store.js:92:30 读取协调器不得通过原始 DB 读取事实；使用 query facade / Archive repository
[ARCH-BIZOP-QUERY] src/backend/duplicate-inbound-match-store.js:97:29 读取协调器不得通过原始 DB 读取事实；使用 query facade / Archive repository
[ARCH-BIZOP-QUERY] src/backend/pending-db/diff-repository.js:109:9 读取协调器不得通过原始 DB 读取事实；使用 query facade / Archive repository
[ARCH-BIZOP-QUERY] src/backend/pending-db/diff-repository.js:120:16 读取协调器不得通过原始 DB 读取事实；使用 query facade / Archive repository
[ARCH-BIZOP-QUERY] src/backend/pending-db/diff-repository.js:127:17 读取协调器不得通过原始 DB 读取事实；使用 query facade / Archive repository
[ARCH-BIZOP-QUERY] src/backend/pending-db/diff-repository.js:135:43 原始 DB 句柄不能透传到读取 helper
[ARCH-BIZOP-QUERY] src/backend/pending-db/diff-repository.js:136:19 原始 DB 句柄不能透传到读取 helper
[ARCH-BIZOP-QUERY] src/backend/pending-db/diff-repository.js:34:17 读取协调器不得通过原始 DB 读取事实；使用 query facade / Archive repository
[ARCH-BIZOP-QUERY] src/backend/pending-db/diff-repository.js:52:9 原始 DB 句柄不能透传到读取 helper
[ARCH-BIZOP-QUERY] src/backend/pending-db/diff-repository.js:56:9 原始 DB 句柄不能透传到读取 helper
[ARCH-BIZOP-QUERY] src/backend/pending-db/diff-repository.js:66:2 读取协调器不得通过原始 DB 读取事实；使用 query facade / Archive repository
[ARCH-BIZOP-QUERY] src/backend/pending-db/diff-repository.js:71:16 读取协调器不得通过原始 DB 读取事实；使用 query facade / Archive repository
[ARCH-BIZOP-QUERY] src/backend/pending-db/diff-repository.js:77:9 读取协调器不得通过原始 DB 读取事实；使用 query facade / Archive repository
[ARCH-BIZOP-QUERY] src/backend/pending-db/diff-repository.js:81:9 读取协调器不得通过原始 DB 读取事实；使用 query facade / Archive repository
[ARCH-BIZOP-QUERY] src/backend/pending-db/diff-repository.js:89:4 读取协调器不得通过原始 DB 读取事实；使用 query facade / Archive repository
[ARCH-BIZOP-QUERY] src/backend/pending-db/diff-repository.js:97:20 原始 DB 句柄不能透传到读取 helper
[ARCH-BIZOP-QUERY] src/backend/pending-db/removed-repository.js:109:4 读取协调器不得通过原始 DB 读取事实；使用 query facade / Archive repository
[ARCH-BIZOP-QUERY] src/backend/pending-db/removed-repository.js:112:10 读取协调器不得通过原始 DB 读取事实；使用 query facade / Archive repository
[ARCH-BIZOP-QUERY] src/backend/pending-db/removed-repository.js:118:9 原始 DB 句柄不能透传到读取 helper
[ARCH-BIZOP-QUERY] src/backend/pending-db/removed-repository.js:126:21 读取协调器不得通过原始 DB 读取事实；使用 query facade / Archive repository
[ARCH-BIZOP-QUERY] src/backend/pending-db/removed-repository.js:132:2 读取协调器不得通过原始 DB 读取事实；使用 query facade / Archive repository
[ARCH-BIZOP-QUERY] src/backend/pending-db/removed-repository.js:134:52 原始 DB 句柄不能透传到读取 helper
[ARCH-BIZOP-QUERY] src/backend/pending-db/removed-repository.js:135:22 读取协调器不得通过原始 DB 读取事实；使用 query facade / Archive repository
[ARCH-BIZOP-QUERY] src/backend/pending-db/removed-repository.js:146:4 读取协调器不得通过原始 DB 读取事实；使用 query facade / Archive repository
[ARCH-BIZOP-QUERY] src/backend/pending-db/removed-repository.js:158:4 读取协调器不得通过原始 DB 读取事实；使用 query facade / Archive repository
[ARCH-BIZOP-QUERY] src/backend/pending-db/removed-repository.js:161:10 读取协调器不得通过原始 DB 读取事实；使用 query facade / Archive repository
[ARCH-BIZOP-QUERY] src/backend/pending-db/removed-repository.js:167:22 原始 DB 句柄不能透传到读取 helper
[ARCH-BIZOP-QUERY] src/backend/pending-db/removed-repository.js:168:9 原始 DB 句柄不能透传到读取 helper
[ARCH-BIZOP-QUERY] src/backend/pending-db/removed-repository.js:190:15 读取协调器不得通过原始 DB 读取事实；使用 query facade / Archive repository
[ARCH-BIZOP-QUERY] src/backend/pending-db/removed-repository.js:212:14 读取协调器不得通过原始 DB 读取事实；使用 query facade / Archive repository
[ARCH-BIZOP-QUERY] src/backend/pending-db/removed-repository.js:38:14 读取协调器不得通过原始 DB 读取事实；使用 query facade / Archive repository
[ARCH-BIZOP-QUERY] src/backend/pending-db/removed-repository.js:61:21 读取协调器不得通过原始 DB 读取事实；使用 query facade / Archive repository
[ARCH-BIZOP-QUERY] src/backend/pending-db/removed-repository.js:67:2 读取协调器不得通过原始 DB 读取事实；使用 query facade / Archive repository
[ARCH-BIZOP-QUERY] src/backend/pending-db/removed-repository.js:70:22 读取协调器不得通过原始 DB 读取事实；使用 query facade / Archive repository
[ARCH-BIZOP-QUERY] src/backend/pending-db/removed-repository.js:90:4 读取协调器不得通过原始 DB 读取事实；使用 query facade / Archive repository
[ARCH-BIZOP-QUERY] src/backend/pending-export/writer.js:165:19 原始 DB 句柄不能透传到读取 helper
[ARCH-BIZOP-QUERY] src/backend/pending-export/writer.js:166:19 原始 DB 句柄不能透传到读取 helper
[ARCH-BIZOP-QUERY] src/backend/pending-export/writer.js:289:6 原始 DB 句柄不能透传到读取 helper
[ARCH-BIZOP-QUERY] src/backend/pending-export/writer.js:293:25 原始 DB 句柄不能透传到读取 helper
[ARCH-BIZOP-QUERY] src/backend/pending-export/writer.js:294:28 原始 DB 句柄不能透传到读取 helper
[ARCH-BIZOP-QUERY] src/backend/pending-export/writer.js:296:25 原始 DB 句柄不能透传到读取 helper
[ARCH-BIZOP-QUERY] src/backend/pending-export/writer.js:300:26 原始 DB 句柄不能透传到读取 helper
[ARCH-BIZOP-QUERY] src/backend/pending-export/writer.js:304:21 原始 DB 句柄不能透传到读取 helper
[ARCH-BIZOP-QUERY] src/backend/pending-export/writer.js:313:21 原始 DB 句柄不能透传到读取 helper
[ARCH-BIZOP-QUERY] src/backend/pending-export/writer.js:332:2 读取协调器不得通过原始 DB 读取事实；使用 query facade / Archive repository
[ARCH-BIZOP-QUERY] src/backend/pending-export/writer.js:334:43 原始 DB 句柄不能透传到读取 helper
[ARCH-BIZOP-QUERY] src/backend/pending-export/writer.js:336:4 读取协调器不得通过原始 DB 读取事实；使用 query facade / Archive repository
[ARCH-BIZOP-QUERY] src/backend/pending-export/writer.js:339:10 读取协调器不得通过原始 DB 读取事实；使用 query facade / Archive repository
[ARCH-BIZOP-QUERY] src/backend/pending-export/writer.js:345:16 原始 DB 句柄不能透传到读取 helper
[ARCH-BIZOP-QUERY] src/backend/pending-export/writer.js:346:14 原始 DB 句柄不能透传到读取 helper
[ARCH-BIZOP-QUERY] src/backend/pending-export/writer.js:353:19 原始 DB 句柄不能透传到读取 helper
[ARCH-BIZOP-QUERY] src/backend/pending-export/writer.js:360:17 原始 DB 句柄不能透传到读取 helper
[ARCH-BIZOP-QUERY] src/backend/pending-export/writer.js:392:27 原始 DB 句柄不能透传到读取 helper
[ARCH-BIZOP-QUERY] src/backend/pending-export/writer.js:421:16 原始 DB 句柄不能透传到读取 helper
[ARCH-BIZOP-QUERY] src/backend/pending-export/writer.js:423:16 原始 DB 句柄不能透传到读取 helper
[ARCH-BIZOP-QUERY] src/backend/pending-export/writer.js:458:20 原始 DB 句柄不能透传到读取 helper
[ARCH-BIZOP-QUERY] src/backend/pending-export/writer.js:460:19 原始 DB 句柄不能透传到读取 helper
[ARCH-BIZOP-QUERY] src/backend/pending-export/writer.js:476:20 原始 DB 句柄不能透传到读取 helper
[ARCH-BIZOP-QUERY] src/backend/pending-export/writer.js:478:19 原始 DB 句柄不能透传到读取 helper
[ARCH-BIZOP-QUERY] src/backend/pending-export/writer.js:500:26 原始 DB 句柄不能透传到读取 helper
[ARCH-BIZOP-QUERY] src/backend/pending-export/writer.js:523:9 原始 DB 句柄不能透传到读取 helper
[ARCH-BIZOP-QUERY] src/backend/pending-export/writer.js:525:4 原始 DB 句柄不能透传到读取 helper
[ARCH-BIZOP-QUERY] src/backend/pending-reconcile/removal-match.js:123:22 原始 DB 句柄不能透传到读取 helper
[ARCH-BIZOP-QUERY] src/backend/pending-reconcile/removal-match.js:125:22 原始 DB 句柄不能透传到读取 helper
[ARCH-BIZOP-QUERY] src/backend/pending-reconcile/removal-match.js:138:21 读取协调器不得通过原始 DB 读取事实；使用 query facade / Archive repository
[ARCH-BIZOP-QUERY] src/backend/pending-reconcile/removal-match.js:148:2 读取协调器不得通过原始 DB 读取事实；使用 query facade / Archive repository
[ARCH-BIZOP-QUERY] src/backend/pending-reconcile/removal-match.js:151:4 读取协调器不得通过原始 DB 读取事实；使用 query facade / Archive repository
[ARCH-BIZOP-QUERY] src/backend/pending-reconcile/removal-match.js:157:6 读取协调器不得通过原始 DB 读取事实；使用 query facade / Archive repository
[ARCH-BIZOP-QUERY] src/backend/pending-reconcile/removal-match.js:182:20 原始 DB 句柄不能透传到读取 helper
[ARCH-BIZOP-QUERY] src/backend/pending-reconcile/removal-match.js:193:4 读取协调器不得通过原始 DB 读取事实；使用 query facade / Archive repository
[ARCH-BIZOP-QUERY] src/backend/pending-reconcile/removal-match.js:195:10 读取协调器不得通过原始 DB 读取事实；使用 query facade / Archive repository
[ARCH-BIZOP-QUERY] src/backend/pending-reconcile/removal-match.js:208:15 读取协调器不得通过原始 DB 读取事实；使用 query facade / Archive repository
[ARCH-BIZOP-QUERY] src/backend/pending-reconcile/removal-match.js:216:15 读取协调器不得通过原始 DB 读取事实；使用 query facade / Archive repository
[ARCH-BIZOP-QUERY] src/backend/pending-reconcile/removal-match.js:246:21 读取协调器不得通过原始 DB 读取事实；使用 query facade / Archive repository
[ARCH-BIZOP-QUERY] src/backend/pending-reconcile/removal-match.js:255:19 原始 DB 句柄不能透传到读取 helper
[ARCH-BIZOP-QUERY] src/backend/pending-reconcile/removal-match.js:261:17 读取协调器不得通过原始 DB 读取事实；使用 query facade / Archive repository
[ARCH-BIZOP-QUERY] src/backend/pending-reconcile/removal-match.js:289:25 原始 DB 句柄不能透传到读取 helper
[ARCH-BIZOP-QUERY] src/backend/position-reconciliation-import/account-writer.js:100:2 读取协调器不得通过原始 DB 读取事实；使用 query facade / Archive repository
[ARCH-BIZOP-QUERY] src/backend/position-reconciliation-import/account-writer.js:101:2 读取协调器不得通过原始 DB 读取事实；使用 query facade / Archive repository
[ARCH-BIZOP-QUERY] src/backend/position-reconciliation-import/account-writer.js:102:2 读取协调器不得通过原始 DB 读取事实；使用 query facade / Archive repository
[ARCH-BIZOP-QUERY] src/backend/position-reconciliation-import/account-writer.js:103:2 读取协调器不得通过原始 DB 读取事实；使用 query facade / Archive repository
[ARCH-BIZOP-QUERY] src/backend/position-reconciliation-import/account-writer.js:108:18 读取协调器不得通过原始 DB 读取事实；使用 query facade / Archive repository
[ARCH-BIZOP-QUERY] src/backend/position-reconciliation-import/account-writer.js:116:16 读取协调器不得通过原始 DB 读取事实；使用 query facade / Archive repository
[ARCH-BIZOP-QUERY] src/backend/position-reconciliation-import/account-writer.js:135:13 读取协调器不能新建数据库连接
[ARCH-BIZOP-QUERY] src/backend/position-reconciliation-import/account-writer.js:75:2 读取协调器不得通过原始 DB 读取事实；使用 query facade / Archive repository
[ARCH-BIZOP-QUERY] src/backend/position-reconciliation-import/account-writer.js:97:2 读取协调器不得通过原始 DB 读取事实；使用 query facade / Archive repository
[ARCH-BIZOP-QUERY] src/backend/position-reconciliation-import/account-writer.js:98:2 读取协调器不得通过原始 DB 读取事实；使用 query facade / Archive repository
[ARCH-BIZOP-QUERY] src/backend/position-reconciliation-import/account-writer.js:99:2 读取协调器不得通过原始 DB 读取事实；使用 query facade / Archive repository
[ARCH-BIZOP-QUERY] src/backend/position-reconciliation-import/apply-grant.js:73:13 读取协调器不能新建数据库连接
[ARCH-BIZOP-QUERY] src/backend/position-reconciliation-import/bank-writer.js:126:2 读取协调器不得通过原始 DB 读取事实；使用 query facade / Archive repository
[ARCH-BIZOP-QUERY] src/backend/position-reconciliation-import/bank-writer.js:127:2 读取协调器不得通过原始 DB 读取事实；使用 query facade / Archive repository
[ARCH-BIZOP-QUERY] src/backend/position-reconciliation-import/bank-writer.js:128:2 读取协调器不得通过原始 DB 读取事实；使用 query facade / Archive repository
[ARCH-BIZOP-QUERY] src/backend/position-reconciliation-import/bank-writer.js:129:2 读取协调器不得通过原始 DB 读取事实；使用 query facade / Archive repository
[ARCH-BIZOP-QUERY] src/backend/position-reconciliation-import/bank-writer.js:130:2 读取协调器不得通过原始 DB 读取事实；使用 query facade / Archive repository
[ARCH-BIZOP-QUERY] src/backend/position-reconciliation-import/bank-writer.js:131:2 读取协调器不得通过原始 DB 读取事实；使用 query facade / Archive repository
[ARCH-BIZOP-QUERY] src/backend/position-reconciliation-import/bank-writer.js:132:2 读取协调器不得通过原始 DB 读取事实；使用 query facade / Archive repository
[ARCH-BIZOP-QUERY] src/backend/position-reconciliation-import/bank-writer.js:136:2 读取协调器不得通过原始 DB 读取事实；使用 query facade / Archive repository
[ARCH-BIZOP-QUERY] src/backend/position-reconciliation-import/bank-writer.js:144:22 读取协调器不得通过原始 DB 读取事实；使用 query facade / Archive repository
[ARCH-BIZOP-QUERY] src/backend/position-reconciliation-import/bank-writer.js:188:13 读取协调器不能新建数据库连接
[ARCH-BIZOP-QUERY] src/backend/position-reconciliation-import/bank-writer.js:72:2 读取协调器不得通过原始 DB 读取事实；使用 query facade / Archive repository
[ARCH-BIZOP-QUERY] src/backend/position-reconciliation-import/ledger.js:199:14 读取协调器不能新建数据库连接
[ARCH-BIZOP-QUERY] src/backend/position-reconciliation-import/ledger.js:842:13 读取协调器不能新建数据库连接
[ARCH-BIZOP-QUERY] src/backend/position-reconciliation-import/maintenance-writer.js:230:6 原始 DB 句柄不能透传到读取 helper
[ARCH-BIZOP-QUERY] src/backend/position-reconciliation-import/maintenance-writer.js:231:6 原始 DB 句柄不能透传到读取 helper
[ARCH-BIZOP-QUERY] src/backend/position-reconciliation-import/maintenance-writer.js:232:6 原始 DB 句柄不能透传到读取 helper
[ARCH-BIZOP-QUERY] src/backend/position-reconciliation-import/maintenance-writer.js:338:8 原始 DB 句柄不能透传到读取 helper
[ARCH-BIZOP-QUERY] src/backend/position-reconciliation-import/maintenance-writer.js:340:6 原始 DB 句柄不能透传到读取 helper
[ARCH-BIZOP-QUERY] src/backend/position-reconciliation-import/maintenance-writer.js:395:9 读取协调器不得通过原始 DB 读取事实；使用 query facade / Archive repository
[ARCH-BIZOP-QUERY] src/backend/position-reconciliation-import/maintenance-writer.js:424:31 读取协调器不得通过原始 DB 读取事实；使用 query facade / Archive repository
[ARCH-BIZOP-QUERY] src/backend/position-reconciliation-import/maintenance-writer.js:435:6 读取协调器不得通过原始 DB 读取事实；使用 query facade / Archive repository
[ARCH-BIZOP-QUERY] src/backend/position-reconciliation-import/maintenance-writer.js:436:28 读取协调器不得通过原始 DB 读取事实；使用 query facade / Archive repository
[ARCH-BIZOP-QUERY] src/backend/position-reconciliation-import/maintenance-writer.js:444:6 读取协调器不得通过原始 DB 读取事实；使用 query facade / Archive repository
[ARCH-BIZOP-QUERY] src/backend/position-reconciliation-import/maintenance-writer.js:447:25 读取协调器不得通过原始 DB 读取事实；使用 query facade / Archive repository
[ARCH-BIZOP-QUERY] src/backend/position-reconciliation-import/maintenance-writer.js:455:25 原始 DB 句柄不能透传到读取 helper
[ARCH-BIZOP-QUERY] src/backend/position-reconciliation-import/maintenance-writer.js:543:6 原始 DB 句柄不能透传到读取 helper
[ARCH-BIZOP-QUERY] src/backend/position-reconciliation-import/maintenance-writer.js:544:6 原始 DB 句柄不能透传到读取 helper
[ARCH-BIZOP-QUERY] src/backend/position-reconciliation-import/maintenance-writer.js:545:6 原始 DB 句柄不能透传到读取 helper
[ARCH-BIZOP-QUERY] src/backend/position-reconciliation-import/maintenance-writer.js:568:2 读取协调器不得通过原始 DB 读取事实；使用 query facade / Archive repository
[ARCH-BIZOP-QUERY] src/backend/position-reconciliation-import/maintenance-writer.js:569:2 读取协调器不得通过原始 DB 读取事实；使用 query facade / Archive repository
[ARCH-BIZOP-QUERY] src/backend/position-reconciliation-import/maintenance-writer.js:570:2 读取协调器不得通过原始 DB 读取事实；使用 query facade / Archive repository
[ARCH-BIZOP-QUERY] src/backend/position-reconciliation-import/maintenance-writer.js:571:2 读取协调器不得通过原始 DB 读取事实；使用 query facade / Archive repository
[ARCH-BIZOP-QUERY] src/backend/position-reconciliation-import/maintenance-writer.js:572:2 读取协调器不得通过原始 DB 读取事实；使用 query facade / Archive repository
[ARCH-BIZOP-QUERY] src/backend/position-reconciliation-import/maintenance-writer.js:573:2 读取协调器不得通过原始 DB 读取事实；使用 query facade / Archive repository
[ARCH-BIZOP-QUERY] src/backend/position-reconciliation-import/maintenance-writer.js:574:2 读取协调器不得通过原始 DB 读取事实；使用 query facade / Archive repository
[ARCH-BIZOP-QUERY] src/backend/position-reconciliation-import/maintenance-writer.js:589:13 读取协调器不能新建数据库连接
[ARCH-BIZOP-QUERY] src/backend/position-reconciliation-import/maintenance-writer.js:80:2 读取协调器不得通过原始 DB 读取事实；使用 query facade / Archive repository
[ARCH-BIZOP-QUERY] src/backend/position-reconciliation-import/preflight.js:450:13 读取协调器不能新建数据库连接
[ARCH-BIZOP-QUERY] src/backend/position-reconciliation-import/source-writer.js:317:14 读取协调器不得通过原始 DB 读取事实；使用 query facade / Archive repository
[ARCH-BIZOP-QUERY] src/backend/position-reconciliation-import/source-writer.js:356:2 读取协调器不得通过原始 DB 读取事实；使用 query facade / Archive repository
[ARCH-BIZOP-QUERY] src/backend/position-reconciliation-import/source-writer.js:391:21 读取协调器不得通过原始 DB 读取事实；使用 query facade / Archive repository
[ARCH-BIZOP-QUERY] src/backend/position-reconciliation-import/source-writer.js:398:20 读取协调器不得通过原始 DB 读取事实；使用 query facade / Archive repository
[ARCH-BIZOP-QUERY] src/backend/position-reconciliation-import/source-writer.js:405:16 读取协调器不得通过原始 DB 读取事实；使用 query facade / Archive repository
[ARCH-BIZOP-QUERY] src/backend/position-reconciliation-import/source-writer.js:411:29 读取协调器不得通过原始 DB 读取事实；使用 query facade / Archive repository
[ARCH-BIZOP-QUERY] src/backend/position-reconciliation-import/source-writer.js:417:18 读取协调器不得通过原始 DB 读取事实；使用 query facade / Archive repository
[ARCH-BIZOP-QUERY] src/backend/position-reconciliation-import/source-writer.js:435:17 读取协调器不得通过原始 DB 读取事实；使用 query facade / Archive repository
[ARCH-BIZOP-QUERY] src/backend/position-reconciliation-import/source-writer.js:438:16 读取协调器不得通过原始 DB 读取事实；使用 query facade / Archive repository
[ARCH-BIZOP-QUERY] src/backend/position-reconciliation-import/source-writer.js:445:26 读取协调器不得通过原始 DB 读取事实；使用 query facade / Archive repository
[ARCH-BIZOP-QUERY] src/backend/position-reconciliation-import/source-writer.js:451:34 读取协调器不得通过原始 DB 读取事实；使用 query facade / Archive repository
[ARCH-BIZOP-QUERY] src/backend/position-reconciliation-import/source-writer.js:457:20 读取协调器不得通过原始 DB 读取事实；使用 query facade / Archive repository
[ARCH-BIZOP-QUERY] src/backend/position-reconciliation-import/source-writer.js:516:6 原始 DB 句柄不能透传到读取 helper
[ARCH-BIZOP-QUERY] src/backend/position-reconciliation-import/source-writer.js:517:10 原始 DB 句柄不能透传到读取 helper
[ARCH-BIZOP-QUERY] src/backend/position-reconciliation-import/source-writer.js:520:25 原始 DB 句柄不能透传到读取 helper
[ARCH-BIZOP-QUERY] src/backend/position-reconciliation-import/source-writer.js:752:29 原始 DB 句柄不能透传到读取 helper
[ARCH-BIZOP-QUERY] src/backend/position-reconciliation-import/source-writer.js:753:29 原始 DB 句柄不能透传到读取 helper
[ARCH-BIZOP-QUERY] src/backend/position-reconciliation-import/source-writer.js:754:28 原始 DB 句柄不能透传到读取 helper
[ARCH-BIZOP-QUERY] src/backend/position-reconciliation-import/source-writer.js:92:21 读取协调器不得通过原始 DB 读取事实；使用 query facade / Archive repository
[ARCH-BIZOP-QUERY] src/backend/position-reconciliation-import/source-writer.js:977:13 读取协调器不能新建数据库连接
[ARCH-BIZOP-QUERY] src/backend/pre-fund-reconciliation-store.js:104:4 读取协调器不得通过原始 DB 读取事实；使用 query facade / Archive repository
[ARCH-BIZOP-QUERY] src/backend/pre-fund-reconciliation-store.js:109:2 读取协调器不得通过原始 DB 读取事实；使用 query facade / Archive repository
[ARCH-BIZOP-QUERY] src/backend/pre-fund-reconciliation-store.js:179:9 读取协调器不得通过原始 DB 读取事实；使用 query facade / Archive repository
[ARCH-BIZOP-QUERY] src/backend/pre-fund-reconciliation-store.js:216:16 读取协调器不得通过原始 DB 读取事实；使用 query facade / Archive repository
[ARCH-BIZOP-QUERY] src/backend/pre-fund-reconciliation-store.js:228:31 原始 DB 句柄不能透传到读取 helper
[ARCH-BIZOP-QUERY] src/backend/pre-fund-reconciliation-store.js:92:8 读取协调器不得通过原始 DB 读取事实；使用 query facade / Archive repository
[ARCH-BIZOP-QUERY] src/backend/pre-fund-reconciliation-store.js:96:18 读取协调器不得通过原始 DB 读取事实；使用 query facade / Archive repository
[ARCH-BIZOP-QUERY] src/backend/pre-fund-reconciliation-store.js:98:4 读取协调器不得通过原始 DB 读取事实；使用 query facade / Archive repository
[ARCH-BIZOP-QUERY] src/backend/run-data-store.js:1014:2 读取协调器不得通过原始 DB 读取事实；使用 query facade / Archive repository
[ARCH-BIZOP-QUERY] src/backend/run-data-store.js:1015:7 原始 DB 句柄不能透传到读取 helper
[ARCH-BIZOP-QUERY] src/backend/run-data-store.js:1016:4 读取协调器不得通过原始 DB 读取事实；使用 query facade / Archive repository
[ARCH-BIZOP-QUERY] src/backend/run-data-store.js:1048:13 读取协调器不能新建数据库连接
[ARCH-BIZOP-QUERY] src/backend/run-data-store.js:1076:13 读取协调器不能新建数据库连接
[ARCH-BIZOP-QUERY] src/backend/run-data-store.js:568:2 读取协调器不得通过原始 DB 读取事实；使用 query facade / Archive repository
[ARCH-BIZOP-QUERY] src/backend/run-data-store.js:570:4 读取协调器不得通过原始 DB 读取事实；使用 query facade / Archive repository
[ARCH-BIZOP-QUERY] src/backend/run-data-store.js:573:4 读取协调器不得通过原始 DB 读取事实；使用 query facade / Archive repository
[ARCH-BIZOP-QUERY] src/backend/run-data-store.js:576:4 读取协调器不得通过原始 DB 读取事实；使用 query facade / Archive repository
[ARCH-BIZOP-QUERY] src/backend/run-data-store.js:579:4 读取协调器不得通过原始 DB 读取事实；使用 query facade / Archive repository
[ARCH-BIZOP-QUERY] src/backend/run-data-store.js:581:2 读取协调器不得通过原始 DB 读取事实；使用 query facade / Archive repository
[ARCH-BIZOP-QUERY] src/backend/run-data-store.js:807:2 读取协调器不得通过原始 DB 读取事实；使用 query facade / Archive repository
[ARCH-BIZOP-QUERY] src/backend/run-data-store.js:818:9 原始 DB 句柄不能透传到读取 helper
[ARCH-BIZOP-QUERY] src/backend/run-data-store.js:822:21 读取协调器不得通过原始 DB 读取事实；使用 query facade / Archive repository
[ARCH-BIZOP-QUERY] src/backend/run-data-store.js:828:21 读取协调器不得通过原始 DB 读取事实；使用 query facade / Archive repository
[ARCH-BIZOP-QUERY] src/backend/run-data-store.js:834:4 读取协调器不得通过原始 DB 读取事实；使用 query facade / Archive repository
[ARCH-BIZOP-QUERY] src/backend/run-data-store.js:837:6 读取协调器不得通过原始 DB 读取事实；使用 query facade / Archive repository
[ARCH-BIZOP-QUERY] src/backend/run-data-store.js:839:12 读取协调器不得通过原始 DB 读取事实；使用 query facade / Archive repository
[ARCH-BIZOP-QUERY] src/backend/run-data-store.js:843:2 读取协调器不得通过原始 DB 读取事实；使用 query facade / Archive repository
[ARCH-BIZOP-QUERY] src/backend/run-data-store.js:867:2 读取协调器不得通过原始 DB 读取事实；使用 query facade / Archive repository
[ARCH-BIZOP-QUERY] src/backend/run-data-store.js:877:9 原始 DB 句柄不能透传到读取 helper
[ARCH-BIZOP-QUERY] src/backend/run-data-store.js:881:2 读取协调器不得通过原始 DB 读取事实；使用 query facade / Archive repository
[ARCH-BIZOP-QUERY] src/backend/vcc-financial-op-db/repository.js:134:13 读取协调器不得通过原始 DB 读取事实；使用 query facade / Archive repository
[ARCH-BIZOP-QUERY] src/backend/vcc-financial-op-db/repository.js:140:13 读取协调器不得通过原始 DB 读取事实；使用 query facade / Archive repository
[ARCH-BIZOP-QUERY] src/backend/vcc-financial-op-db/repository.js:146:20 读取协调器不得通过原始 DB 读取事实；使用 query facade / Archive repository
[ARCH-BIZOP-QUERY] src/backend/vcc-financial-op-db/repository.js:168:14 读取协调器不得通过原始 DB 读取事实；使用 query facade / Archive repository
[ARCH-BIZOP-QUERY] src/backend/vcc-financial-op-db/repository.js:183:2 读取协调器不得通过原始 DB 读取事实；使用 query facade / Archive repository
[ARCH-BIZOP-QUERY] src/backend/vcc-financial-op-db/repository.js:191:2 读取协调器不得通过原始 DB 读取事实；使用 query facade / Archive repository
[ARCH-BIZOP-QUERY] src/backend/vcc-financial-op-db/repository.js:217:4 读取协调器不得通过原始 DB 读取事实；使用 query facade / Archive repository
[ARCH-BIZOP-QUERY] src/backend/vcc-financial-op-db/repository.js:223:4 原始 DB 句柄不能透传到读取 helper
[ARCH-BIZOP-QUERY] src/backend/vcc-financial-op-db/repository.js:228:2 读取协调器不得通过原始 DB 读取事实；使用 query facade / Archive repository
[ARCH-BIZOP-QUERY] src/backend/vcc-financial-op-db/repository.js:269:23 读取协调器不得通过原始 DB 读取事实；使用 query facade / Archive repository
[ARCH-BIZOP-QUERY] src/backend/vcc-financial-op-db/repository.js:272:2 读取协调器不得通过原始 DB 读取事实；使用 query facade / Archive repository
[ARCH-BIZOP-QUERY] src/backend/vcc-financial-op-db/repository.js:279:17 原始 DB 句柄不能透传到读取 helper
[ARCH-BIZOP-QUERY] src/backend/vcc-financial-op-db/repository.js:281:17 原始 DB 句柄不能透传到读取 helper
[ARCH-BIZOP-QUERY] src/backend/vcc-financial-op-db/repository.js:282:19 读取协调器不得通过原始 DB 读取事实；使用 query facade / Archive repository
[ARCH-BIZOP-QUERY] src/backend/vcc-financial-op-db/repository.js:288:4 读取协调器不得通过原始 DB 读取事实；使用 query facade / Archive repository
[ARCH-BIZOP-QUERY] src/backend/vcc-financial-op-db/repository.js:303:9 原始 DB 句柄不能透传到读取 helper
[ARCH-BIZOP-QUERY] src/backend/vcc-financial-op-db/repository.js:315:17 原始 DB 句柄不能透传到读取 helper
[ARCH-BIZOP-QUERY] src/backend/vcc-financial-op-db/repository.js:329:6 原始 DB 句柄不能透传到读取 helper
[ARCH-BIZOP-QUERY] src/backend/vcc-financial-op-db/repository.js:336:2 读取协调器不得通过原始 DB 读取事实；使用 query facade / Archive repository
[ARCH-BIZOP-QUERY] src/backend/vcc-financial-op-db/repository.js:361:23 读取协调器不得通过原始 DB 读取事实；使用 query facade / Archive repository
[ARCH-BIZOP-QUERY] src/backend/vcc-financial-op-db/repository.js:364:2 读取协调器不得通过原始 DB 读取事实；使用 query facade / Archive repository
[ARCH-BIZOP-QUERY] src/backend/vcc-financial-op-db/repository.js:371:16 读取协调器不得通过原始 DB 读取事实；使用 query facade / Archive repository
[ARCH-BIZOP-QUERY] src/backend/vcc-financial-op-db/repository.js:377:2 读取协调器不得通过原始 DB 读取事实；使用 query facade / Archive repository
[ARCH-BIZOP-QUERY] src/backend/vcc-financial-op-db/repository.js:39:2 读取协调器不得通过原始 DB 读取事实；使用 query facade / Archive repository
[ARCH-BIZOP-QUERY] src/backend/vcc-financial-op-db/repository.js:394:9 读取协调器不得通过原始 DB 读取事实；使用 query facade / Archive repository
[ARCH-BIZOP-QUERY] src/backend/vcc-financial-op-db/repository.js:398:9 读取协调器不得通过原始 DB 读取事实；使用 query facade / Archive repository
[ARCH-BIZOP-QUERY] src/backend/vcc-financial-op-db/repository.js:402:9 读取协调器不得通过原始 DB 读取事实；使用 query facade / Archive repository
[ARCH-BIZOP-QUERY] src/backend/vcc-financial-op-db/repository.js:411:9 读取协调器不得通过原始 DB 读取事实；使用 query facade / Archive repository
[ARCH-BIZOP-QUERY] src/backend/vcc-financial-op-db/repository.js:420:9 读取协调器不得通过原始 DB 读取事实；使用 query facade / Archive repository
[ARCH-BIZOP-QUERY] src/backend/vcc-financial-op-db/repository.js:460:16 读取协调器不得通过原始 DB 读取事实；使用 query facade / Archive repository
[ARCH-BIZOP-QUERY] src/backend/vcc-financial-op-db/repository.js:469:23 原始 DB 句柄不能透传到读取 helper
[ARCH-BIZOP-QUERY] src/backend/vcc-financial-op-db/repository.js:47:2 读取协调器不得通过原始 DB 读取事实；使用 query facade / Archive repository
[ARCH-BIZOP-QUERY] src/backend/vcc-financial-op-db/repository.js:472:32 读取协调器不得通过原始 DB 读取事实；使用 query facade / Archive repository
[ARCH-BIZOP-QUERY] src/backend/vcc-financial-op-db/repository.js:478:23 读取协调器不得通过原始 DB 读取事实；使用 query facade / Archive repository
[ARCH-BIZOP-QUERY] src/backend/vcc-financial-op-db/repository.js:490:17 原始 DB 句柄不能透传到读取 helper
[ARCH-BIZOP-QUERY] src/backend/vcc-financial-op-db/repository.js:501:6 原始 DB 句柄不能透传到读取 helper
[ARCH-BIZOP-QUERY] src/backend/vcc-financial-op-db/repository.js:502:11 读取协调器不得通过原始 DB 读取事实；使用 query facade / Archive repository
[ARCH-BIZOP-QUERY] src/backend/vcc-financial-op-db/repository.js:512:9 读取协调器不得通过原始 DB 读取事实；使用 query facade / Archive repository
[ARCH-BIZOP-QUERY] src/backend/vcc-financial-op-db/repository.js:535:20 读取协调器不得通过原始 DB 读取事实；使用 query facade / Archive repository
[ARCH-BIZOP-QUERY] src/backend/vcc-financial-op-db/repository.js:55:17 读取协调器不得通过原始 DB 读取事实；使用 query facade / Archive repository
[ARCH-BIZOP-QUERY] src/backend/vcc-financial-op-db/repository.js:554:17 原始 DB 句柄不能透传到读取 helper
[ARCH-BIZOP-QUERY] src/backend/vcc-financial-op-db/repository.js:571:15 读取协调器不得通过原始 DB 读取事实；使用 query facade / Archive repository
[ARCH-BIZOP-QUERY] src/backend/vcc-financial-op-db/repository.js:581:15 读取协调器不得通过原始 DB 读取事实；使用 query facade / Archive repository
[ARCH-BIZOP-QUERY] src/backend/vcc-financial-op-db/repository.js:591:2 读取协调器不得通过原始 DB 读取事实；使用 query facade / Archive repository
[ARCH-BIZOP-QUERY] src/backend/vcc-financial-op-db/repository.js:642:22 读取协调器不得通过原始 DB 读取事实；使用 query facade / Archive repository
[ARCH-BIZOP-QUERY] src/backend/vcc-financial-op-db/repository.js:653:22 读取协调器不得通过原始 DB 读取事实；使用 query facade / Archive repository
[ARCH-BIZOP-QUERY] src/backend/vcc-financial-op-db/repository.js:663:4 原始 DB 句柄不能透传到读取 helper
[ARCH-BIZOP-QUERY] src/backend/vcc-financial-op-db/repository.js:672:9 原始 DB 句柄不能透传到读取 helper
[ARCH-BIZOP-QUERY] src/backend/vcc-financial-op-db/repository.js:680:19 读取协调器不得通过原始 DB 读取事实；使用 query facade / Archive repository
[ARCH-BIZOP-QUERY] src/backend/vcc-financial-op-db/repository.js:688:4 读取协调器不得通过原始 DB 读取事实；使用 query facade / Archive repository
[ARCH-BIZOP-QUERY] src/backend/vcc-financial-op-db/repository.js:694:26 原始 DB 句柄不能透传到读取 helper
[ARCH-BIZOP-QUERY] src/backend/vcc-financial-op-db/repository.js:695:25 原始 DB 句柄不能透传到读取 helper
[ARCH-BIZOP-QUERY] src/backend/vcc-financial-op-db/repository.js:707:4 原始 DB 句柄不能透传到读取 helper
[ARCH-BIZOP-QUERY] src/backend/vcc-financial-op-db/repository.js:708:4 原始 DB 句柄不能透传到读取 helper
[ARCH-BIZOP-QUERY] src/backend/vcc-financial-op-db/repository.js:709:4 原始 DB 句柄不能透传到读取 helper
[ARCH-BIZOP-QUERY] src/backend/vcc-financial-op-db/repository.js:720:4 原始 DB 句柄不能透传到读取 helper
[ARCH-BIZOP-QUERY] src/backend/vcc-financial-op-db/repository.js:721:4 原始 DB 句柄不能透传到读取 helper
[ARCH-BIZOP-QUERY] src/backend/vcc-financial-op-db/repository.js:722:4 读取协调器不得通过原始 DB 读取事实；使用 query facade / Archive repository
[ARCH-BIZOP-QUERY] src/backend/vcc-financial-op-db/repository.js:737:18 读取协调器不得通过原始 DB 读取事实；使用 query facade / Archive repository
[ARCH-BIZOP-QUERY] src/backend/vcc-financial-op-db/repository.js:74:17 读取协调器不得通过原始 DB 读取事实；使用 query facade / Archive repository
[ARCH-BIZOP-QUERY] src/backend/vcc-financial-op-db/repository.js:775:2 读取协调器不得通过原始 DB 读取事实；使用 query facade / Archive repository
[ARCH-BIZOP-QUERY] src/backend/vcc-financial-op-db/repository.js:777:26 原始 DB 句柄不能透传到读取 helper
[ARCH-BIZOP-QUERY] src/backend/vcc-financial-op-db/repository.js:783:20 读取协调器不得通过原始 DB 读取事实；使用 query facade / Archive repository
[ARCH-BIZOP-QUERY] src/backend/vcc-financial-op-db/repository.js:797:4 原始 DB 句柄不能透传到读取 helper
[ARCH-BIZOP-QUERY] src/backend/vcc-financial-op-db/repository.js:802:4 读取协调器不得通过原始 DB 读取事实；使用 query facade / Archive repository
[ARCH-BIZOP-QUERY] src/backend/vcc-financial-op-db/repository.js:807:4 读取协调器不得通过原始 DB 读取事实；使用 query facade / Archive repository
[ARCH-BIZOP-QUERY] src/backend/vcc-financial-op-db/repository.js:810:10 读取协调器不得通过原始 DB 读取事实；使用 query facade / Archive repository
[ARCH-BIZOP-QUERY] src/backend/vcc-financial-op-db/repository.js:816:18 读取协调器不得通过原始 DB 读取事实；使用 query facade / Archive repository
[ARCH-BIZOP-QUERY] src/backend/vcc-financial-op-db/repository.js:819:28 读取协调器不得通过原始 DB 读取事实；使用 query facade / Archive repository
[ARCH-BIZOP-QUERY] src/backend/vcc-financial-op-db/repository.js:824:2 读取协调器不得通过原始 DB 读取事实；使用 query facade / Archive repository
[ARCH-BIZOP-QUERY] src/backend/vcc-financial-op-db/repository.js:826:4 原始 DB 句柄不能透传到读取 helper
[ARCH-BIZOP-QUERY] src/backend/vcc-financial-op-db/repository.js:831:4 读取协调器不得通过原始 DB 读取事实；使用 query facade / Archive repository
[ARCH-BIZOP-QUERY] src/backend/vcc-financial-op-db/repository.js:837:4 读取协调器不得通过原始 DB 读取事实；使用 query facade / Archive repository
[ARCH-BIZOP-QUERY] src/backend/vcc-financial-op-db/repository.js:840:10 读取协调器不得通过原始 DB 读取事实；使用 query facade / Archive repository
[ARCH-BIZOP-QUERY] src/backend/vcc-financial-op-db/repository.js:846:16 原始 DB 句柄不能透传到读取 helper
[ARCH-BIZOP-QUERY] src/backend/vcc-financial-op-db/repository.js:856:17 原始 DB 句柄不能透传到读取 helper
[ARCH-BIZOP-QUERY] src/backend/vcc-financial-op-db/repository.js:867:17 读取协调器不得通过原始 DB 读取事实；使用 query facade / Archive repository
[ARCH-BIZOP-QUERY] src/backend/vcc-financial-op-db/repository.js:872:16 原始 DB 句柄不能透传到读取 helper
[ARCH-BIZOP-QUERY] src/backend/vcc-financial-op-db/repository.js:94:9 读取协调器不得通过原始 DB 读取事实；使用 query facade / Archive repository
[ARCH-BIZOP-QUERY] src/backend/vcc-financial-op-db/state-model.js:11:24 读取协调器不得通过原始 DB 读取事实；使用 query facade / Archive repository
[ARCH-BIZOP-QUERY] src/backend/vcc-financial-op-db/state-model.js:6:16 读取协调器不得通过原始 DB 读取事实；使用 query facade / Archive repository
[ARCH-BIZOP-QUERY] src/backend/vcc-financial-op/calculator.js:1009:24 读取协调器不得通过原始 DB 读取事实；使用 query facade / Archive repository
[ARCH-BIZOP-QUERY] src/backend/vcc-financial-op/calculator.js:1028:31 读取协调器不得通过原始 DB 读取事实；使用 query facade / Archive repository
[ARCH-BIZOP-QUERY] src/backend/vcc-financial-op/calculator.js:1049:29 读取协调器不得通过原始 DB 读取事实；使用 query facade / Archive repository
[ARCH-BIZOP-QUERY] src/backend/vcc-financial-op/calculator.js:1057:20 读取协调器不得通过原始 DB 读取事实；使用 query facade / Archive repository
[ARCH-BIZOP-QUERY] src/backend/vcc-financial-op/calculator.js:1081:25 原始 DB 句柄不能透传到读取 helper
[ARCH-BIZOP-QUERY] src/backend/vcc-financial-op/calculator.js:1091:4 原始 DB 句柄不能透传到读取 helper
[ARCH-BIZOP-QUERY] src/backend/vcc-financial-op/calculator.js:1137:4 读取协调器不得通过原始 DB 读取事实；使用 query facade / Archive repository
[ARCH-BIZOP-QUERY] src/backend/vcc-financial-op/calculator.js:1139:33 原始 DB 句柄不能透传到读取 helper
[ARCH-BIZOP-QUERY] src/backend/vcc-financial-op/calculator.js:1140:46 读取协调器不得通过原始 DB 读取事实；使用 query facade / Archive repository
[ARCH-BIZOP-QUERY] src/backend/vcc-financial-op/calculator.js:1143:22 原始 DB 句柄不能透传到读取 helper
[ARCH-BIZOP-QUERY] src/backend/vcc-financial-op/calculator.js:1145:6 读取协调器不得通过原始 DB 读取事实；使用 query facade / Archive repository
[ARCH-BIZOP-QUERY] src/backend/vcc-financial-op/calculator.js:1150:6 读取协调器不得通过原始 DB 读取事实；使用 query facade / Archive repository
[ARCH-BIZOP-QUERY] src/backend/vcc-financial-op/calculator.js:1161:22 原始 DB 句柄不能透传到读取 helper
[ARCH-BIZOP-QUERY] src/backend/vcc-financial-op/calculator.js:1162:28 原始 DB 句柄不能透传到读取 helper
[ARCH-BIZOP-QUERY] src/backend/vcc-financial-op/calculator.js:1163:28 原始 DB 句柄不能透传到读取 helper
[ARCH-BIZOP-QUERY] src/backend/vcc-financial-op/calculator.js:1166:6 读取协调器不得通过原始 DB 读取事实；使用 query facade / Archive repository
[ARCH-BIZOP-QUERY] src/backend/vcc-financial-op/calculator.js:1182:28 原始 DB 句柄不能透传到读取 helper
[ARCH-BIZOP-QUERY] src/backend/vcc-financial-op/calculator.js:1192:22 原始 DB 句柄不能透传到读取 helper
[ARCH-BIZOP-QUERY] src/backend/vcc-financial-op/calculator.js:1207:4 读取协调器不得通过原始 DB 读取事实；使用 query facade / Archive repository
[ARCH-BIZOP-QUERY] src/backend/vcc-financial-op/calculator.js:1222:12 读取协调器不得通过原始 DB 读取事实；使用 query facade / Archive repository
[ARCH-BIZOP-QUERY] src/backend/vcc-financial-op/calculator.js:1225:6 原始 DB 句柄不能透传到读取 helper
[ARCH-BIZOP-QUERY] src/backend/vcc-financial-op/calculator.js:1249:14 读取协调器不得通过原始 DB 读取事实；使用 query facade / Archive repository
[ARCH-BIZOP-QUERY] src/backend/vcc-financial-op/calculator.js:1253:19 读取协调器不得通过原始 DB 读取事实；使用 query facade / Archive repository
[ARCH-BIZOP-QUERY] src/backend/vcc-financial-op/calculator.js:1257:19 读取协调器不得通过原始 DB 读取事实；使用 query facade / Archive repository
[ARCH-BIZOP-QUERY] src/backend/vcc-financial-op/calculator.js:1325:4 读取协调器不得通过原始 DB 读取事实；使用 query facade / Archive repository
[ARCH-BIZOP-QUERY] src/backend/vcc-financial-op/calculator.js:1327:33 原始 DB 句柄不能透传到读取 helper
[ARCH-BIZOP-QUERY] src/backend/vcc-financial-op/calculator.js:1328:16 读取协调器不得通过原始 DB 读取事实；使用 query facade / Archive repository
[ARCH-BIZOP-QUERY] src/backend/vcc-financial-op/calculator.js:1345:8 原始 DB 句柄不能透传到读取 helper
[ARCH-BIZOP-QUERY] src/backend/vcc-financial-op/calculator.js:1348:26 原始 DB 句柄不能透传到读取 helper
[ARCH-BIZOP-QUERY] src/backend/vcc-financial-op/calculator.js:1375:21 读取协调器不得通过原始 DB 读取事实；使用 query facade / Archive repository
[ARCH-BIZOP-QUERY] src/backend/vcc-financial-op/calculator.js:1380:22 原始 DB 句柄不能透传到读取 helper
[ARCH-BIZOP-QUERY] src/backend/vcc-financial-op/calculator.js:1388:24 原始 DB 句柄不能透传到读取 helper
[ARCH-BIZOP-QUERY] src/backend/vcc-financial-op/calculator.js:1401:28 原始 DB 句柄不能透传到读取 helper
[ARCH-BIZOP-QUERY] src/backend/vcc-financial-op/calculator.js:1406:20 原始 DB 句柄不能透传到读取 helper
[ARCH-BIZOP-QUERY] src/backend/vcc-financial-op/calculator.js:1416:26 读取协调器不得通过原始 DB 读取事实；使用 query facade / Archive repository
[ARCH-BIZOP-QUERY] src/backend/vcc-financial-op/calculator.js:1424:26 读取协调器不得通过原始 DB 读取事实；使用 query facade / Archive repository
[ARCH-BIZOP-QUERY] src/backend/vcc-financial-op/calculator.js:1440:31 读取协调器不得通过原始 DB 读取事实；使用 query facade / Archive repository
[ARCH-BIZOP-QUERY] src/backend/vcc-financial-op/calculator.js:1450:35 读取协调器不得通过原始 DB 读取事实；使用 query facade / Archive repository
[ARCH-BIZOP-QUERY] src/backend/vcc-financial-op/calculator.js:1464:4 原始 DB 句柄不能透传到读取 helper
[ARCH-BIZOP-QUERY] src/backend/vcc-financial-op/calculator.js:1472:4 原始 DB 句柄不能透传到读取 helper
[ARCH-BIZOP-QUERY] src/backend/vcc-financial-op/calculator.js:1486:27 原始 DB 句柄不能透传到读取 helper
[ARCH-BIZOP-QUERY] src/backend/vcc-financial-op/calculator.js:1496:4 读取协调器不得通过原始 DB 读取事实；使用 query facade / Archive repository
[ARCH-BIZOP-QUERY] src/backend/vcc-financial-op/calculator.js:1508:12 读取协调器不得通过原始 DB 读取事实；使用 query facade / Archive repository
[ARCH-BIZOP-QUERY] src/backend/vcc-financial-op/calculator.js:1511:6 原始 DB 句柄不能透传到读取 helper
[ARCH-BIZOP-QUERY] src/backend/vcc-financial-op/calculator.js:1526:14 读取协调器不得通过原始 DB 读取事实；使用 query facade / Archive repository
[ARCH-BIZOP-QUERY] src/backend/vcc-financial-op/calculator.js:1534:14 读取协调器不得通过原始 DB 读取事实；使用 query facade / Archive repository
[ARCH-BIZOP-QUERY] src/backend/vcc-financial-op/calculator.js:251:22 原始 DB 句柄不能透传到读取 helper
[ARCH-BIZOP-QUERY] src/backend/vcc-financial-op/calculator.js:252:19 原始 DB 句柄不能透传到读取 helper
[ARCH-BIZOP-QUERY] src/backend/vcc-financial-op/calculator.js:256:18 读取协调器不得通过原始 DB 读取事实；使用 query facade / Archive repository
[ARCH-BIZOP-QUERY] src/backend/vcc-financial-op/calculator.js:263:21 读取协调器不得通过原始 DB 读取事实；使用 query facade / Archive repository
[ARCH-BIZOP-QUERY] src/backend/vcc-financial-op/calculator.js:308:24 原始 DB 句柄不能透传到读取 helper
[ARCH-BIZOP-QUERY] src/backend/vcc-financial-op/calculator.js:309:25 读取协调器不得通过原始 DB 读取事实；使用 query facade / Archive repository
[ARCH-BIZOP-QUERY] src/backend/vcc-financial-op/calculator.js:317:30 读取协调器不得通过原始 DB 读取事实；使用 query facade / Archive repository
[ARCH-BIZOP-QUERY] src/backend/vcc-financial-op/calculator.js:323:28 读取协调器不得通过原始 DB 读取事实；使用 query facade / Archive repository
[ARCH-BIZOP-QUERY] src/backend/vcc-financial-op/calculator.js:520:15 读取协调器不得通过原始 DB 读取事实；使用 query facade / Archive repository
[ARCH-BIZOP-QUERY] src/backend/vcc-financial-op/calculator.js:587:15 读取协调器不得通过原始 DB 读取事实；使用 query facade / Archive repository
[ARCH-BIZOP-QUERY] src/backend/vcc-financial-op/calculator.js:596:22 读取协调器不得通过原始 DB 读取事实；使用 query facade / Archive repository
[ARCH-BIZOP-QUERY] src/backend/vcc-financial-op/calculator.js:600:26 读取协调器不得通过原始 DB 读取事实；使用 query facade / Archive repository
[ARCH-BIZOP-QUERY] src/backend/vcc-financial-op/calculator.js:731:2 读取协调器不得通过原始 DB 读取事实；使用 query facade / Archive repository
[ARCH-BIZOP-QUERY] src/backend/vcc-financial-op/calculator.js:733:22 原始 DB 句柄不能透传到读取 helper
[ARCH-BIZOP-QUERY] src/backend/vcc-financial-op/calculator.js:755:22 原始 DB 句柄不能透传到读取 helper
[ARCH-BIZOP-QUERY] src/backend/vcc-financial-op/calculator.js:756:28 原始 DB 句柄不能透传到读取 helper
[ARCH-BIZOP-QUERY] src/backend/vcc-financial-op/calculator.js:757:20 原始 DB 句柄不能透传到读取 helper
[ARCH-BIZOP-QUERY] src/backend/vcc-financial-op/calculator.js:774:19 读取协调器不得通过原始 DB 读取事实；使用 query facade / Archive repository
[ARCH-BIZOP-QUERY] src/backend/vcc-financial-op/calculator.js:786:23 读取协调器不得通过原始 DB 读取事实；使用 query facade / Archive repository
[ARCH-BIZOP-QUERY] src/backend/vcc-financial-op/calculator.js:806:29 原始 DB 句柄不能透传到读取 helper
[ARCH-BIZOP-QUERY] src/backend/vcc-financial-op/calculator.js:815:20 原始 DB 句柄不能透传到读取 helper
[ARCH-BIZOP-QUERY] src/backend/vcc-financial-op/calculator.js:835:27 原始 DB 句柄不能透传到读取 helper
[ARCH-BIZOP-QUERY] src/backend/vcc-financial-op/calculator.js:846:4 读取协调器不得通过原始 DB 读取事实；使用 query facade / Archive repository
[ARCH-BIZOP-QUERY] src/backend/vcc-financial-op/calculator.js:85:15 读取协调器不得通过原始 DB 读取事实；使用 query facade / Archive repository
[ARCH-BIZOP-QUERY] src/backend/vcc-financial-op/calculator.js:855:10 读取协调器不得通过原始 DB 读取事实；使用 query facade / Archive repository
[ARCH-BIZOP-QUERY] src/backend/vcc-financial-op/calculator.js:861:17 读取协调器不得通过原始 DB 读取事实；使用 query facade / Archive repository
[ARCH-BIZOP-QUERY] src/backend/vcc-financial-op/calculator.js:880:33 原始 DB 句柄不能透传到读取 helper
[ARCH-BIZOP-QUERY] src/backend/vcc-financial-op/calculator.js:924:29 读取协调器不得通过原始 DB 读取事实；使用 query facade / Archive repository
[ARCH-BIZOP-QUERY] src/backend/vcc-financial-op/calculator.js:942:8 原始 DB 句柄不能透传到读取 helper
[ARCH-BIZOP-QUERY] src/backend/vcc-financial-op/calculator.js:950:17 读取协调器不得通过原始 DB 读取事实；使用 query facade / Archive repository
[ARCH-BIZOP-QUERY] src/backend/vcc-financial-op/calculator.js:956:20 读取协调器不得通过原始 DB 读取事实；使用 query facade / Archive repository
[ARCH-BIZOP-QUERY] src/backend/vcc-financial-op/calculator.js:98:9 读取协调器不得通过原始 DB 读取事实；使用 query facade / Archive repository
[ARCH-BIZOP-QUERY] src/backend/vcc-financial-op/detail-importer.js:104:14 原始 DB 句柄不能透传到读取 helper
[ARCH-BIZOP-QUERY] src/backend/vcc-financial-op/detail-importer.js:119:39 原始 DB 句柄不能透传到读取 helper
[ARCH-BIZOP-QUERY] src/backend/vcc-financial-op/detail-importer.js:120:17 原始 DB 句柄不能透传到读取 helper
[ARCH-BIZOP-QUERY] src/backend/vcc-financial-op/detail-importer.js:126:9 读取协调器不得通过原始 DB 读取事实；使用 query facade / Archive repository
[ARCH-BIZOP-QUERY] src/backend/vcc-financial-op/detail-importer.js:131:7 原始 DB 句柄不能透传到读取 helper
[ARCH-BIZOP-QUERY] src/backend/vcc-financial-op/detail-importer.js:132:25 读取协调器不得通过原始 DB 读取事实；使用 query facade / Archive repository
[ARCH-BIZOP-QUERY] src/backend/vcc-financial-op/detail-importer.js:139:21 读取协调器不得通过原始 DB 读取事实；使用 query facade / Archive repository
[ARCH-BIZOP-QUERY] src/backend/vcc-financial-op/detail-importer.js:146:19 读取协调器不得通过原始 DB 读取事实；使用 query facade / Archive repository
[ARCH-BIZOP-QUERY] src/backend/vcc-financial-op/detail-importer.js:175:23 读取协调器不得通过原始 DB 读取事实；使用 query facade / Archive repository
[ARCH-BIZOP-QUERY] src/backend/vcc-financial-op/detail-importer.js:185:19 读取协调器不得通过原始 DB 读取事实；使用 query facade / Archive repository
[ARCH-BIZOP-QUERY] src/backend/vcc-financial-op/detail-importer.js:192:17 读取协调器不得通过原始 DB 读取事实；使用 query facade / Archive repository
[ARCH-BIZOP-QUERY] src/backend/vcc-financial-op/detail-importer.js:228:14 读取协调器不得通过原始 DB 读取事实；使用 query facade / Archive repository
[ARCH-BIZOP-QUERY] src/backend/vcc-financial-op/detail-importer.js:237:17 读取协调器不得通过原始 DB 读取事实；使用 query facade / Archive repository
[ARCH-BIZOP-QUERY] src/backend/vcc-financial-op/detail-importer.js:250:2 读取协调器不得通过原始 DB 读取事实；使用 query facade / Archive repository
[ARCH-BIZOP-QUERY] src/backend/vcc-financial-op/detail-importer.js:255:2 原始 DB 句柄不能透传到读取 helper
[ARCH-BIZOP-QUERY] src/backend/vcc-financial-op/detail-importer.js:257:26 原始 DB 句柄不能透传到读取 helper
[ARCH-BIZOP-QUERY] src/backend/vcc-financial-op/detail-importer.js:258:24 原始 DB 句柄不能透传到读取 helper
[ARCH-BIZOP-QUERY] src/backend/vcc-financial-op/detail-importer.js:259:27 原始 DB 句柄不能透传到读取 helper
[ARCH-BIZOP-QUERY] src/backend/vcc-financial-op/detail-importer.js:260:26 原始 DB 句柄不能透传到读取 helper
[ARCH-BIZOP-QUERY] src/backend/vcc-financial-op/detail-importer.js:261:23 原始 DB 句柄不能透传到读取 helper
[ARCH-BIZOP-QUERY] src/backend/vcc-financial-op/detail-importer.js:264:2 原始 DB 句柄不能透传到读取 helper
[ARCH-BIZOP-QUERY] src/backend/vcc-financial-op/detail-importer.js:265:23 原始 DB 句柄不能透传到读取 helper
[ARCH-BIZOP-QUERY] src/backend/vcc-financial-op/detail-importer.js:266:2 原始 DB 句柄不能透传到读取 helper
[ARCH-BIZOP-QUERY] src/backend/vcc-financial-op/detail-importer.js:277:2 原始 DB 句柄不能透传到读取 helper
[ARCH-BIZOP-QUERY] src/backend/vcc-financial-op/detail-importer.js:281:2 读取协调器不得通过原始 DB 读取事实；使用 query facade / Archive repository
[ARCH-BIZOP-QUERY] src/backend/vcc-financial-op/detail-importer.js:304:20 读取协调器不得通过原始 DB 读取事实；使用 query facade / Archive repository
[ARCH-BIZOP-QUERY] src/backend/vcc-financial-op/detail-importer.js:311:20 读取协调器不得通过原始 DB 读取事实；使用 query facade / Archive repository
[ARCH-BIZOP-QUERY] src/backend/vcc-financial-op/detail-importer.js:319:9 原始 DB 句柄不能透传到读取 helper
[ARCH-BIZOP-QUERY] src/backend/vcc-financial-op/detail-importer.js:323:2 读取协调器不得通过原始 DB 读取事实；使用 query facade / Archive repository
[ARCH-BIZOP-QUERY] src/backend/vcc-financial-op/detail-importer.js:357:2 读取协调器不得通过原始 DB 读取事实；使用 query facade / Archive repository
[ARCH-BIZOP-QUERY] src/backend/vcc-financial-op/detail-importer.js:368:6 原始 DB 句柄不能透传到读取 helper
[ARCH-BIZOP-QUERY] src/backend/vcc-financial-op/detail-importer.js:369:4 读取协调器不得通过原始 DB 读取事实；使用 query facade / Archive repository
[ARCH-BIZOP-QUERY] src/backend/vcc-financial-op/detail-importer.js:392:4 读取协调器不得通过原始 DB 读取事实；使用 query facade / Archive repository
[ARCH-BIZOP-QUERY] src/backend/vcc-financial-op/detail-importer.js:414:2 读取协调器不得通过原始 DB 读取事实；使用 query facade / Archive repository
[ARCH-BIZOP-QUERY] src/backend/vcc-financial-op/detail-importer.js:43:2 读取协调器不得通过原始 DB 读取事实；使用 query facade / Archive repository
[ARCH-BIZOP-QUERY] src/backend/vcc-financial-op/detail-importer.js:431:2 读取协调器不得通过原始 DB 读取事实；使用 query facade / Archive repository
[ARCH-BIZOP-QUERY] src/backend/vcc-financial-op/detail-importer.js:44:2 读取协调器不得通过原始 DB 读取事实；使用 query facade / Archive repository
[ARCH-BIZOP-QUERY] src/backend/vcc-financial-op/detail-importer.js:445:24 原始 DB 句柄不能透传到读取 helper
[ARCH-BIZOP-QUERY] src/backend/vcc-financial-op/detail-importer.js:446:23 原始 DB 句柄不能透传到读取 helper
[ARCH-BIZOP-QUERY] src/backend/vcc-financial-op/detail-importer.js:447:26 原始 DB 句柄不能透传到读取 helper
[ARCH-BIZOP-QUERY] src/backend/vcc-financial-op/detail-importer.js:448:24 原始 DB 句柄不能透传到读取 helper
[ARCH-BIZOP-QUERY] src/backend/vcc-financial-op/detail-importer.js:449:27 原始 DB 句柄不能透传到读取 helper
[ARCH-BIZOP-QUERY] src/backend/vcc-financial-op/detail-importer.js:450:26 原始 DB 句柄不能透传到读取 helper
[ARCH-BIZOP-QUERY] src/backend/vcc-financial-op/detail-importer.js:460:23 原始 DB 句柄不能透传到读取 helper
[ARCH-BIZOP-QUERY] src/backend/vcc-financial-op/detail-importer.js:461:2 原始 DB 句柄不能透传到读取 helper
[ARCH-BIZOP-QUERY] src/backend/vcc-financial-op/detail-importer.js:479:4 读取协调器不得通过原始 DB 读取事实；使用 query facade / Archive repository
[ARCH-BIZOP-QUERY] src/backend/vcc-financial-op/detail-importer.js:49:2 读取协调器不得通过原始 DB 读取事实；使用 query facade / Archive repository
[ARCH-BIZOP-QUERY] src/backend/vcc-financial-op/detail-importer.js:497:2 原始 DB 句柄不能透传到读取 helper
[ARCH-BIZOP-QUERY] src/backend/vcc-financial-op/detail-importer.js:501:2 读取协调器不得通过原始 DB 读取事实；使用 query facade / Archive repository
[ARCH-BIZOP-QUERY] src/backend/vcc-financial-op/detail-importer.js:503:4 原始 DB 句柄不能透传到读取 helper
[ARCH-BIZOP-QUERY] src/backend/vcc-financial-op/detail-importer.js:504:4 原始 DB 句柄不能透传到读取 helper
[ARCH-BIZOP-QUERY] src/backend/vcc-financial-op/detail-importer.js:506:34 读取协调器不得通过原始 DB 读取事实；使用 query facade / Archive repository
[ARCH-BIZOP-QUERY] src/backend/vcc-financial-op/detail-importer.js:511:30 原始 DB 句柄不能透传到读取 helper
[ARCH-BIZOP-QUERY] src/backend/vcc-financial-op/detail-importer.js:513:6 原始 DB 句柄不能透传到读取 helper
[ARCH-BIZOP-QUERY] src/backend/vcc-financial-op/detail-importer.js:514:6 读取协调器不得通过原始 DB 读取事实；使用 query facade / Archive repository
[ARCH-BIZOP-QUERY] src/backend/vcc-financial-op/detail-importer.js:515:13 原始 DB 句柄不能透传到读取 helper
[ARCH-BIZOP-QUERY] src/backend/vcc-financial-op/detail-importer.js:518:4 原始 DB 句柄不能透传到读取 helper
[ARCH-BIZOP-QUERY] src/backend/vcc-financial-op/detail-importer.js:519:4 原始 DB 句柄不能透传到读取 helper
[ARCH-BIZOP-QUERY] src/backend/vcc-financial-op/detail-importer.js:520:4 读取协调器不得通过原始 DB 读取事实；使用 query facade / Archive repository
[ARCH-BIZOP-QUERY] src/backend/vcc-financial-op/detail-importer.js:521:11 原始 DB 句柄不能透传到读取 helper
[ARCH-BIZOP-QUERY] src/backend/vcc-financial-op/detail-importer.js:523:4 原始 DB 句柄不能透传到读取 helper
[ARCH-BIZOP-QUERY] src/backend/vcc-financial-op/detail-importer.js:53:8 读取协调器不得通过原始 DB 读取事实；使用 query facade / Archive repository
[ARCH-BIZOP-QUERY] src/backend/vcc-financial-op/detail-importer.js:547:15 原始 DB 句柄不能透传到读取 helper
[ARCH-BIZOP-QUERY] src/backend/vcc-financial-op/detail-importer.js:556:22 原始 DB 句柄不能透传到读取 helper
[ARCH-BIZOP-QUERY] src/backend/vcc-financial-op/detail-importer.js:566:2 读取协调器不得通过原始 DB 读取事实；使用 query facade / Archive repository
[ARCH-BIZOP-QUERY] src/backend/vcc-financial-op/detail-importer.js:599:14 原始 DB 句柄不能透传到读取 helper
[ARCH-BIZOP-QUERY] src/backend/vcc-financial-op/detail-importer.js:632:4 读取协调器不得通过原始 DB 读取事实；使用 query facade / Archive repository
[ARCH-BIZOP-QUERY] src/backend/vcc-financial-op/detail-importer.js:636:6 读取协调器不得通过原始 DB 读取事实；使用 query facade / Archive repository
[ARCH-BIZOP-QUERY] src/backend/vcc-financial-op/detail-importer.js:642:30 原始 DB 句柄不能透传到读取 helper
[ARCH-BIZOP-QUERY] src/backend/vcc-financial-op/detail-importer.js:643:31 原始 DB 句柄不能透传到读取 helper
[ARCH-BIZOP-QUERY] src/backend/vcc-financial-op/detail-importer.js:644:30 原始 DB 句柄不能透传到读取 helper
[ARCH-BIZOP-QUERY] src/backend/vcc-financial-op/detail-importer.js:645:6 原始 DB 句柄不能透传到读取 helper
[ARCH-BIZOP-QUERY] src/backend/vcc-financial-op/detail-importer.js:646:27 原始 DB 句柄不能透传到读取 helper
[ARCH-BIZOP-QUERY] src/backend/vcc-financial-op/detail-importer.js:650:6 原始 DB 句柄不能透传到读取 helper
[ARCH-BIZOP-QUERY] src/backend/vcc-financial-op/detail-importer.js:659:6 原始 DB 句柄不能透传到读取 helper
[ARCH-BIZOP-QUERY] src/backend/vcc-financial-op/detail-importer.js:660:6 读取协调器不得通过原始 DB 读取事实；使用 query facade / Archive repository
[ARCH-BIZOP-QUERY] src/backend/vcc-financial-op/detail-importer.js:662:6 原始 DB 句柄不能透传到读取 helper
[ARCH-BIZOP-QUERY] src/backend/vcc-financial-op/detail-importer.js:663:6 读取协调器不得通过原始 DB 读取事实；使用 query facade / Archive repository
[ARCH-BIZOP-QUERY] src/backend/vcc-financial-op/detail-importer.js:665:29 原始 DB 句柄不能透传到读取 helper
[ARCH-BIZOP-QUERY] src/backend/vcc-financial-op/detail-importer.js:669:8 原始 DB 句柄不能透传到读取 helper
[ARCH-BIZOP-QUERY] src/backend/vcc-financial-op/detail-importer.js:676:8 原始 DB 句柄不能透传到读取 helper
[ARCH-BIZOP-QUERY] src/backend/vcc-financial-op/detail-importer.js:677:8 读取协调器不得通过原始 DB 读取事实；使用 query facade / Archive repository
[ARCH-BIZOP-QUERY] src/backend/vcc-financial-op/detail-importer.js:679:8 原始 DB 句柄不能透传到读取 helper
[ARCH-BIZOP-QUERY] src/backend/vcc-financial-op/detail-importer.js:684:11 原始 DB 句柄不能透传到读取 helper
[ARCH-BIZOP-QUERY] src/backend/vcc-financial-op/detail-importer.js:695:9 原始 DB 句柄不能透传到读取 helper
[ARCH-BIZOP-QUERY] src/backend/vcc-financial-op/detail-importer.js:721:2 原始 DB 句柄不能透传到读取 helper
[ARCH-BIZOP-QUERY] src/backend/vcc-financial-op/detail-importer.js:732:23 原始 DB 句柄不能透传到读取 helper
[ARCH-BIZOP-QUERY] src/backend/vcc-financial-op/detail-importer.js:742:24 原始 DB 句柄不能透传到读取 helper
[ARCH-BIZOP-QUERY] src/backend/vcc-financial-op/detail-importer.js:770:6 原始 DB 句柄不能透传到读取 helper
[ARCH-BIZOP-QUERY] src/backend/vcc-financial-op/detail-importer.js:781:2 原始 DB 句柄不能透传到读取 helper
[ARCH-BIZOP-QUERY] src/backend/vcc-financial-op/operation-audit.js:16:32 读取协调器不得通过原始 DB 读取事实；使用 query facade / Archive repository
[ARCH-BIZOP-QUERY] src/backend/vcc-financial-op/operation-audit.js:164:11 原始 DB 句柄不能透传到读取 helper
[ARCH-BIZOP-QUERY] src/backend/vcc-financial-op/operation-audit.js:41:17 读取协调器不得通过原始 DB 读取事实；使用 query facade / Archive repository
[ARCH-BIZOP-QUERY] src/backend/vcc-financial-op/operation-audit.js:7:20 原始 DB 句柄不能透传到读取 helper
[ARCH-BIZOP-QUERY] src/backend/vcc-financial-op/operation-audit.js:80:49 读取协调器不得通过原始 DB 读取事实；使用 query facade / Archive repository
[ARCH-BIZOP-QUERY] src/backend/vcc-financial-op/operation-audit.js:86:31 读取协调器不得通过原始 DB 读取事实；使用 query facade / Archive repository
[ARCH-BIZOP-QUERY] src/backend/vcc-financial-op/operation-audit.js:9:29 读取协调器不得通过原始 DB 读取事实；使用 query facade / Archive repository
[ARCH-BIZOP-QUERY] src/backend/vcc-financial-op/operation-state.js:106:9 读取协调器不得通过原始 DB 读取事实；使用 query facade / Archive repository
[ARCH-BIZOP-QUERY] src/backend/vcc-financial-op/operation-state.js:126:9 读取协调器不得通过原始 DB 读取事实；使用 query facade / Archive repository
[ARCH-BIZOP-QUERY] src/backend/vcc-financial-op/operation-state.js:146:9 读取协调器不得通过原始 DB 读取事实；使用 query facade / Archive repository
[ARCH-BIZOP-QUERY] src/backend/vcc-financial-op/operation-state.js:164:9 读取协调器不得通过原始 DB 读取事实；使用 query facade / Archive repository
[ARCH-BIZOP-QUERY] src/backend/vcc-financial-op/operation-state.js:180:9 读取协调器不得通过原始 DB 读取事实；使用 query facade / Archive repository
[ARCH-BIZOP-QUERY] src/backend/vcc-financial-op/operation-state.js:198:15 读取协调器不得通过原始 DB 读取事实；使用 query facade / Archive repository
[ARCH-BIZOP-QUERY] src/backend/vcc-financial-op/operation-state.js:221:20 读取协调器不得通过原始 DB 读取事实；使用 query facade / Archive repository
[ARCH-BIZOP-QUERY] src/backend/vcc-financial-op/operation-state.js:230:44 原始 DB 句柄不能透传到读取 helper
[ARCH-BIZOP-QUERY] src/backend/vcc-financial-op/operation-state.js:236:21 读取协调器不得通过原始 DB 读取事实；使用 query facade / Archive repository
[ARCH-BIZOP-QUERY] src/backend/vcc-financial-op/operation-state.js:248:24 读取协调器不得通过原始 DB 读取事实；使用 query facade / Archive repository
[ARCH-BIZOP-QUERY] src/backend/vcc-financial-op/operation-state.js:259:25 读取协调器不得通过原始 DB 读取事实；使用 query facade / Archive repository
[ARCH-BIZOP-QUERY] src/backend/vcc-financial-op/operation-state.js:274:22 原始 DB 句柄不能透传到读取 helper
[ARCH-BIZOP-QUERY] src/backend/vcc-financial-op/operation-state.js:280:28 原始 DB 句柄不能透传到读取 helper
[ARCH-BIZOP-QUERY] src/backend/vcc-financial-op/operation-state.js:306:10 原始 DB 句柄不能透传到读取 helper
[ARCH-BIZOP-QUERY] src/backend/vcc-financial-op/operation-state.js:307:34 原始 DB 句柄不能透传到读取 helper
[ARCH-BIZOP-QUERY] src/backend/vcc-financial-op/operation-state.js:308:46 原始 DB 句柄不能透传到读取 helper
[ARCH-BIZOP-QUERY] src/backend/vcc-financial-op/operation-state.js:309:14 原始 DB 句柄不能透传到读取 helper
[ARCH-BIZOP-QUERY] src/backend/vcc-financial-op/operation-state.js:310:14 原始 DB 句柄不能透传到读取 helper
[ARCH-BIZOP-QUERY] src/backend/vcc-financial-op/operation-state.js:311:13 原始 DB 句柄不能透传到读取 helper
[ARCH-BIZOP-QUERY] src/backend/vcc-financial-op/operation-state.js:312:17 原始 DB 句柄不能透传到读取 helper
[ARCH-BIZOP-QUERY] src/backend/vcc-financial-op/operation-state.js:358:14 读取协调器不得通过原始 DB 读取事实；使用 query facade / Archive repository
[ARCH-BIZOP-QUERY] src/backend/vcc-financial-op/preserved-state.js:189:2 原始 DB 句柄不能透传到读取 helper
[ARCH-BIZOP-QUERY] src/backend/vcc-financial-op/preserved-state.js:196:4 原始 DB 句柄不能透传到读取 helper
[ARCH-BIZOP-QUERY] src/backend/vcc-financial-op/preserved-state.js:204:2 原始 DB 句柄不能透传到读取 helper
[ARCH-BIZOP-QUERY] src/backend/vcc-financial-op/preserved-state.js:211:4 原始 DB 句柄不能透传到读取 helper
[ARCH-BIZOP-QUERY] src/backend/vcc-financial-op/preserved-state.js:216:4 原始 DB 句柄不能透传到读取 helper
[ARCH-BIZOP-QUERY] src/backend/vcc-financial-op/preserved-state.js:229:4 原始 DB 句柄不能透传到读取 helper
[ARCH-BIZOP-QUERY] src/backend/vcc-financial-op/preserved-state.js:236:2 原始 DB 句柄不能透传到读取 helper
[ARCH-BIZOP-QUERY] src/backend/vcc-financial-op/preserved-state.js:245:4 原始 DB 句柄不能透传到读取 helper
[ARCH-BIZOP-QUERY] src/backend/vcc-financial-op/preserved-state.js:250:4 原始 DB 句柄不能透传到读取 helper
[ARCH-BIZOP-QUERY] src/backend/vcc-financial-op/preserved-state.js:278:4 原始 DB 句柄不能透传到读取 helper
[ARCH-BIZOP-QUERY] src/backend/vcc-financial-op/preserved-state.js:286:4 原始 DB 句柄不能透传到读取 helper
[ARCH-BIZOP-QUERY] src/backend/vcc-financial-op/preserved-state.js:312:4 原始 DB 句柄不能透传到读取 helper
[ARCH-BIZOP-QUERY] src/backend/vcc-financial-op/preserved-state.js:328:4 原始 DB 句柄不能透传到读取 helper
[ARCH-BIZOP-QUERY] src/backend/vcc-financial-op/preserved-state.js:339:2 原始 DB 句柄不能透传到读取 helper
[ARCH-BIZOP-QUERY] src/backend/vcc-financial-op/preserved-state.js:344:2 原始 DB 句柄不能透传到读取 helper
[ARCH-BIZOP-QUERY] src/backend/vcc-financial-op/preserved-state.js:349:2 原始 DB 句柄不能透传到读取 helper
[ARCH-BIZOP-QUERY] src/backend/vcc-financial-op/preserved-state.js:354:2 原始 DB 句柄不能透传到读取 helper
[ARCH-BIZOP-QUERY] src/backend/vcc-financial-op/preserved-state.js:361:2 原始 DB 句柄不能透传到读取 helper
[ARCH-BIZOP-QUERY] src/backend/vcc-financial-op/preserved-state.js:367:2 原始 DB 句柄不能透传到读取 helper
[ARCH-BIZOP-QUERY] src/backend/vcc-financial-op/preserved-state.js:373:2 原始 DB 句柄不能透传到读取 helper
[ARCH-BIZOP-QUERY] src/backend/vcc-financial-op/preserved-state.js:378:2 原始 DB 句柄不能透传到读取 helper
[ARCH-BIZOP-QUERY] src/backend/vcc-financial-op/preserved-state.js:384:2 原始 DB 句柄不能透传到读取 helper
[ARCH-BIZOP-QUERY] src/backend/vcc-financial-op/preserved-state.js:390:2 原始 DB 句柄不能透传到读取 helper
[ARCH-BIZOP-QUERY] src/backend/vcc-financial-op/preserved-state.js:395:2 原始 DB 句柄不能透传到读取 helper
[ARCH-BIZOP-QUERY] src/backend/vcc-financial-op/preserved-state.js:396:2 原始 DB 句柄不能透传到读取 helper
[ARCH-BIZOP-QUERY] src/backend/vcc-financial-op/preserved-state.js:401:2 原始 DB 句柄不能透传到读取 helper
[ARCH-BIZOP-QUERY] src/backend/vcc-financial-op/preserved-state.js:406:2 原始 DB 句柄不能透传到读取 helper
[ARCH-BIZOP-QUERY] src/backend/vcc-financial-op/preserved-state.js:420:4 原始 DB 句柄不能透传到读取 helper
[ARCH-BIZOP-QUERY] src/backend/vcc-financial-op/preserved-state.js:446:24 原始 DB 句柄不能透传到读取 helper
[ARCH-BIZOP-QUERY] src/backend/vcc-financial-op/preserved-state.js:447:26 原始 DB 句柄不能透传到读取 helper
[ARCH-BIZOP-QUERY] src/backend/vcc-financial-op/preserved-state.js:448:25 原始 DB 句柄不能透传到读取 helper
[ARCH-BIZOP-QUERY] src/backend/vcc-financial-op/preserved-state.js:452:2 原始 DB 句柄不能透传到读取 helper
[ARCH-BIZOP-QUERY] src/backend/vcc-financial-op/preserved-state.js:455:2 原始 DB 句柄不能透传到读取 helper
[ARCH-BIZOP-QUERY] src/backend/vcc-financial-op/preserved-state.js:458:4 原始 DB 句柄不能透传到读取 helper
[ARCH-BIZOP-QUERY] src/backend/vcc-financial-op/preserved-state.js:463:4 原始 DB 句柄不能透传到读取 helper
[ARCH-BIZOP-QUERY] src/backend/vcc-financial-op/preserved-state.js:467:4 原始 DB 句柄不能透传到读取 helper
[ARCH-BIZOP-QUERY] src/backend/vcc-financial-op/preserved-state.js:469:4 原始 DB 句柄不能透传到读取 helper
[ARCH-BIZOP-QUERY] src/backend/vcc-financial-op/preserved-state.js:475:4 原始 DB 句柄不能透传到读取 helper
[ARCH-BIZOP-QUERY] src/backend/vcc-financial-op/preserved-state.js:482:4 原始 DB 句柄不能透传到读取 helper
[ARCH-BIZOP-QUERY] src/backend/vcc-financial-op/preserved-state.js:488:4 原始 DB 句柄不能透传到读取 helper
[ARCH-BIZOP-QUERY] src/backend/vcc-financial-op/preserved-state.js:495:4 原始 DB 句柄不能透传到读取 helper
[ARCH-BIZOP-QUERY] src/backend/vcc-financial-op/preserved-state.js:500:4 原始 DB 句柄不能透传到读取 helper
[ARCH-BIZOP-QUERY] src/backend/vcc-financial-op/preserved-state.js:506:2 原始 DB 句柄不能透传到读取 helper
[ARCH-BIZOP-QUERY] src/backend/vcc-financial-op/preserved-state.js:619:21 原始 DB 句柄不能透传到读取 helper
[ARCH-BIZOP-QUERY] src/backend/vcc-financial-op/preserved-state.js:620:25 原始 DB 句柄不能透传到读取 helper
[ARCH-BIZOP-QUERY] src/backend/vcc-financial-op/preserved-state.js:629:4 原始 DB 句柄不能透传到读取 helper
[ARCH-BIZOP-QUERY] src/backend/vcc-financial-op/preserved-state.js:95:20 原始 DB 句柄不能透传到读取 helper
[ARCH-BIZOP-QUERY] src/backend/vcc-financial-op/read-schema.js:109:34 读取协调器不得通过原始 DB 读取事实；使用 query facade / Archive repository
[ARCH-BIZOP-QUERY] src/backend/vcc-financial-op/read-schema.js:117:26 原始 DB 句柄不能透传到读取 helper
[ARCH-BIZOP-QUERY] src/backend/vcc-financial-op/read-schema.js:128:13 读取协调器不能新建数据库连接
[ARCH-BIZOP-QUERY] src/backend/vcc-financial-op/read-schema.js:82:33 读取协调器不得通过原始 DB 读取事实；使用 query facade / Archive repository
[ARCH-BIZOP-QUERY] src/backend/vcc-financial-op/read-schema.js:92:17 原始 DB 句柄不能透传到读取 helper
[ARCH-BIZOP-QUERY] src/backend/vcc-financial-op/read-snapshot.js:115:21 原始 DB 句柄不能透传到读取 helper
[ARCH-BIZOP-QUERY] src/backend/vcc-financial-op/read-snapshot.js:118:15 原始 DB 句柄不能透传到读取 helper
[ARCH-BIZOP-QUERY] src/backend/vcc-financial-op/read-snapshot.js:126:19 原始 DB 句柄不能透传到读取 helper
[ARCH-BIZOP-QUERY] src/backend/vcc-financial-op/read-snapshot.js:134:19 原始 DB 句柄不能透传到读取 helper
[ARCH-BIZOP-QUERY] src/backend/vcc-financial-op/read-snapshot.js:141:18 原始 DB 句柄不能透传到读取 helper
[ARCH-BIZOP-QUERY] src/backend/vcc-financial-op/read-snapshot.js:150:22 原始 DB 句柄不能透传到读取 helper
[ARCH-BIZOP-QUERY] src/backend/vcc-financial-op/read-snapshot.js:159:25 原始 DB 句柄不能透传到读取 helper
[ARCH-BIZOP-QUERY] src/backend/vcc-financial-op/read-snapshot.js:171:31 原始 DB 句柄不能透传到读取 helper
[ARCH-BIZOP-QUERY] src/backend/vcc-financial-op/read-snapshot.js:179:32 原始 DB 句柄不能透传到读取 helper
[ARCH-BIZOP-QUERY] src/backend/vcc-financial-op/read-snapshot.js:187:33 原始 DB 句柄不能透传到读取 helper
[ARCH-BIZOP-QUERY] src/backend/vcc-financial-op/read-snapshot.js:315:22 原始 DB 句柄不能透传到读取 helper
[ARCH-BIZOP-QUERY] src/backend/vcc-financial-op/read-snapshot.js:344:24 原始 DB 句柄不能透传到读取 helper
[ARCH-BIZOP-QUERY] src/backend/vcc-financial-op/read-snapshot.js:349:24 原始 DB 句柄不能透传到读取 helper
[ARCH-BIZOP-QUERY] src/backend/vcc-financial-op/read-snapshot.js:355:20 原始 DB 句柄不能透传到读取 helper
[ARCH-BIZOP-QUERY] src/backend/vcc-financial-op/read-snapshot.js:418:28 原始 DB 句柄不能透传到读取 helper
[ARCH-BIZOP-QUERY] src/backend/vcc-financial-op/read-snapshot.js:420:23 原始 DB 句柄不能透传到读取 helper
[ARCH-BIZOP-QUERY] src/backend/vcc-financial-op/read-snapshot.js:455:15 原始 DB 句柄不能透传到读取 helper
[ARCH-BIZOP-QUERY] src/backend/vcc-financial-op/read-snapshot.js:468:19 原始 DB 句柄不能透传到读取 helper
[ARCH-BIZOP-QUERY] src/backend/vcc-financial-op/read-snapshot.js:478:15 原始 DB 句柄不能透传到读取 helper
[ARCH-BIZOP-QUERY] src/backend/vcc-financial-op/read-snapshot.js:489:19 原始 DB 句柄不能透传到读取 helper
[ARCH-BIZOP-QUERY] src/backend/vcc-financial-op/read-snapshot.js:499:22 原始 DB 句柄不能透传到读取 helper
[ARCH-BIZOP-QUERY] src/backend/vcc-financial-op/read-snapshot.js:505:24 原始 DB 句柄不能透传到读取 helper
[ARCH-BIZOP-QUERY] src/backend/vcc-financial-op/read-snapshot.js:510:20 原始 DB 句柄不能透传到读取 helper
[ARCH-BIZOP-QUERY] src/backend/vcc-financial-op/read-snapshot.js:514:24 原始 DB 句柄不能透传到读取 helper
[ARCH-BIZOP-QUERY] src/backend/vcc-financial-op/read-snapshot.js:518:24 原始 DB 句柄不能透传到读取 helper
[ARCH-BIZOP-QUERY] src/backend/vcc-financial-op/read-snapshot.js:524:22 原始 DB 句柄不能透传到读取 helper
[ARCH-BIZOP-QUERY] src/backend/vcc-financial-op/read-snapshot.js:679:19 原始 DB 句柄不能透传到读取 helper
[ARCH-BIZOP-QUERY] src/backend/vcc-financial-op/read-snapshot.js:700:19 原始 DB 句柄不能透传到读取 helper
[ARCH-BIZOP-QUERY] src/backend/vcc-financial-op/read-snapshot.js:716:24 原始 DB 句柄不能透传到读取 helper
[ARCH-BIZOP-QUERY] src/backend/vcc-financial-op/read-snapshot.js:721:24 原始 DB 句柄不能透传到读取 helper
[ARCH-BIZOP-QUERY] src/backend/vcc-financial-op/read-snapshot.js:731:26 原始 DB 句柄不能透传到读取 helper
[ARCH-BIZOP-QUERY] src/backend/vcc-financial-op/read-snapshot.js:750:20 原始 DB 句柄不能透传到读取 helper
[ARCH-BIZOP-QUERY] src/backend/vcc-financial-op/read-snapshot.js:755:28 原始 DB 句柄不能透传到读取 helper
[ARCH-BIZOP-QUERY] src/backend/vcc-financial-op/read-snapshot.js:756:23 原始 DB 句柄不能透传到读取 helper
[ARCH-BIZOP-QUERY] src/backend/vcc-financial-op/read-snapshot.js:795:19 原始 DB 句柄不能透传到读取 helper
[ARCH-BIZOP-QUERY] src/backend/vcc-financial-op/read-snapshot.js:796:20 原始 DB 句柄不能透传到读取 helper
[ARCH-BIZOP-QUERY] src/backend/vcc-financial-op/result-adjustments.js:1078:4 读取协调器不得通过原始 DB 读取事实；使用 query facade / Archive repository
[ARCH-BIZOP-QUERY] src/backend/vcc-financial-op/result-adjustments.js:1080:33 原始 DB 句柄不能透传到读取 helper
[ARCH-BIZOP-QUERY] src/backend/vcc-financial-op/result-adjustments.js:1081:19 原始 DB 句柄不能透传到读取 helper
[ARCH-BIZOP-QUERY] src/backend/vcc-financial-op/result-adjustments.js:1120:28 原始 DB 句柄不能透传到读取 helper
[ARCH-BIZOP-QUERY] src/backend/vcc-financial-op/result-adjustments.js:1127:17 读取协调器不得通过原始 DB 读取事实；使用 query facade / Archive repository
[ARCH-BIZOP-QUERY] src/backend/vcc-financial-op/result-adjustments.js:1149:12 原始 DB 句柄不能透传到读取 helper
[ARCH-BIZOP-QUERY] src/backend/vcc-financial-op/result-adjustments.js:1157:20 读取协调器不得通过原始 DB 读取事实；使用 query facade / Archive repository
[ARCH-BIZOP-QUERY] src/backend/vcc-financial-op/result-adjustments.js:1170:4 原始 DB 句柄不能透传到读取 helper
[ARCH-BIZOP-QUERY] src/backend/vcc-financial-op/result-adjustments.js:1189:27 原始 DB 句柄不能透传到读取 helper
[ARCH-BIZOP-QUERY] src/backend/vcc-financial-op/result-adjustments.js:1199:18 原始 DB 句柄不能透传到读取 helper
[ARCH-BIZOP-QUERY] src/backend/vcc-financial-op/result-adjustments.js:1201:4 读取协调器不得通过原始 DB 读取事实；使用 query facade / Archive repository
[ARCH-BIZOP-QUERY] src/backend/vcc-financial-op/result-adjustments.js:1212:12 读取协调器不得通过原始 DB 读取事实；使用 query facade / Archive repository
[ARCH-BIZOP-QUERY] src/backend/vcc-financial-op/result-adjustments.js:236:47 读取协调器不得通过原始 DB 读取事实；使用 query facade / Archive repository
[ARCH-BIZOP-QUERY] src/backend/vcc-financial-op/result-adjustments.js:242:18 读取协调器不得通过原始 DB 读取事实；使用 query facade / Archive repository
[ARCH-BIZOP-QUERY] src/backend/vcc-financial-op/result-adjustments.js:249:82 读取协调器不得通过原始 DB 读取事实；使用 query facade / Archive repository
[ARCH-BIZOP-QUERY] src/backend/vcc-financial-op/result-adjustments.js:330:44 读取协调器不得通过原始 DB 读取事实；使用 query facade / Archive repository
[ARCH-BIZOP-QUERY] src/backend/vcc-financial-op/result-adjustments.js:337:18 读取协调器不得通过原始 DB 读取事实；使用 query facade / Archive repository
[ARCH-BIZOP-QUERY] src/backend/vcc-financial-op/result-adjustments.js:540:44 读取协调器不得通过原始 DB 读取事实；使用 query facade / Archive repository
[ARCH-BIZOP-QUERY] src/backend/vcc-financial-op/result-adjustments.js:546:18 读取协调器不得通过原始 DB 读取事实；使用 query facade / Archive repository
[ARCH-BIZOP-QUERY] src/backend/vcc-financial-op/result-adjustments.js:826:14 读取协调器不得通过原始 DB 读取事实；使用 query facade / Archive repository
[ARCH-BIZOP-QUERY] src/backend/vcc-financial-op/result-adjustments.js:834:20 原始 DB 句柄不能透传到读取 helper
[ARCH-BIZOP-QUERY] src/backend/vcc-financial-op/result-adjustments.js:835:26 原始 DB 句柄不能透传到读取 helper
[ARCH-BIZOP-QUERY] src/backend/vcc-financial-op/result-adjustments.js:859:19 原始 DB 句柄不能透传到读取 helper
[ARCH-BIZOP-QUERY] src/backend/vcc-financial-op/result-adjustments.js:892:9 原始 DB 句柄不能透传到读取 helper
[ARCH-BIZOP-QUERY] src/backend/vcc-financial-op/result-adjustments.js:896:9 原始 DB 句柄不能透传到读取 helper
[ARCH-BIZOP-QUERY] src/backend/vcc-financial-op/result-adjustments.js:900:20 原始 DB 句柄不能透传到读取 helper
[ARCH-BIZOP-QUERY] src/backend/vcc-financial-op/result-adjustments.js:910:20 原始 DB 句柄不能透传到读取 helper
[ARCH-BIZOP-QUERY] src/backend/vcc-financial-op/result-adjustments.js:954:19 读取协调器不得通过原始 DB 读取事实；使用 query facade / Archive repository
[ARCH-BIZOP-QUERY] src/backend/vcc-financial-op/result-adjustments.js:976:14 读取协调器不得通过原始 DB 读取事实；使用 query facade / Archive repository
[ARCH-BIZOP-QUERY] src/backend/vcc-financial-op/result-adjustments.js:980:21 读取协调器不得通过原始 DB 读取事实；使用 query facade / Archive repository
[ARCH-BIZOP-QUERY] src/backend/vcc-financial-op/result-adjustments.js:986:36 读取协调器不得通过原始 DB 读取事实；使用 query facade / Archive repository
[ARCH-BIZOP-QUERY] src/backend/vcc-financial-op/system-op-importer.js:1063:4 读取协调器不得通过原始 DB 读取事实；使用 query facade / Archive repository
[ARCH-BIZOP-QUERY] src/backend/vcc-financial-op/system-op-importer.js:1069:8 原始 DB 句柄不能透传到读取 helper
[ARCH-BIZOP-QUERY] src/backend/vcc-financial-op/system-op-importer.js:1079:8 原始 DB 句柄不能透传到读取 helper
[ARCH-BIZOP-QUERY] src/backend/vcc-financial-op/system-op-importer.js:1089:8 原始 DB 句柄不能透传到读取 helper
[ARCH-BIZOP-QUERY] src/backend/vcc-financial-op/system-op-importer.js:1092:6 原始 DB 句柄不能透传到读取 helper
[ARCH-BIZOP-QUERY] src/backend/vcc-financial-op/system-op-importer.js:1099:6 读取协调器不得通过原始 DB 读取事实；使用 query facade / Archive repository
[ARCH-BIZOP-QUERY] src/backend/vcc-financial-op/system-op-importer.js:1100:13 原始 DB 句柄不能透传到读取 helper
[ARCH-BIZOP-QUERY] src/backend/vcc-financial-op/system-op-importer.js:1102:12 读取协调器不得通过原始 DB 读取事实；使用 query facade / Archive repository
[ARCH-BIZOP-QUERY] src/backend/vcc-financial-op/system-op-importer.js:1107:2 读取协调器不得通过原始 DB 读取事实；使用 query facade / Archive repository
[ARCH-BIZOP-QUERY] src/backend/vcc-financial-op/system-op-importer.js:1110:6 原始 DB 句柄不能透传到读取 helper
[ARCH-BIZOP-QUERY] src/backend/vcc-financial-op/system-op-importer.js:1127:23 读取协调器不得通过原始 DB 读取事实；使用 query facade / Archive repository
[ARCH-BIZOP-QUERY] src/backend/vcc-financial-op/system-op-importer.js:1153:36 读取协调器不得通过原始 DB 读取事实；使用 query facade / Archive repository
[ARCH-BIZOP-QUERY] src/backend/vcc-financial-op/system-op-importer.js:1181:26 原始 DB 句柄不能透传到读取 helper
[ARCH-BIZOP-QUERY] src/backend/vcc-financial-op/system-op-importer.js:1195:29 读取协调器不得通过原始 DB 读取事实；使用 query facade / Archive repository
[ARCH-BIZOP-QUERY] src/backend/vcc-financial-op/system-op-importer.js:1212:10 原始 DB 句柄不能透传到读取 helper
[ARCH-BIZOP-QUERY] src/backend/vcc-financial-op/system-op-importer.js:1216:8 原始 DB 句柄不能透传到读取 helper
[ARCH-BIZOP-QUERY] src/backend/vcc-financial-op/system-op-importer.js:1223:8 原始 DB 句柄不能透传到读取 helper
[ARCH-BIZOP-QUERY] src/backend/vcc-financial-op/system-op-importer.js:1225:6 原始 DB 句柄不能透传到读取 helper
[ARCH-BIZOP-QUERY] src/backend/vcc-financial-op/system-op-importer.js:1234:6 读取协调器不得通过原始 DB 读取事实；使用 query facade / Archive repository
[ARCH-BIZOP-QUERY] src/backend/vcc-financial-op/system-op-importer.js:1235:13 原始 DB 句柄不能透传到读取 helper
[ARCH-BIZOP-QUERY] src/backend/vcc-financial-op/system-op-importer.js:1244:23 读取协调器不得通过原始 DB 读取事实；使用 query facade / Archive repository
[ARCH-BIZOP-QUERY] src/backend/vcc-financial-op/system-op-importer.js:1262:8 原始 DB 句柄不能透传到读取 helper
[ARCH-BIZOP-QUERY] src/backend/vcc-financial-op/system-op-importer.js:1275:26 原始 DB 句柄不能透传到读取 helper
[ARCH-BIZOP-QUERY] src/backend/vcc-financial-op/system-op-importer.js:1284:8 原始 DB 句柄不能透传到读取 helper
[ARCH-BIZOP-QUERY] src/backend/vcc-financial-op/system-op-importer.js:1291:6 原始 DB 句柄不能透传到读取 helper
[ARCH-BIZOP-QUERY] src/backend/vcc-financial-op/system-op-importer.js:1300:27 读取协调器不得通过原始 DB 读取事实；使用 query facade / Archive repository
[ARCH-BIZOP-QUERY] src/backend/vcc-financial-op/system-op-importer.js:1315:6 原始 DB 句柄不能透传到读取 helper
[ARCH-BIZOP-QUERY] src/backend/vcc-financial-op/system-op-importer.js:1328:4 原始 DB 句柄不能透传到读取 helper
[ARCH-BIZOP-QUERY] src/backend/vcc-financial-op/system-op-importer.js:1340:6 读取协调器不得通过原始 DB 读取事实；使用 query facade / Archive repository
[ARCH-BIZOP-QUERY] src/backend/vcc-financial-op/system-op-importer.js:1357:4 读取协调器不得通过原始 DB 读取事实；使用 query facade / Archive repository
[ARCH-BIZOP-QUERY] src/backend/vcc-financial-op/system-op-importer.js:1358:11 原始 DB 句柄不能透传到读取 helper
[ARCH-BIZOP-QUERY] src/backend/vcc-financial-op/system-op-importer.js:1360:10 读取协调器不得通过原始 DB 读取事实；使用 query facade / Archive repository
[ARCH-BIZOP-QUERY] src/backend/vcc-financial-op/system-op-importer.js:909:17 读取协调器不得通过原始 DB 读取事实；使用 query facade / Archive repository
[ARCH-BIZOP-QUERY] src/backend/vcc-financial-op/system-op-importer.js:941:9 原始 DB 句柄不能透传到读取 helper
[ARCH-BIZOP-QUERY] src/backend/vcc-financial-op/system-op-importer.js:953:9 原始 DB 句柄不能透传到读取 helper
[ARCH-BIZOP-QUERY] src/backend/vcc-financial-op/system-op-importer.js:976:15 原始 DB 句柄不能透传到读取 helper
[ARCH-BIZOP-QUERY] src/backend/vcc-financial-op/system-op-importer.js:985:22 原始 DB 句柄不能透传到读取 helper
[ARCH-BIZOP-QUERY] src/main-process/acquiring-bill-currency-multiworker-service.js:31:17 原始 DB 句柄不能透传到读取 helper
[ARCH-BIZOP-QUERY] src/main-process/acquiring-bill-currency-multiworker-service.js:63:12 原始 DB 句柄不能透传到读取 helper
[ARCH-BIZOP-QUERY] src/main-process/acquiring-bill-currency-run-data.js:118:19 读取协调器不能新建数据库连接
[ARCH-BIZOP-QUERY] src/main-process/acquiring-bill-currency-run-data.js:237:21 原始 DB 句柄不能透传到读取 helper
[ARCH-BIZOP-QUERY] src/main-process/acquiring-bill-currency-run-data.js:272:19 读取协调器不能新建数据库连接
[ARCH-BIZOP-QUERY] src/main-process/acquiring-bill-currency-run-data.js:328:14 原始 DB 句柄不能透传到读取 helper
[ARCH-BIZOP-QUERY] src/main-process/acquiring-bill-currency-run-data.js:332:19 原始 DB 句柄不能透传到读取 helper
[ARCH-BIZOP-QUERY] src/main-process/acquiring-bill-currency-run-data.js:346:15 读取协调器不能新建数据库连接
[ARCH-BIZOP-QUERY] src/main-process/acquiring-bill-currency-run-data.js:450:9 读取协调器不能新建数据库连接
[ARCH-BIZOP-QUERY] src/main-process/acquiring-bill-currency-run-data.js:456:22 原始 DB 句柄不能透传到读取 helper
[ARCH-BIZOP-QUERY] src/main-process/acquiring-bill-currency-run-data.js:467:6 原始 DB 句柄不能透传到读取 helper
[ARCH-BIZOP-QUERY] src/main-process/acquiring-bill-currency-run-data.js:665:11 读取协调器不能新建数据库连接
[ARCH-BIZOP-QUERY] src/main-process/acquiring-bill-currency-run-data.js:99:22 读取协调器不能新建数据库连接
[ARCH-BIZOP-QUERY] src/main-process/acquiring-bill-currency-session.js:1002:26 原始 DB 句柄不能透传到读取 helper
[ARCH-BIZOP-QUERY] src/main-process/acquiring-bill-currency-session.js:1006:6 原始 DB 句柄不能透传到读取 helper
[ARCH-BIZOP-QUERY] src/main-process/acquiring-bill-currency-session.js:1027:8 原始 DB 句柄不能透传到读取 helper
[ARCH-BIZOP-QUERY] src/main-process/acquiring-bill-currency-session.js:1053:6 原始 DB 句柄不能透传到读取 helper
[ARCH-BIZOP-QUERY] src/main-process/acquiring-bill-currency-session.js:1106:6 原始 DB 句柄不能透传到读取 helper
[ARCH-BIZOP-QUERY] src/main-process/acquiring-bill-currency-session.js:1111:8 读取协调器不得通过原始 DB 读取事实；使用 query facade / Archive repository
[ARCH-BIZOP-QUERY] src/main-process/acquiring-bill-currency-session.js:1113:8 原始 DB 句柄不能透传到读取 helper
[ARCH-BIZOP-QUERY] src/main-process/acquiring-bill-currency-session.js:1149:18 读取协调器不得通过原始 DB 读取事实；使用 query facade / Archive repository
[ARCH-BIZOP-QUERY] src/main-process/acquiring-bill-currency-session.js:1176:24 原始 DB 句柄不能透传到读取 helper
[ARCH-BIZOP-QUERY] src/main-process/acquiring-bill-currency-session.js:1214:6 原始 DB 句柄不能透传到读取 helper
[ARCH-BIZOP-QUERY] src/main-process/acquiring-bill-currency-session.js:1216:18 读取协调器不得通过原始 DB 读取事实；使用 query facade / Archive repository
[ARCH-BIZOP-QUERY] src/main-process/acquiring-bill-currency-session.js:1217:8 读取协调器不得通过原始 DB 读取事实；使用 query facade / Archive repository
[ARCH-BIZOP-QUERY] src/main-process/acquiring-bill-currency-session.js:1221:8 原始 DB 句柄不能透传到读取 helper
[ARCH-BIZOP-QUERY] src/main-process/acquiring-bill-currency-session.js:1248:17 读取协调器不得通过原始 DB 读取事实；使用 query facade / Archive repository
[ARCH-BIZOP-QUERY] src/main-process/acquiring-bill-currency-session.js:1261:6 原始 DB 句柄不能透传到读取 helper
[ARCH-BIZOP-QUERY] src/main-process/acquiring-bill-currency-session.js:1264:23 读取协调器不得通过原始 DB 读取事实；使用 query facade / Archive repository
[ARCH-BIZOP-QUERY] src/main-process/acquiring-bill-currency-session.js:1266:8 读取协调器不得通过原始 DB 读取事实；使用 query facade / Archive repository
[ARCH-BIZOP-QUERY] src/main-process/acquiring-bill-currency-session.js:1268:8 原始 DB 句柄不能透传到读取 helper
[ARCH-BIZOP-QUERY] src/main-process/acquiring-bill-currency-session.js:1293:20 原始 DB 句柄不能透传到读取 helper
[ARCH-BIZOP-QUERY] src/main-process/acquiring-bill-currency-session.js:1294:20 原始 DB 句柄不能透传到读取 helper
[ARCH-BIZOP-QUERY] src/main-process/acquiring-bill-currency-session.js:1315:2 原始 DB 句柄不能透传到读取 helper
[ARCH-BIZOP-QUERY] src/main-process/acquiring-bill-currency-session.js:1320:9 原始 DB 句柄不能透传到读取 helper
[ARCH-BIZOP-QUERY] src/main-process/acquiring-bill-currency-session.js:200:8 读取协调器不得通过原始 DB 读取事实；使用 query facade / Archive repository
[ARCH-BIZOP-QUERY] src/main-process/acquiring-bill-currency-session.js:208:2 读取协调器不得通过原始 DB 读取事实；使用 query facade / Archive repository
[ARCH-BIZOP-QUERY] src/main-process/acquiring-bill-currency-session.js:224:47 原始 DB 句柄不能透传到读取 helper
[ARCH-BIZOP-QUERY] src/main-process/acquiring-bill-currency-session.js:267:2 原始 DB 句柄不能透传到读取 helper
[ARCH-BIZOP-QUERY] src/main-process/acquiring-bill-currency-session.js:290:4 读取协调器不得通过原始 DB 读取事实；使用 query facade / Archive repository
[ARCH-BIZOP-QUERY] src/main-process/acquiring-bill-currency-session.js:293:10 读取协调器不得通过原始 DB 读取事实；使用 query facade / Archive repository
[ARCH-BIZOP-QUERY] src/main-process/acquiring-bill-currency-session.js:301:4 原始 DB 句柄不能透传到读取 helper
[ARCH-BIZOP-QUERY] src/main-process/acquiring-bill-currency-session.js:324:47 原始 DB 句柄不能透传到读取 helper
[ARCH-BIZOP-QUERY] src/main-process/acquiring-bill-currency-session.js:362:2 原始 DB 句柄不能透传到读取 helper
[ARCH-BIZOP-QUERY] src/main-process/acquiring-bill-currency-session.js:365:29 原始 DB 句柄不能透传到读取 helper
[ARCH-BIZOP-QUERY] src/main-process/acquiring-bill-currency-session.js:391:4 读取协调器不得通过原始 DB 读取事实；使用 query facade / Archive repository
[ARCH-BIZOP-QUERY] src/main-process/acquiring-bill-currency-session.js:393:10 读取协调器不得通过原始 DB 读取事实；使用 query facade / Archive repository
[ARCH-BIZOP-QUERY] src/main-process/acquiring-bill-currency-session.js:401:4 原始 DB 句柄不能透传到读取 helper
[ARCH-BIZOP-QUERY] src/main-process/acquiring-bill-currency-session.js:438:20 原始 DB 句柄不能透传到读取 helper
[ARCH-BIZOP-QUERY] src/main-process/acquiring-bill-currency-session.js:597:32 原始 DB 句柄不能透传到读取 helper
[ARCH-BIZOP-QUERY] src/main-process/acquiring-bill-currency-session.js:606:35 原始 DB 句柄不能透传到读取 helper
[ARCH-BIZOP-QUERY] src/main-process/acquiring-bill-currency-session.js:612:4 原始 DB 句柄不能透传到读取 helper
[ARCH-BIZOP-QUERY] src/main-process/acquiring-bill-currency-session.js:619:6 原始 DB 句柄不能透传到读取 helper
[ARCH-BIZOP-QUERY] src/main-process/acquiring-bill-currency-session.js:622:8 原始 DB 句柄不能透传到读取 helper
[ARCH-BIZOP-QUERY] src/main-process/acquiring-bill-currency-session.js:631:14 原始 DB 句柄不能透传到读取 helper
[ARCH-BIZOP-QUERY] src/main-process/acquiring-bill-currency-session.js:634:8 原始 DB 句柄不能透传到读取 helper
[ARCH-BIZOP-QUERY] src/main-process/acquiring-bill-currency-session.js:643:14 原始 DB 句柄不能透传到读取 helper
[ARCH-BIZOP-QUERY] src/main-process/acquiring-bill-currency-session.js:655:8 原始 DB 句柄不能透传到读取 helper
[ARCH-BIZOP-QUERY] src/main-process/acquiring-bill-currency-session.js:673:6 原始 DB 句柄不能透传到读取 helper
[ARCH-BIZOP-QUERY] src/main-process/acquiring-bill-currency-session.js:684:6 读取协调器不得通过原始 DB 读取事实；使用 query facade / Archive repository
[ARCH-BIZOP-QUERY] src/main-process/acquiring-bill-currency-session.js:686:6 原始 DB 句柄不能透传到读取 helper
[ARCH-BIZOP-QUERY] src/main-process/acquiring-bill-currency-session.js:693:24 原始 DB 句柄不能透传到读取 helper
[ARCH-BIZOP-QUERY] src/main-process/acquiring-bill-currency-session.js:735:27 读取协调器不得通过原始 DB 读取事实；使用 query facade / Archive repository
[ARCH-BIZOP-QUERY] src/main-process/acquiring-bill-currency-session.js:789:28 原始 DB 句柄不能透传到读取 helper
[ARCH-BIZOP-QUERY] src/main-process/acquiring-bill-currency-session.js:817:8 原始 DB 句柄不能透传到读取 helper
[ARCH-BIZOP-QUERY] src/main-process/acquiring-bill-currency-session.js:838:8 原始 DB 句柄不能透传到读取 helper
[ARCH-BIZOP-QUERY] src/main-process/acquiring-bill-currency-session.js:840:22 原始 DB 句柄不能透传到读取 helper
[ARCH-BIZOP-QUERY] src/main-process/acquiring-bill-currency-session.js:849:10 原始 DB 句柄不能透传到读取 helper
[ARCH-BIZOP-QUERY] src/main-process/acquiring-bill-currency-session.js:879:31 原始 DB 句柄不能透传到读取 helper
[ARCH-BIZOP-QUERY] src/main-process/acquiring-bill-currency-session.js:882:8 原始 DB 句柄不能透传到读取 helper
[ARCH-BIZOP-QUERY] src/main-process/acquiring-bill-currency-session.js:892:8 原始 DB 句柄不能透传到读取 helper
[ARCH-BIZOP-QUERY] src/main-process/acquiring-bill-currency-session.js:935:6 原始 DB 句柄不能透传到读取 helper
[ARCH-BIZOP-QUERY] src/main-process/acquiring-bill-currency-session.js:965:30 原始 DB 句柄不能透传到读取 helper
[ARCH-BIZOP-QUERY] src/main-process/acquiring-bill-currency-session.js:971:8 原始 DB 句柄不能透传到读取 helper
[ARCH-BIZOP-QUERY] src/main-process/acquiring-bill-currency-session.js:979:28 原始 DB 句柄不能透传到读取 helper
[ARCH-BIZOP-QUERY] src/main-process/acquiring-bill-currency-writer.js:138:21 原始 DB 句柄不能透传到读取 helper
[ARCH-BIZOP-QUERY] src/main-process/acquiring-bill-currency-writer.js:165:22 原始 DB 句柄不能透传到读取 helper
[ARCH-BIZOP-QUERY] src/main-process/acquiring-bill-currency-writer.js:255:14 原始 DB 句柄不能透传到读取 helper
[ARCH-BIZOP-QUERY] src/main-process/acquiring-bill-currency-writer.js:269:20 读取协调器不得通过原始 DB 读取事实；使用 query facade / Archive repository
[ARCH-BIZOP-QUERY] src/main-process/acquiring-bill-currency-writer.js:270:25 读取协调器不得通过原始 DB 读取事实；使用 query facade / Archive repository
[ARCH-BIZOP-QUERY] src/main-process/acquiring-bill-currency-writer.js:279:20 读取协调器不得通过原始 DB 读取事实；使用 query facade / Archive repository
[ARCH-BIZOP-QUERY] src/main-process/acquiring-bill-currency-writer.js:280:25 读取协调器不得通过原始 DB 读取事实；使用 query facade / Archive repository
[ARCH-BIZOP-QUERY] src/main-process/acquiring-bill-currency-writer.js:287:19 读取协调器不得通过原始 DB 读取事实；使用 query facade / Archive repository
[ARCH-BIZOP-QUERY] src/main-process/acquiring-bill-currency-writer.js:297:19 读取协调器不得通过原始 DB 读取事实；使用 query facade / Archive repository
[ARCH-BIZOP-QUERY] src/main-process/acquiring-bill-currency-writer.js:307:19 读取协调器不得通过原始 DB 读取事实；使用 query facade / Archive repository
[ARCH-BIZOP-QUERY] src/main-process/acquiring-bill-currency-writer.js:314:17 读取协调器不得通过原始 DB 读取事实；使用 query facade / Archive repository
[ARCH-BIZOP-QUERY] src/main-process/acquiring-bill-currency-writer.js:330:20 读取协调器不得通过原始 DB 读取事实；使用 query facade / Archive repository
[ARCH-BIZOP-QUERY] src/main-process/acquiring-bill-currency-writer.js:340:20 读取协调器不得通过原始 DB 读取事实；使用 query facade / Archive repository
[ARCH-BIZOP-QUERY] src/main-process/background-execution/canary/canary-schema.js:7:2 读取协调器不得通过原始 DB 读取事实；使用 query facade / Archive repository
[ARCH-BIZOP-QUERY] src/main-process/background-execution/canary/durable-worker.js:10:11 读取协调器不能新建数据库连接
[ARCH-BIZOP-QUERY] src/main-process/background-execution/critical/recovery-control-read-repository.js:156:2 原始 DB 句柄不能透传到读取 helper
[ARCH-BIZOP-QUERY] src/main-process/background-execution/critical/recovery-control-read-repository.js:162:35 读取协调器不得通过原始 DB 读取事实；使用 query facade / Archive repository
[ARCH-BIZOP-QUERY] src/main-process/background-execution/critical/recovery-control-read-repository.js:171:35 读取协调器不得通过原始 DB 读取事实；使用 query facade / Archive repository
[ARCH-BIZOP-QUERY] src/main-process/background-execution/critical/recovery-control-read-repository.js:178:13 读取协调器不得通过原始 DB 读取事实；使用 query facade / Archive repository
[ARCH-BIZOP-QUERY] src/main-process/background-execution/critical/recovery-control-read-repository.js:189:13 读取协调器不得通过原始 DB 读取事实；使用 query facade / Archive repository
[ARCH-BIZOP-QUERY] src/main-process/background-execution/critical/recovery-control-read-repository.js:201:33 读取协调器不得通过原始 DB 读取事实；使用 query facade / Archive repository
[ARCH-BIZOP-QUERY] src/main-process/background-execution/critical/recovery-control-read-repository.js:210:33 读取协调器不得通过原始 DB 读取事实；使用 query facade / Archive repository
[ARCH-BIZOP-QUERY] src/main-process/background-execution/critical/recovery-control-read-repository.js:217:13 读取协调器不得通过原始 DB 读取事实；使用 query facade / Archive repository
[ARCH-BIZOP-QUERY] src/main-process/background-execution/critical/recovery-control-read-repository.js:229:18 读取协调器不得通过原始 DB 读取事实；使用 query facade / Archive repository
[ARCH-BIZOP-QUERY] src/main-process/background-execution/critical/recovery-control-read-repository.js:256:13 读取协调器不得通过原始 DB 读取事实；使用 query facade / Archive repository
[ARCH-BIZOP-QUERY] src/main-process/biz-op-archive-lineage.js:30:13 原始 DB 句柄不能透传到读取 helper
[ARCH-BIZOP-QUERY] src/main-process/biz-op-archive-lineage.js:31:13 原始 DB 句柄不能透传到读取 helper
[ARCH-BIZOP-QUERY] src/main-process/biz-op-archive-lineage.js:32:15 原始 DB 句柄不能透传到读取 helper
[ARCH-BIZOP-QUERY] src/main-process/biz-op-recon-run-data.js:519:20 原始 DB 句柄不能透传到读取 helper
[ARCH-BIZOP-QUERY] src/main-process/biz-op-recon-run-data.js:668:16 读取协调器不能新建数据库连接
[ARCH-BIZOP-QUERY] src/main-process/biz-op-recon-run-data.js:710:16 读取协调器不能新建数据库连接
[ARCH-BIZOP-QUERY] src/main-process/biz-op-recon-session.js:1039:11 原始 DB 句柄不能透传到读取 helper
[ARCH-BIZOP-QUERY] src/main-process/biz-op-recon-session.js:1072:11 原始 DB 句柄不能透传到读取 helper
[ARCH-BIZOP-QUERY] src/main-process/biz-op-recon-session.js:118:2 原始 DB 句柄不能透传到读取 helper
[ARCH-BIZOP-QUERY] src/main-process/biz-op-recon-session.js:125:13 读取协调器不能新建数据库连接
[ARCH-BIZOP-QUERY] src/main-process/biz-op-recon-session.js:144:9 原始 DB 句柄不能透传到读取 helper
[ARCH-BIZOP-QUERY] src/main-process/biz-op-recon-session.js:339:2 读取协调器不得通过原始 DB 读取事实；使用 query facade / Archive repository
[ARCH-BIZOP-QUERY] src/main-process/biz-op-recon-session.js:342:21 原始 DB 句柄不能透传到读取 helper
[ARCH-BIZOP-QUERY] src/main-process/biz-op-recon-session.js:343:21 原始 DB 句柄不能透传到读取 helper
[ARCH-BIZOP-QUERY] src/main-process/biz-op-recon-session.js:344:23 原始 DB 句柄不能透传到读取 helper
[ARCH-BIZOP-QUERY] src/main-process/biz-op-recon-session.js:353:19 原始 DB 句柄不能透传到读取 helper
[ARCH-BIZOP-QUERY] src/main-process/biz-op-recon-session.js:354:19 原始 DB 句柄不能透传到读取 helper
[ARCH-BIZOP-QUERY] src/main-process/biz-op-recon-session.js:355:19 原始 DB 句柄不能透传到读取 helper
[ARCH-BIZOP-QUERY] src/main-process/biz-op-recon-session.js:439:8 原始 DB 句柄不能透传到读取 helper
[ARCH-BIZOP-QUERY] src/main-process/biz-op-recon-session.js:445:8 原始 DB 句柄不能透传到读取 helper
[ARCH-BIZOP-QUERY] src/main-process/biz-op-recon-session.js:451:4 原始 DB 句柄不能透传到读取 helper
[ARCH-BIZOP-QUERY] src/main-process/biz-op-recon-session.js:452:4 读取协调器不得通过原始 DB 读取事实；使用 query facade / Archive repository
[ARCH-BIZOP-QUERY] src/main-process/biz-op-recon-session.js:455:4 读取协调器不得通过原始 DB 读取事实；使用 query facade / Archive repository
[ARCH-BIZOP-QUERY] src/main-process/biz-op-recon-session.js:475:9 原始 DB 句柄不能透传到读取 helper
[ARCH-BIZOP-QUERY] src/main-process/biz-op-recon-session.js:485:9 原始 DB 句柄不能透传到读取 helper
[ARCH-BIZOP-QUERY] src/main-process/biz-op-recon-session.js:563:2 读取协调器不得通过原始 DB 读取事实；使用 query facade / Archive repository
[ARCH-BIZOP-QUERY] src/main-process/biz-op-recon-session.js:566:6 原始 DB 句柄不能透传到读取 helper
[ARCH-BIZOP-QUERY] src/main-process/biz-op-recon-session.js:570:4 原始 DB 句柄不能透传到读取 helper
[ARCH-BIZOP-QUERY] src/main-process/biz-op-recon-session.js:571:4 原始 DB 句柄不能透传到读取 helper
[ARCH-BIZOP-QUERY] src/main-process/biz-op-recon-session.js:572:4 原始 DB 句柄不能透传到读取 helper
[ARCH-BIZOP-QUERY] src/main-process/biz-op-recon-session.js:573:4 原始 DB 句柄不能透传到读取 helper
[ARCH-BIZOP-QUERY] src/main-process/biz-op-recon-session.js:574:4 原始 DB 句柄不能透传到读取 helper
[ARCH-BIZOP-QUERY] src/main-process/biz-op-recon-session.js:576:4 原始 DB 句柄不能透传到读取 helper
[ARCH-BIZOP-QUERY] src/main-process/biz-op-recon-session.js:579:4 原始 DB 句柄不能透传到读取 helper
[ARCH-BIZOP-QUERY] src/main-process/biz-op-recon-session.js:580:4 读取协调器不得通过原始 DB 读取事实；使用 query facade / Archive repository
[ARCH-BIZOP-QUERY] src/main-process/biz-op-recon-session.js:582:4 读取协调器不得通过原始 DB 读取事实；使用 query facade / Archive repository
[ARCH-BIZOP-QUERY] src/main-process/biz-op-recon-session.js:661:2 读取协调器不得通过原始 DB 读取事实；使用 query facade / Archive repository
[ARCH-BIZOP-QUERY] src/main-process/biz-op-recon-session.js:663:21 原始 DB 句柄不能透传到读取 helper
[ARCH-BIZOP-QUERY] src/main-process/biz-op-recon-session.js:670:4 原始 DB 句柄不能透传到读取 helper
[ARCH-BIZOP-QUERY] src/main-process/biz-op-recon-session.js:671:4 原始 DB 句柄不能透传到读取 helper
[ARCH-BIZOP-QUERY] src/main-process/biz-op-recon-session.js:672:4 原始 DB 句柄不能透传到读取 helper
[ARCH-BIZOP-QUERY] src/main-process/biz-op-recon-session.js:673:4 原始 DB 句柄不能透传到读取 helper
[ARCH-BIZOP-QUERY] src/main-process/biz-op-recon-session.js:676:4 读取协调器不得通过原始 DB 读取事实；使用 query facade / Archive repository
[ARCH-BIZOP-QUERY] src/main-process/biz-op-recon-session.js:678:4 读取协调器不得通过原始 DB 读取事实；使用 query facade / Archive repository
[ARCH-BIZOP-QUERY] src/main-process/biz-op-recon-writer.js:58:19 原始 DB 句柄不能透传到读取 helper
[ARCH-BIZOP-QUERY] src/main-process/biz-op-recon-writer.js:62:22 原始 DB 句柄不能透传到读取 helper
[ARCH-BIZOP-QUERY] src/main-process/biz-op-recon-writer.js:88:23 原始 DB 句柄不能透传到读取 helper
[ARCH-BIZOP-QUERY] src/main-process/biz-op-recon-writer.js:97:21 原始 DB 句柄不能透传到读取 helper
[ARCH-BIZOP-QUERY] src/main-process/biz-op-recon-writer.js:99:24 原始 DB 句柄不能透传到读取 helper
[ARCH-BIZOP-QUERY] src/main-process/biz-op-v327/candidate-router.js:138:21 读取协调器不能新建数据库连接
[ARCH-BIZOP-QUERY] src/main-process/biz-op-v327/candidate-router.js:17:2 读取协调器不得通过原始 DB 读取事实；使用 query facade / Archive repository
[ARCH-BIZOP-QUERY] src/main-process/biz-op-v327/candidate-router.js:30:2 读取协调器不得通过原始 DB 读取事实；使用 query facade / Archive repository
[ARCH-BIZOP-QUERY] src/main-process/biz-op-v327/candidate-router.js:76:15 读取协调器不能新建数据库连接
[ARCH-BIZOP-QUERY] src/main-process/biz-op-v327/compute-pipeline.js:29:13 读取协调器不能新建数据库连接
[ARCH-BIZOP-QUERY] src/main-process/biz-op-v327/compute-pipeline.js:65:13 读取协调器不能新建数据库连接
[ARCH-BIZOP-QUERY] src/main-process/biz-op-v327/export-spool.js:22:13 读取协调器不能新建数据库连接
[ARCH-BIZOP-QUERY] src/main-process/biz-op-v327/result-sink.js:13:2 读取协调器不得通过原始 DB 读取事实；使用 query facade / Archive repository
[ARCH-BIZOP-QUERY] src/main-process/biz-op-v327/result-sink.js:46:15 读取协调器不能新建数据库连接
[ARCH-BIZOP-QUERY] src/main-process/biz-op-v327/upgrade-legacy.js:52:21 读取协调器不能新建数据库连接
[ARCH-BIZOP-QUERY] src/main-process/biz-op-v327/upgrade-legacy.js:59:17 读取协调器不得通过原始 DB 读取事实；使用 query facade / Archive repository
[ARCH-BIZOP-QUERY] src/main-process/biz-op-v327/upgrade-legacy.js:69:20 读取协调器不得通过原始 DB 读取事实；使用 query facade / Archive repository
[ARCH-BIZOP-QUERY] src/main-process/biz-op-v327/upgrade-legacy.js:74:48 读取协调器不得通过原始 DB 读取事实；使用 query facade / Archive repository
[ARCH-BIZOP-QUERY] src/main-process/biz-op-v327/upgrade-legacy.js:76:66 读取协调器不得通过原始 DB 读取事实；使用 query facade / Archive repository
[ARCH-BIZOP-QUERY] src/main-process/biz-op-v327/upgrade-legacy.js:91:15 读取协调器不能新建数据库连接
[ARCH-BIZOP-QUERY] src/main-process/biz-op-v327/worker-entry.js:80:13 读取协调器不能新建数据库连接
[ARCH-BIZOP-QUERY] src/main-process/duplicate-inbound-match/mirror-database.js:19:13 读取协调器不能新建数据库连接
[ARCH-BIZOP-QUERY] src/main-process/duplicate-inbound-match/operation-receipt-repository.js:139:2 原始 DB 句柄不能透传到读取 helper
[ARCH-BIZOP-QUERY] src/main-process/duplicate-inbound-match/operation-receipt-repository.js:140:20 读取协调器不得通过原始 DB 读取事实；使用 query facade / Archive repository
[ARCH-BIZOP-QUERY] src/main-process/duplicate-inbound-match/operation-receipt-repository.js:147:2 原始 DB 句柄不能透传到读取 helper
[ARCH-BIZOP-QUERY] src/main-process/duplicate-inbound-match/operation-receipt-repository.js:148:9 读取协调器不得通过原始 DB 读取事实；使用 query facade / Archive repository
[ARCH-BIZOP-QUERY] src/main-process/duplicate-inbound-match/operation-receipt-repository.js:155:2 原始 DB 句柄不能透传到读取 helper
[ARCH-BIZOP-QUERY] src/main-process/duplicate-inbound-match/operation-receipt-repository.js:156:17 读取协调器不得通过原始 DB 读取事实；使用 query facade / Archive repository
[ARCH-BIZOP-QUERY] src/main-process/duplicate-inbound-match/operation-receipt-repository.js:162:2 原始 DB 句柄不能透传到读取 helper
[ARCH-BIZOP-QUERY] src/main-process/duplicate-inbound-match/operation-receipt-repository.js:170:19 读取协调器不得通过原始 DB 读取事实；使用 query facade / Archive repository
[ARCH-BIZOP-QUERY] src/main-process/duplicate-inbound-match/operation-receipt-repository.js:186:18 原始 DB 句柄不能透传到读取 helper
[ARCH-BIZOP-QUERY] src/main-process/duplicate-inbound-match/startup-gate.js:66:11 读取协调器不能新建数据库连接
[ARCH-BIZOP-QUERY] src/main-process/duplicate-inbound-match/startup-gate.js:68:29 原始 DB 句柄不能透传到读取 helper
[ARCH-BIZOP-QUERY] src/main-process/duplicate-inbound-match/startup-gate.js:75:24 原始 DB 句柄不能透传到读取 helper
[ARCH-BIZOP-QUERY] src/main-process/duplicate-inbound-match/startup-gate.js:91:14 原始 DB 句柄不能透传到读取 helper
[ARCH-BIZOP-QUERY] src/main-process/duplicate-inbound-match/startup-recovery.js:120:15 读取协调器不能新建数据库连接
[ARCH-BIZOP-QUERY] src/main-process/duplicate-inbound-match/startup-recovery.js:139:8 读取协调器不得通过原始 DB 读取事实；使用 query facade / Archive repository
[ARCH-BIZOP-QUERY] src/main-process/duplicate-inbound-match/startup-recovery.js:177:15 读取协调器不能新建数据库连接
[ARCH-BIZOP-QUERY] src/main-process/duplicate-inbound-match/startup-recovery.js:215:21 原始 DB 句柄不能透传到读取 helper
[ARCH-BIZOP-QUERY] src/main-process/duplicate-inbound-match/startup-recovery.js:216:25 原始 DB 句柄不能透传到读取 helper
[ARCH-BIZOP-QUERY] src/main-process/duplicate-inbound-match/startup-recovery.js:218:10 原始 DB 句柄不能透传到读取 helper
[ARCH-BIZOP-QUERY] src/main-process/duplicate-inbound-match/startup-recovery.js:221:10 读取协调器不得通过原始 DB 读取事实；使用 query facade / Archive repository
[ARCH-BIZOP-QUERY] src/main-process/duplicate-inbound-match/startup-recovery.js:225:10 读取协调器不得通过原始 DB 读取事实；使用 query facade / Archive repository
[ARCH-BIZOP-QUERY] src/main-process/duplicate-inbound-match/startup-recovery.js:237:12 读取协调器不得通过原始 DB 读取事实；使用 query facade / Archive repository
[ARCH-BIZOP-QUERY] src/main-process/duplicate-inbound-match/startup-recovery.js:241:12 读取协调器不得通过原始 DB 读取事实；使用 query facade / Archive repository
[ARCH-BIZOP-QUERY] src/main-process/duplicate-inbound-match/startup-recovery.js:247:24 原始 DB 句柄不能透传到读取 helper
[ARCH-BIZOP-QUERY] src/main-process/duplicate-inbound-match/startup-recovery.js:262:39 读取协调器不得通过原始 DB 读取事实；使用 query facade / Archive repository
[ARCH-BIZOP-QUERY] src/main-process/duplicate-inbound-match/startup-recovery.js:268:43 读取协调器不得通过原始 DB 读取事实；使用 query facade / Archive repository
[ARCH-BIZOP-QUERY] src/main-process/duplicate-inbound-match/startup-recovery.js:53:17 读取协调器不得通过原始 DB 读取事实；使用 query facade / Archive repository
[ARCH-BIZOP-QUERY] src/main-process/fund-recon-worker/artifact-generator.js:192:22 原始 DB 句柄不能透传到读取 helper
[ARCH-BIZOP-QUERY] src/main-process/fund-recon-worker/artifact-generator.js:247:10 原始 DB 句柄不能透传到读取 helper
[ARCH-BIZOP-QUERY] src/main-process/fund-recon-worker/evidence-provider.js:110:28 原始 DB 句柄不能透传到读取 helper
[ARCH-BIZOP-QUERY] src/main-process/fund-recon-worker/evidence-provider.js:25:13 读取协调器不能新建数据库连接
[ARCH-BIZOP-QUERY] src/main-process/fund-recon-worker/evidence-provider.js:46:9 原始 DB 句柄不能透传到读取 helper
[ARCH-BIZOP-QUERY] src/main-process/fund-recon-worker/evidence-provider.js:47:19 原始 DB 句柄不能透传到读取 helper
[ARCH-BIZOP-QUERY] src/main-process/fund-recon-worker/evidence-provider.js:50:8 原始 DB 句柄不能透传到读取 helper
[ARCH-BIZOP-QUERY] src/main-process/position-reconciliation/common.js:117:2 读取协调器不得通过原始 DB 读取事实；使用 query facade / Archive repository
[ARCH-BIZOP-QUERY] src/main-process/position-reconciliation/common.js:120:4 读取协调器不得通过原始 DB 读取事实；使用 query facade / Archive repository
[ARCH-BIZOP-QUERY] src/main-process/position-reconciliation/common.js:124:6 读取协调器不得通过原始 DB 读取事实；使用 query facade / Archive repository
[ARCH-BIZOP-QUERY] src/main-process/position-reconciliation/import-recovery.js:111:2 读取协调器不得通过原始 DB 读取事实；使用 query facade / Archive repository
[ARCH-BIZOP-QUERY] src/main-process/position-reconciliation/import-recovery.js:120:22 读取协调器不得通过原始 DB 读取事实；使用 query facade / Archive repository
[ARCH-BIZOP-QUERY] src/main-process/position-reconciliation/import-recovery.js:129:21 读取协调器不得通过原始 DB 读取事实；使用 query facade / Archive repository
[ARCH-BIZOP-QUERY] src/main-process/position-reconciliation/import-recovery.js:149:16 读取协调器不得通过原始 DB 读取事实；使用 query facade / Archive repository
[ARCH-BIZOP-QUERY] src/main-process/position-reconciliation/import-recovery.js:169:21 读取协调器不得通过原始 DB 读取事实；使用 query facade / Archive repository
[ARCH-BIZOP-QUERY] src/main-process/position-reconciliation/import-recovery.js:207:29 读取协调器不得通过原始 DB 读取事实；使用 query facade / Archive repository
[ARCH-BIZOP-QUERY] src/main-process/position-reconciliation/import-recovery.js:212:29 读取协调器不得通过原始 DB 读取事实；使用 query facade / Archive repository
[ARCH-BIZOP-QUERY] src/main-process/position-reconciliation/import-recovery.js:438:13 读取协调器不能新建数据库连接
[ARCH-BIZOP-QUERY] src/main-process/position-reconciliation/large-import-schema.js:125:26 原始 DB 句柄不能透传到读取 helper
[ARCH-BIZOP-QUERY] src/main-process/position-reconciliation/large-import-schema.js:126:24 原始 DB 句柄不能透传到读取 helper
[ARCH-BIZOP-QUERY] src/main-process/position-reconciliation/large-import-schema.js:127:31 原始 DB 句柄不能透传到读取 helper
[ARCH-BIZOP-QUERY] src/main-process/position-reconciliation/large-import-schema.js:193:13 原始 DB 句柄不能透传到读取 helper
[ARCH-BIZOP-QUERY] src/main-process/position-reconciliation/large-import-schema.js:213:2 原始 DB 句柄不能透传到读取 helper
[ARCH-BIZOP-QUERY] src/main-process/position-reconciliation/large-import-schema.js:214:20 原始 DB 句柄不能透传到读取 helper
[ARCH-BIZOP-QUERY] src/main-process/position-reconciliation/large-import-schema.js:220:19 原始 DB 句柄不能透传到读取 helper
[ARCH-BIZOP-QUERY] src/main-process/position-reconciliation/large-import-schema.js:221:22 原始 DB 句柄不能透传到读取 helper
[ARCH-BIZOP-QUERY] src/main-process/position-reconciliation/large-import-schema.js:222:22 原始 DB 句柄不能透传到读取 helper
[ARCH-BIZOP-QUERY] src/main-process/position-reconciliation/large-import-schema.js:228:2 原始 DB 句柄不能透传到读取 helper
[ARCH-BIZOP-QUERY] src/main-process/position-reconciliation/large-import-schema.js:229:21 原始 DB 句柄不能透传到读取 helper
[ARCH-BIZOP-QUERY] src/main-process/position-reconciliation/large-import-schema.js:236:2 原始 DB 句柄不能透传到读取 helper
[ARCH-BIZOP-QUERY] src/main-process/position-reconciliation/large-import-schema.js:237:29 读取协调器不得通过原始 DB 读取事实；使用 query facade / Archive repository
[ARCH-BIZOP-QUERY] src/main-process/position-reconciliation/large-import-schema.js:245:16 读取协调器不得通过原始 DB 读取事实；使用 query facade / Archive repository
[ARCH-BIZOP-QUERY] src/main-process/position-reconciliation/large-import-schema.js:248:30 原始 DB 句柄不能透传到读取 helper
[ARCH-BIZOP-QUERY] src/main-process/position-reconciliation/large-import-schema.js:297:24 原始 DB 句柄不能透传到读取 helper
[ARCH-BIZOP-QUERY] src/main-process/position-reconciliation/large-import-schema.js:298:22 原始 DB 句柄不能透传到读取 helper
[ARCH-BIZOP-QUERY] src/main-process/position-reconciliation/large-import-schema.js:299:26 原始 DB 句柄不能透传到读取 helper
[ARCH-BIZOP-QUERY] src/main-process/position-reconciliation/large-import-schema.js:316:24 读取协调器不得通过原始 DB 读取事实；使用 query facade / Archive repository
[ARCH-BIZOP-QUERY] src/main-process/position-reconciliation/large-import-schema.js:332:21 读取协调器不得通过原始 DB 读取事实；使用 query facade / Archive repository
[ARCH-BIZOP-QUERY] src/main-process/position-reconciliation/large-import-schema.js:369:2 原始 DB 句柄不能透传到读取 helper
[ARCH-BIZOP-QUERY] src/main-process/position-reconciliation/large-import-schema.js:370:32 读取协调器不得通过原始 DB 读取事实；使用 query facade / Archive repository
[ARCH-BIZOP-QUERY] src/main-process/position-reconciliation/large-import-schema.js:389:2 读取协调器不得通过原始 DB 读取事实；使用 query facade / Archive repository
[ARCH-BIZOP-QUERY] src/main-process/position-reconciliation/large-import-schema.js:398:2 读取协调器不得通过原始 DB 读取事实；使用 query facade / Archive repository
[ARCH-BIZOP-QUERY] src/main-process/position-reconciliation/large-import-schema.js:418:29 读取协调器不得通过原始 DB 读取事实；使用 query facade / Archive repository
[ARCH-BIZOP-QUERY] src/main-process/position-reconciliation/large-import-schema.js:439:2 读取协调器不得通过原始 DB 读取事实；使用 query facade / Archive repository
[ARCH-BIZOP-QUERY] src/main-process/position-reconciliation/large-import-schema.js:456:35 读取协调器不得通过原始 DB 读取事实；使用 query facade / Archive repository
[ARCH-BIZOP-QUERY] src/main-process/position-reconciliation/large-import-schema.js:480:31 读取协调器不得通过原始 DB 读取事实；使用 query facade / Archive repository
[ARCH-BIZOP-QUERY] src/main-process/position-reconciliation/large-import-schema.js:504:30 读取协调器不得通过原始 DB 读取事实；使用 query facade / Archive repository
[ARCH-BIZOP-QUERY] src/main-process/position-reconciliation/large-import-schema.js:511:22 读取协调器不得通过原始 DB 读取事实；使用 query facade / Archive repository
[ARCH-BIZOP-QUERY] src/main-process/position-reconciliation/large-import-schema.js:530:17 读取协调器不得通过原始 DB 读取事实；使用 query facade / Archive repository
[ARCH-BIZOP-QUERY] src/main-process/position-reconciliation/large-import-schema.js:535:25 读取协调器不得通过原始 DB 读取事实；使用 query facade / Archive repository
[ARCH-BIZOP-QUERY] src/main-process/position-reconciliation/large-import-schema.js:540:27 读取协调器不得通过原始 DB 读取事实；使用 query facade / Archive repository
[ARCH-BIZOP-QUERY] src/main-process/position-reconciliation/large-import-schema.js:647:2 读取协调器不得通过原始 DB 读取事实；使用 query facade / Archive repository
[ARCH-BIZOP-QUERY] src/main-process/position-reconciliation/large-import-schema.js:752:2 原始 DB 句柄不能透传到读取 helper
[ARCH-BIZOP-QUERY] src/main-process/position-reconciliation/large-import-schema.js:754:2 读取协调器不得通过原始 DB 读取事实；使用 query facade / Archive repository
[ARCH-BIZOP-QUERY] src/main-process/position-reconciliation/large-import-schema.js:767:2 读取协调器不得通过原始 DB 读取事实；使用 query facade / Archive repository
[ARCH-BIZOP-QUERY] src/main-process/position-reconciliation/large-import-schema.js:788:2 读取协调器不得通过原始 DB 读取事实；使用 query facade / Archive repository
[ARCH-BIZOP-QUERY] src/main-process/position-reconciliation/large-import-schema.js:814:2 读取协调器不得通过原始 DB 读取事实；使用 query facade / Archive repository
[ARCH-BIZOP-QUERY] src/main-process/position-reconciliation/large-import-schema.js:816:29 原始 DB 句柄不能透传到读取 helper
[ARCH-BIZOP-QUERY] src/main-process/position-reconciliation/large-import-schema.js:823:4 原始 DB 句柄不能透传到读取 helper
[ARCH-BIZOP-QUERY] src/main-process/position-reconciliation/large-import-schema.js:824:24 原始 DB 句柄不能透传到读取 helper
[ARCH-BIZOP-QUERY] src/main-process/position-reconciliation/large-import-schema.js:828:8 原始 DB 句柄不能透传到读取 helper
[ARCH-BIZOP-QUERY] src/main-process/position-reconciliation/large-import-schema.js:837:6 原始 DB 句柄不能透传到读取 helper
[ARCH-BIZOP-QUERY] src/main-process/position-reconciliation/large-import-schema.js:838:6 原始 DB 句柄不能透传到读取 helper
[ARCH-BIZOP-QUERY] src/main-process/position-reconciliation/large-import-schema.js:839:6 原始 DB 句柄不能透传到读取 helper
[ARCH-BIZOP-QUERY] src/main-process/position-reconciliation/large-import-schema.js:840:6 原始 DB 句柄不能透传到读取 helper
[ARCH-BIZOP-QUERY] src/main-process/position-reconciliation/large-import-schema.js:842:4 原始 DB 句柄不能透传到读取 helper
[ARCH-BIZOP-QUERY] src/main-process/position-reconciliation/large-import-schema.js:843:4 原始 DB 句柄不能透传到读取 helper
[ARCH-BIZOP-QUERY] src/main-process/position-reconciliation/large-import-schema.js:844:31 读取协调器不得通过原始 DB 读取事实；使用 query facade / Archive repository
[ARCH-BIZOP-QUERY] src/main-process/position-reconciliation/large-import-schema.js:851:24 原始 DB 句柄不能透传到读取 helper
[ARCH-BIZOP-QUERY] src/main-process/position-reconciliation/large-import-schema.js:852:4 原始 DB 句柄不能透传到读取 helper
[ARCH-BIZOP-QUERY] src/main-process/position-reconciliation/large-import-schema.js:853:23 读取协调器不得通过原始 DB 读取事实；使用 query facade / Archive repository
[ARCH-BIZOP-QUERY] src/main-process/position-reconciliation/large-import-schema.js:860:28 原始 DB 句柄不能透传到读取 helper
[ARCH-BIZOP-QUERY] src/main-process/position-reconciliation/large-import-schema.js:867:4 读取协调器不得通过原始 DB 读取事实；使用 query facade / Archive repository
[ARCH-BIZOP-QUERY] src/main-process/position-reconciliation/large-import-schema.js:875:6 读取协调器不得通过原始 DB 读取事实；使用 query facade / Archive repository
[ARCH-BIZOP-QUERY] src/main-process/position-reconciliation/large-import-schema.js:882:6 读取协调器不得通过原始 DB 读取事实；使用 query facade / Archive repository
[ARCH-BIZOP-QUERY] src/main-process/position-reconciliation/large-import-schema.js:911:13 读取协调器不能新建数据库连接
[ARCH-BIZOP-QUERY] src/main-process/position-reconciliation/side-db-mutation.js:103:14 读取协调器不得通过原始 DB 读取事实；使用 query facade / Archive repository
[ARCH-BIZOP-QUERY] src/main-process/position-reconciliation/side-db-mutation.js:200:17 读取协调器不得通过原始 DB 读取事实；使用 query facade / Archive repository
[ARCH-BIZOP-QUERY] src/main-process/position-reconciliation/side-db-mutation.js:207:15 读取协调器不得通过原始 DB 读取事实；使用 query facade / Archive repository
[ARCH-BIZOP-QUERY] src/main-process/position-reconciliation/side-db-mutation.js:267:15 读取协调器不得通过原始 DB 读取事实；使用 query facade / Archive repository
[ARCH-BIZOP-QUERY] src/main-process/position-reconciliation/side-db-mutation.js:318:18 原始 DB 句柄不能透传到读取 helper
[ARCH-BIZOP-QUERY] src/main-process/position-reconciliation/side-db-mutation.js:325:2 原始 DB 句柄不能透传到读取 helper
[ARCH-BIZOP-QUERY] src/main-process/position-reconciliation/side-db-mutation.js:343:23 原始 DB 句柄不能透传到读取 helper
[ARCH-BIZOP-QUERY] src/main-process/position-reconciliation/side-db-mutation.js:346:18 读取协调器不得通过原始 DB 读取事实；使用 query facade / Archive repository
[ARCH-BIZOP-QUERY] src/main-process/position-reconciliation/side-db-mutation.js:384:21 原始 DB 句柄不能透传到读取 helper
[ARCH-BIZOP-QUERY] src/main-process/position-reconciliation/side-db-mutation.js:419:2 读取协调器不得通过原始 DB 读取事实；使用 query facade / Archive repository
[ARCH-BIZOP-QUERY] src/main-process/position-reconciliation/side-db-mutation.js:423:6 读取协调器不得通过原始 DB 读取事实；使用 query facade / Archive repository
[ARCH-BIZOP-QUERY] src/main-process/position-reconciliation/side-db-mutation.js:431:6 原始 DB 句柄不能透传到读取 helper
[ARCH-BIZOP-QUERY] src/main-process/position-reconciliation/side-db-mutation.js:446:31 读取协调器不得通过原始 DB 读取事实；使用 query facade / Archive repository
[ARCH-BIZOP-QUERY] src/main-process/position-reconciliation/side-db-mutation.js:455:26 读取协调器不得通过原始 DB 读取事实；使用 query facade / Archive repository
[ARCH-BIZOP-QUERY] src/main-process/position-reconciliation/side-db-mutation.js:462:28 读取协调器不得通过原始 DB 读取事实；使用 query facade / Archive repository
[ARCH-BIZOP-QUERY] src/main-process/position-reconciliation/side-db-mutation.js:481:6 读取协调器不得通过原始 DB 读取事实；使用 query facade / Archive repository
[ARCH-BIZOP-QUERY] src/main-process/position-reconciliation/side-db-mutation.js:488:24 原始 DB 句柄不能透传到读取 helper
[ARCH-BIZOP-QUERY] src/main-process/position-reconciliation/side-db-mutation.js:495:4 原始 DB 句柄不能透传到读取 helper
[ARCH-BIZOP-QUERY] src/main-process/position-reconciliation/side-db-mutation.js:83:15 读取协调器不得通过原始 DB 读取事实；使用 query facade / Archive repository
[ARCH-BIZOP-QUERY] src/main-process/position-reconciliation/source-summary-cache.js:115:22 读取协调器不得通过原始 DB 读取事实；使用 query facade / Archive repository
[ARCH-BIZOP-QUERY] src/main-process/position-reconciliation/source-summary-cache.js:122:19 读取协调器不得通过原始 DB 读取事实；使用 query facade / Archive repository
[ARCH-BIZOP-QUERY] src/main-process/position-reconciliation/source-summary-cache.js:136:8 原始 DB 句柄不能透传到读取 helper
[ARCH-BIZOP-QUERY] src/main-process/position-reconciliation/source-summary-cache.js:156:22 读取协调器不得通过原始 DB 读取事实；使用 query facade / Archive repository
[ARCH-BIZOP-QUERY] src/main-process/position-reconciliation/source-summary-cache.js:167:8 原始 DB 句柄不能透传到读取 helper
[ARCH-BIZOP-QUERY] src/main-process/position-reconciliation/source-summary-cache.js:174:2 读取协调器不得通过原始 DB 读取事实；使用 query facade / Archive repository
[ARCH-BIZOP-QUERY] src/main-process/position-reconciliation/source-summary-cache.js:20:2 读取协调器不得通过原始 DB 读取事实；使用 query facade / Archive repository
[ARCH-BIZOP-QUERY] src/main-process/position-reconciliation/source-summary-cache.js:204:9 原始 DB 句柄不能透传到读取 helper
[ARCH-BIZOP-QUERY] src/main-process/position-reconciliation/source-summary-cache.js:24:14 读取协调器不得通过原始 DB 读取事实；使用 query facade / Archive repository
[ARCH-BIZOP-QUERY] src/main-process/position-reconciliation/source-summary-cache.js:70:2 原始 DB 句柄不能透传到读取 helper
[ARCH-BIZOP-QUERY] src/main-process/position-reconciliation/source-summary-cache.js:71:29 读取协调器不得通过原始 DB 读取事实；使用 query facade / Archive repository
[ARCH-BIZOP-QUERY] src/main-process/position-reconciliation/source-summary-cache.js:92:2 原始 DB 句柄不能透传到读取 helper
[ARCH-BIZOP-QUERY] src/main-process/position-reconciliation/source-summary-cache.js:93:19 原始 DB 句柄不能透传到读取 helper
[ARCH-BIZOP-QUERY] src/main-process/position-reconciliation/store.js:1169:22 读取协调器不得通过原始 DB 读取事实；使用 query facade / Archive repository
[ARCH-BIZOP-QUERY] src/main-process/position-reconciliation/store.js:1227:21 读取协调器不得通过原始 DB 读取事实；使用 query facade / Archive repository
[ARCH-BIZOP-QUERY] src/main-process/position-reconciliation/store.js:1230:28 读取协调器不得通过原始 DB 读取事实；使用 query facade / Archive repository
[ARCH-BIZOP-QUERY] src/main-process/position-reconciliation/store.js:1271:30 原始 DB 句柄不能透传到读取 helper
[ARCH-BIZOP-QUERY] src/main-process/position-reconciliation/store.js:1287:17 原始 DB 句柄不能透传到读取 helper
[ARCH-BIZOP-QUERY] src/main-process/position-reconciliation/store.js:1334:4 原始 DB 句柄不能透传到读取 helper
[ARCH-BIZOP-QUERY] src/main-process/position-reconciliation/store.js:1340:23 读取协调器不得通过原始 DB 读取事实；使用 query facade / Archive repository
[ARCH-BIZOP-QUERY] src/main-process/position-reconciliation/store.js:1349:31 原始 DB 句柄不能透传到读取 helper
[ARCH-BIZOP-QUERY] src/main-process/position-reconciliation/store.js:1386:2 原始 DB 句柄不能透传到读取 helper
[ARCH-BIZOP-QUERY] src/main-process/position-reconciliation/store.js:1387:2 原始 DB 句柄不能透传到读取 helper
[ARCH-BIZOP-QUERY] src/main-process/position-reconciliation/store.js:1408:20 读取协调器不得通过原始 DB 读取事实；使用 query facade / Archive repository
[ARCH-BIZOP-QUERY] src/main-process/position-reconciliation/store.js:1424:21 读取协调器不得通过原始 DB 读取事实；使用 query facade / Archive repository
[ARCH-BIZOP-QUERY] src/main-process/position-reconciliation/store.js:1472:23 读取协调器不得通过原始 DB 读取事实；使用 query facade / Archive repository
[ARCH-BIZOP-QUERY] src/main-process/position-reconciliation/store.js:1598:15 读取协调器不得通过原始 DB 读取事实；使用 query facade / Archive repository
[ARCH-BIZOP-QUERY] src/main-process/position-reconciliation/store.js:1604:18 读取协调器不得通过原始 DB 读取事实；使用 query facade / Archive repository
[ARCH-BIZOP-QUERY] src/main-process/position-reconciliation/store.js:1605:18 读取协调器不得通过原始 DB 读取事实；使用 query facade / Archive repository
[ARCH-BIZOP-QUERY] src/main-process/position-reconciliation/store.js:1606:17 原始 DB 句柄不能透传到读取 helper
[ARCH-BIZOP-QUERY] src/main-process/position-reconciliation/store.js:1705:16 读取协调器不能新建数据库连接
[ARCH-BIZOP-QUERY] src/main-process/position-reconciliation/store.js:3374:9 读取协调器不能新建数据库连接
[ARCH-BIZOP-QUERY] src/main-process/position-reconciliation/store.js:3376:29 原始 DB 句柄不能透传到读取 helper
[ARCH-BIZOP-QUERY] src/main-process/position-reconciliation/store.js:3383:4 原始 DB 句柄不能透传到读取 helper
[ARCH-BIZOP-QUERY] src/main-process/position-reconciliation/store.js:410:9 原始 DB 句柄不能透传到读取 helper
[ARCH-BIZOP-QUERY] src/main-process/position-reconciliation/store.js:411:7 原始 DB 句柄不能透传到读取 helper
[ARCH-BIZOP-QUERY] src/main-process/position-reconciliation/store.js:444:26 读取协调器不得通过原始 DB 读取事实；使用 query facade / Archive repository
[ARCH-BIZOP-QUERY] src/main-process/position-reconciliation/store.js:461:27 读取协调器不得通过原始 DB 读取事实；使用 query facade / Archive repository
[ARCH-BIZOP-QUERY] src/main-process/position-reconciliation/store.js:467:26 读取协调器不得通过原始 DB 读取事实；使用 query facade / Archive repository
[ARCH-BIZOP-QUERY] src/main-process/position-reconciliation/store.js:738:2 原始 DB 句柄不能透传到读取 helper
[ARCH-BIZOP-QUERY] src/main-process/position-reconciliation/store.js:759:18 读取协调器不得通过原始 DB 读取事实；使用 query facade / Archive repository
[ARCH-BIZOP-QUERY] src/main-process/position-reconciliation/store.js:976:15 读取协调器不得通过原始 DB 读取事实；使用 query facade / Archive repository
[ARCH-BIZOP-QUERY] src/main-process/pre-fund-reconciliation/mpt-import/business-evidence.js:10:21 读取协调器不得通过原始 DB 读取事实；使用 query facade / Archive repository
[ARCH-BIZOP-QUERY] src/main-process/pre-fund-reconciliation/mpt-import/business-evidence.js:5:18 读取协调器不得通过原始 DB 读取事实；使用 query facade / Archive repository
[ARCH-BIZOP-QUERY] src/main-process/pre-fund-reconciliation/mpt-import/operation-receipt-repository.js:167:2 原始 DB 句柄不能透传到读取 helper
[ARCH-BIZOP-QUERY] src/main-process/pre-fund-reconciliation/mpt-import/operation-receipt-repository.js:168:20 读取协调器不得通过原始 DB 读取事实；使用 query facade / Archive repository
[ARCH-BIZOP-QUERY] src/main-process/pre-fund-reconciliation/mpt-import/operation-receipt-repository.js:175:2 原始 DB 句柄不能透传到读取 helper
[ARCH-BIZOP-QUERY] src/main-process/pre-fund-reconciliation/mpt-import/operation-receipt-repository.js:176:17 读取协调器不得通过原始 DB 读取事实；使用 query facade / Archive repository
[ARCH-BIZOP-QUERY] src/main-process/pre-fund-reconciliation/mpt-import/operation-receipt-repository.js:183:7 原始 DB 句柄不能透传到读取 helper
[ARCH-BIZOP-QUERY] src/main-process/pre-fund-reconciliation/mpt-import/operation-receipt-repository.js:184:17 读取协调器不得通过原始 DB 读取事实；使用 query facade / Archive repository
[ARCH-BIZOP-QUERY] src/main-process/pre-fund-reconciliation/mpt-import/operation-receipt-repository.js:203:2 原始 DB 句柄不能透传到读取 helper
[ARCH-BIZOP-QUERY] src/main-process/pre-fund-reconciliation/mpt-import/operation-receipt-repository.js:211:19 读取协调器不得通过原始 DB 读取事实；使用 query facade / Archive repository
[ARCH-BIZOP-QUERY] src/main-process/pre-fund-reconciliation/mpt-import/operation-receipt-repository.js:232:18 原始 DB 句柄不能透传到读取 helper
[ARCH-BIZOP-QUERY] src/main-process/read-only-exports/acquiring/executor.js:154:9 读取协调器不能新建数据库连接
[ARCH-BIZOP-QUERY] src/main-process/read-only-exports/acquiring/executor.js:156:28 原始 DB 句柄不能透传到读取 helper
[ARCH-BIZOP-QUERY] src/main-process/read-only-exports/acquiring/query.js:168:19 读取协调器不能新建数据库连接
[ARCH-BIZOP-QUERY] src/main-process/read-only-exports/acquiring/query.js:214:14 原始 DB 句柄不能透传到读取 helper
[ARCH-BIZOP-QUERY] src/main-process/read-only-exports/acquiring/query.js:221:19 原始 DB 句柄不能透传到读取 helper
[ARCH-BIZOP-QUERY] src/main-process/read-only-exports/acquiring/query.js:239:2 原始 DB 句柄不能透传到读取 helper
[ARCH-BIZOP-QUERY] src/main-process/read-only-exports/acquiring/query.js:240:2 原始 DB 句柄不能透传到读取 helper
[ARCH-BIZOP-QUERY] src/main-process/read-only-exports/acquiring/query.js:244:2 原始 DB 句柄不能透传到读取 helper
[ARCH-BIZOP-QUERY] src/main-process/read-only-exports/acquiring/query.js:248:2 原始 DB 句柄不能透传到读取 helper
[ARCH-BIZOP-QUERY] src/main-process/read-only-exports/acquiring/query.js:267:13 读取协调器不能新建数据库连接
[ARCH-BIZOP-QUERY] src/main-process/read-only-exports/biz-op/query.js:20:13 读取协调器不能新建数据库连接
[ARCH-BIZOP-QUERY] src/main-process/read-only-exports/pending/query.js:104:36 原始 DB 句柄不能透传到读取 helper
[ARCH-BIZOP-QUERY] src/main-process/read-only-exports/pending/query.js:104:9 原始 DB 句柄不能透传到读取 helper
[ARCH-BIZOP-QUERY] src/main-process/read-only-exports/pending/query.js:112:18 原始 DB 句柄不能透传到读取 helper
[ARCH-BIZOP-QUERY] src/main-process/read-only-exports/pending/query.js:21:15 读取协调器不得通过原始 DB 读取事实；使用 query facade / Archive repository
[ARCH-BIZOP-QUERY] src/main-process/read-only-exports/pending/query.js:36:14 读取协调器不得通过原始 DB 读取事实；使用 query facade / Archive repository
[ARCH-BIZOP-QUERY] src/main-process/read-only-exports/pending/query.js:53:20 原始 DB 句柄不能透传到读取 helper
[ARCH-BIZOP-QUERY] src/main-process/read-only-exports/pending/query.js:54:22 读取协调器不得通过原始 DB 读取事实；使用 query facade / Archive repository
[ARCH-BIZOP-QUERY] src/main-process/read-only-exports/pending/query.js:59:33 读取协调器不得通过原始 DB 读取事实；使用 query facade / Archive repository
[ARCH-BIZOP-QUERY] src/main-process/read-only-exports/pending/query.js:79:42 原始 DB 句柄不能透传到读取 helper
[ARCH-BIZOP-QUERY] src/main-process/read-only-exports/pending/query.js:92:2 读取协调器不得通过原始 DB 读取事实；使用 query facade / Archive repository
[ARCH-BIZOP-QUERY] src/main-process/read-only-exports/pending/query.js:95:4 读取协调器不得通过原始 DB 读取事实；使用 query facade / Archive repository
[ARCH-BIZOP-QUERY] src/main-process/read-only-exports/pending/query.js:98:10 读取协调器不得通过原始 DB 读取事实；使用 query facade / Archive repository
[ARCH-BIZOP-QUERY] src/main-process/read-only-exports/pending/writer.js:38:13 读取协调器不能新建数据库连接
[ARCH-BIZOP-QUERY] src/main-process/read-only-exports/position/query.js:259:2 读取协调器不得通过原始 DB 读取事实；使用 query facade / Archive repository
[ARCH-BIZOP-QUERY] src/main-process/read-only-exports/position/query.js:262:4 读取协调器不得通过原始 DB 读取事实；使用 query facade / Archive repository
[ARCH-BIZOP-QUERY] src/main-process/read-only-exports/position/query.js:265:10 读取协调器不得通过原始 DB 读取事实；使用 query facade / Archive repository
[ARCH-BIZOP-QUERY] src/main-process/read-only-exports/pre-fund/query.js:57:13 读取协调器不能新建数据库连接
[ARCH-BIZOP-QUERY] src/main-process/read-only-exports/pre-fund/query.js:63:2 读取协调器不得通过原始 DB 读取事实；使用 query facade / Archive repository
[ARCH-BIZOP-QUERY] src/main-process/read-only-exports/pre-fund/query.js:66:4 读取协调器不得通过原始 DB 读取事实；使用 query facade / Archive repository
[ARCH-BIZOP-QUERY] src/main-process/read-only-exports/pre-fund/query.js:69:10 读取协调器不得通过原始 DB 读取事实；使用 query facade / Archive repository
[ARCH-BIZOP-QUERY] src/main-process/read-only-exports/pre-fund/writer.js:54:8 读取协调器不得通过原始 DB 读取事实；使用 query facade / Archive repository
[ARCH-BIZOP-QUERY] src/main-process/read-only-exports/vcc-financial-op/query.js:115:14 读取协调器不得通过原始 DB 读取事实；使用 query facade / Archive repository
[ARCH-BIZOP-QUERY] src/main-process/read-only-exports/vcc-financial-op/query.js:143:17 原始 DB 句柄不能透传到读取 helper
[ARCH-BIZOP-QUERY] src/main-process/read-only-exports/vcc-financial-op/query.js:148:23 原始 DB 句柄不能透传到读取 helper
[ARCH-BIZOP-QUERY] src/main-process/read-only-exports/vcc-financial-op/query.js:152:24 原始 DB 句柄不能透传到读取 helper
[ARCH-BIZOP-QUERY] src/main-process/read-only-exports/vcc-financial-op/query.js:221:21 原始 DB 句柄不能透传到读取 helper
[ARCH-BIZOP-QUERY] src/main-process/read-only-exports/vcc-financial-op/query.js:225:48 原始 DB 句柄不能透传到读取 helper
[ARCH-BIZOP-QUERY] src/main-process/read-only-exports/vcc-financial-op/query.js:287:9 原始 DB 句柄不能透传到读取 helper
[ARCH-BIZOP-QUERY] src/main-process/read-only-exports/vcc-financial-op/query.js:299:2 读取协调器不得通过原始 DB 读取事实；使用 query facade / Archive repository
[ARCH-BIZOP-QUERY] src/main-process/read-only-exports/vcc-financial-op/query.js:302:4 读取协调器不得通过原始 DB 读取事实；使用 query facade / Archive repository
[ARCH-BIZOP-QUERY] src/main-process/read-only-exports/vcc-financial-op/query.js:305:10 读取协调器不得通过原始 DB 读取事实；使用 query facade / Archive repository
[ARCH-BIZOP-QUERY] src/main-process/read-only-exports/vcc-financial-op/writer.js:104:14 原始 DB 句柄不能透传到读取 helper
[ARCH-BIZOP-QUERY] src/main-process/read-only-exports/vcc-financial-op/writer.js:105:14 原始 DB 句柄不能透传到读取 helper
[ARCH-BIZOP-QUERY] src/main-process/read-only-exports/vcc-financial-op/writer.js:32:9 原始 DB 句柄不能透传到读取 helper
[ARCH-BIZOP-QUERY] src/main-process/read-only-exports/vcc-financial-op/writer.js:34:6 原始 DB 句柄不能透传到读取 helper
[ARCH-BIZOP-QUERY] src/main-process/recon-id-fix-service/jpm-writeback-transaction.js:44:8 读取协调器不得通过原始 DB 读取事实；使用 query facade / Archive repository
[ARCH-BIZOP-QUERY] src/main-process/recon-id-fix-service/service.js:1175:16 读取协调器不能新建数据库连接
[ARCH-BIZOP-QUERY] src/main-process/recon-id-fix-service/service.js:341:9 读取协调器不能新建数据库连接
[ARCH-BIZOP-QUERY] src/main-process/recon-id-fix-service/service.js:363:23 原始 DB 句柄不能透传到读取 helper
[ARCH-BIZOP-QUERY] src/main-process/recon-id-fix-service/service.js:399:9 读取协调器不能新建数据库连接
[ARCH-BIZOP-QUERY] src/main-process/recon-id-fix-service/service.js:422:17 原始 DB 句柄不能透传到读取 helper
[ARCH-BIZOP-QUERY] src/main-process/recon-id-fix-service/service.js:566:11 读取协调器不能新建数据库连接
[ARCH-BIZOP-QUERY] src/main-process/recon-id-fix-service/service.js:568:20 原始 DB 句柄不能透传到读取 helper
[ARCH-BIZOP-QUERY] src/main-process/run-check-multiworker-worker.js:81:13 读取协调器不能新建数据库连接
[ARCH-BIZOP-QUERY] src/main-process/run-check-multiworker.js:232:6 读取协调器不得通过原始 DB 读取事实；使用 query facade / Archive repository
[ARCH-BIZOP-QUERY] src/main-process/run-check-multiworker.js:237:8 读取协调器不得通过原始 DB 读取事实；使用 query facade / Archive repository
[ARCH-BIZOP-QUERY] src/main-process/run-check-multiworker.js:239:14 读取协调器不得通过原始 DB 读取事实；使用 query facade / Archive repository
[ARCH-BIZOP-QUERY] src/main-process/run-check-multiworker.js:244:12 读取协调器不得通过原始 DB 读取事实；使用 query facade / Archive repository
[ARCH-BIZOP-QUERY] src/main-process/run-check-worker.js:78:13 读取协调器不能新建数据库连接
[ARCH-BIZOP-QUERY] src/main-process/scenario-dispatcher.js:432:25 原始 DB 句柄不能透传到读取 helper
[ARCH-BIZOP-QUERY] src/main-process/scenario-dispatcher.js:438:22 原始 DB 句柄不能透传到读取 helper
[ARCH-BIZOP-QUERY] src/main-process/scenario-dispatcher.js:471:23 原始 DB 句柄不能透传到读取 helper
[ARCH-BIZOP-QUERY] src/main-process/toolbox-background/output-writer-core.js:63:13 读取协调器不能新建数据库连接
[ARCH-BIZOP-QUERY] src/main-process/toolbox-background/route-db-contract.js:324:13 读取协调器不能新建数据库连接
[ARCH-BIZOP-QUERY] src/main-process/toolbox-background/route-db-sealer.js:206:23 读取协调器不能新建数据库连接
[ARCH-BIZOP-QUERY] src/main-process/toolbox-background/route-db-sealer.js:79:9 读取协调器不能新建数据库连接
[ARCH-BIZOP-QUERY] src/main-process/toolbox-row-split/cache.js:133:13 读取协调器不能新建数据库连接
[ARCH-BIZOP-QUERY] src/main-process/toolbox-row-split/cache.js:40:13 读取协调器不能新建数据库连接
[ARCH-BIZOP-QUERY] src/main-process/vcc-financial-op-audit-writer.js:74:17 原始 DB 句柄不能透传到读取 helper
[ARCH-BIZOP-QUERY] src/main-process/vcc-financial-op-audit-writer.js:76:23 原始 DB 句柄不能透传到读取 helper
[ARCH-BIZOP-QUERY] src/main-process/vcc-financial-op-audit-writer.js:99:24 原始 DB 句柄不能透传到读取 helper
[ARCH-BIZOP-QUERY] src/main-process/vcc-financial-op-dataset-writer.js:1058:2 读取协调器不得通过原始 DB 读取事实；使用 query facade / Archive repository
[ARCH-BIZOP-QUERY] src/main-process/vcc-financial-op-dataset-writer.js:1062:23 原始 DB 句柄不能透传到读取 helper
[ARCH-BIZOP-QUERY] src/main-process/vcc-financial-op-dataset-writer.js:1106:20 原始 DB 句柄不能透传到读取 helper
[ARCH-BIZOP-QUERY] src/main-process/vcc-financial-op-dataset-writer.js:1108:20 原始 DB 句柄不能透传到读取 helper
[ARCH-BIZOP-QUERY] src/main-process/vcc-financial-op-dataset-writer.js:1122:8 读取协调器不得通过原始 DB 读取事实；使用 query facade / Archive repository
[ARCH-BIZOP-QUERY] src/main-process/vcc-financial-op-dataset-writer.js:1141:12 读取协调器不得通过原始 DB 读取事实；使用 query facade / Archive repository
[ARCH-BIZOP-QUERY] src/main-process/vcc-financial-op-dataset-writer.js:365:25 原始 DB 句柄不能透传到读取 helper
[ARCH-BIZOP-QUERY] src/main-process/vcc-financial-op-dataset-writer.js:381:7 原始 DB 句柄不能透传到读取 helper
[ARCH-BIZOP-QUERY] src/main-process/vcc-financial-op-dataset-writer.js:382:23 原始 DB 句柄不能透传到读取 helper
[ARCH-BIZOP-QUERY] src/main-process/vcc-financial-op-dataset-writer.js:404:18 读取协调器不得通过原始 DB 读取事实；使用 query facade / Archive repository
[ARCH-BIZOP-QUERY] src/main-process/vcc-financial-op-dataset-writer.js:410:17 读取协调器不得通过原始 DB 读取事实；使用 query facade / Archive repository
[ARCH-BIZOP-QUERY] src/main-process/vcc-financial-op-dataset-writer.js:418:20 原始 DB 句柄不能透传到读取 helper
[ARCH-BIZOP-QUERY] src/main-process/vcc-financial-op-dataset-writer.js:419:22 原始 DB 句柄不能透传到读取 helper
[ARCH-BIZOP-QUERY] src/main-process/vcc-financial-op-dataset-writer.js:420:21 原始 DB 句柄不能透传到读取 helper
[ARCH-BIZOP-QUERY] src/main-process/vcc-financial-op-dataset-writer.js:465:28 读取协调器不得通过原始 DB 读取事实；使用 query facade / Archive repository
[ARCH-BIZOP-QUERY] src/main-process/vcc-financial-op-dataset-writer.js:501:22 原始 DB 句柄不能透传到读取 helper
[ARCH-BIZOP-QUERY] src/main-process/vcc-financial-op-dataset-writer.js:504:25 原始 DB 句柄不能透传到读取 helper
[ARCH-BIZOP-QUERY] src/main-process/vcc-financial-op-dataset-writer.js:517:23 原始 DB 句柄不能透传到读取 helper
[ARCH-BIZOP-QUERY] src/main-process/vcc-financial-op-dataset-writer.js:539:17 读取协调器不得通过原始 DB 读取事实；使用 query facade / Archive repository
[ARCH-BIZOP-QUERY] src/main-process/vcc-financial-op-dataset-writer.js:556:32 读取协调器不得通过原始 DB 读取事实；使用 query facade / Archive repository
[ARCH-BIZOP-QUERY] src/main-process/vcc-financial-op-dataset-writer.js:570:28 读取协调器不得通过原始 DB 读取事实；使用 query facade / Archive repository
[ARCH-BIZOP-QUERY] src/main-process/vcc-financial-op-dataset-writer.js:590:22 读取协调器不得通过原始 DB 读取事实；使用 query facade / Archive repository
[ARCH-BIZOP-QUERY] src/main-process/vcc-financial-op-dataset-writer.js:597:6 原始 DB 句柄不能透传到读取 helper
[ARCH-BIZOP-QUERY] src/main-process/vcc-financial-op-dataset-writer.js:598:6 原始 DB 句柄不能透传到读取 helper
[ARCH-BIZOP-QUERY] src/main-process/vcc-financial-op-dataset-writer.js:689:7 读取协调器不得通过原始 DB 读取事实；使用 query facade / Archive repository
[ARCH-BIZOP-QUERY] src/main-process/vcc-financial-op-dataset-writer.js:690:18 读取协调器不得通过原始 DB 读取事实；使用 query facade / Archive repository
[ARCH-BIZOP-QUERY] src/main-process/vcc-financial-op-dataset-writer.js:693:18 原始 DB 句柄不能透传到读取 helper
[ARCH-BIZOP-QUERY] src/main-process/vcc-financial-op-dataset-writer.js:713:23 原始 DB 句柄不能透传到读取 helper
[ARCH-BIZOP-QUERY] src/main-process/vcc-financial-op-dataset-writer.js:717:23 读取协调器不得通过原始 DB 读取事实；使用 query facade / Archive repository
[ARCH-BIZOP-QUERY] src/main-process/vcc-financial-op-dataset-writer.js:735:23 读取协调器不得通过原始 DB 读取事实；使用 query facade / Archive repository
[ARCH-BIZOP-QUERY] src/main-process/vcc-financial-op-dataset-writer.js:765:32 读取协调器不得通过原始 DB 读取事实；使用 query facade / Archive repository
[ARCH-BIZOP-QUERY] src/main-process/vcc-financial-op-dataset-writer.js:779:27 读取协调器不得通过原始 DB 读取事实；使用 query facade / Archive repository
[ARCH-BIZOP-QUERY] src/main-process/vcc-financial-op-dataset-writer.js:787:24 读取协调器不得通过原始 DB 读取事实；使用 query facade / Archive repository
[ARCH-BIZOP-QUERY] src/main-process/vcc-financial-op-dataset-writer.js:803:19 原始 DB 句柄不能透传到读取 helper
[ARCH-BIZOP-QUERY] src/main-process/vcc-financial-op-dataset-writer.js:856:23 原始 DB 句柄不能透传到读取 helper
[ARCH-BIZOP-QUERY] src/main-process/vcc-financial-op-dataset-writer.js:860:28 读取协调器不得通过原始 DB 读取事实；使用 query facade / Archive repository
[ARCH-BIZOP-QUERY] src/main-process/vcc-financial-op-dataset-writer.js:878:20 读取协调器不得通过原始 DB 读取事实；使用 query facade / Archive repository
[ARCH-BIZOP-QUERY] src/main-process/vcc-financial-op-dataset-writer.js:908:21 原始 DB 句柄不能透传到读取 helper
[ARCH-BIZOP-QUERY] src/main-process/vcc-financial-op-dataset-writer.js:909:20 读取协调器不得通过原始 DB 读取事实；使用 query facade / Archive repository
[ARCH-BIZOP-QUERY] src/main-process/vcc-financial-op-dataset-writer.js:940:30 读取协调器不得通过原始 DB 读取事实；使用 query facade / Archive repository
[ARCH-BIZOP-QUERY] src/main-process/vcc-financial-op-output/authority.js:137:14 读取协调器不得通过原始 DB 读取事实；使用 query facade / Archive repository
[ARCH-BIZOP-QUERY] src/main-process/vcc-financial-op-output/authority.js:150:19 读取协调器不得通过原始 DB 读取事实；使用 query facade / Archive repository
[ARCH-BIZOP-QUERY] src/main-process/vcc-financial-op-output/authority.js:165:19 读取协调器不得通过原始 DB 读取事实；使用 query facade / Archive repository
[ARCH-BIZOP-QUERY] src/main-process/vcc-financial-op-output/authority.js:49:15 原始 DB 句柄不能透传到读取 helper
[ARCH-BIZOP-QUERY] src/main-process/vcc-financial-op-output/authority.js:54:22 原始 DB 句柄不能透传到读取 helper
[ARCH-BIZOP-QUERY] src/main-process/vcc-financial-op-writer.js:101:24 读取协调器不得通过原始 DB 读取事实；使用 query facade / Archive repository
[ARCH-BIZOP-QUERY] src/main-process/vcc-financial-op-writer.js:111:20 原始 DB 句柄不能透传到读取 helper
[ARCH-BIZOP-QUERY] src/main-process/vcc-financial-op-writer.js:113:25 读取协调器不得通过原始 DB 读取事实；使用 query facade / Archive repository
[ARCH-BIZOP-QUERY] src/main-process/vcc-financial-op-writer.js:118:24 读取协调器不得通过原始 DB 读取事实；使用 query facade / Archive repository
[ARCH-BIZOP-QUERY] src/main-process/vcc-financial-op-writer.js:1214:49 原始 DB 句柄不能透传到读取 helper
[ARCH-BIZOP-QUERY] src/main-process/vcc-financial-op-writer.js:1217:17 原始 DB 句柄不能透传到读取 helper
[ARCH-BIZOP-QUERY] src/main-process/vcc-financial-op-writer.js:1218:10 原始 DB 句柄不能透传到读取 helper
[ARCH-BIZOP-QUERY] src/main-process/vcc-financial-op-writer.js:1253:10 原始 DB 句柄不能透传到读取 helper
[ARCH-BIZOP-QUERY] src/main-process/vcc-financial-op-writer.js:149:14 读取协调器不得通过原始 DB 读取事实；使用 query facade / Archive repository
[ARCH-BIZOP-QUERY] src/main-process/vcc-financial-op-writer.js:169:14 原始 DB 句柄不能透传到读取 helper
[ARCH-BIZOP-QUERY] src/main-process/vcc-financial-op-writer.js:170:19 读取协调器不得通过原始 DB 读取事实；使用 query facade / Archive repository
[ARCH-BIZOP-QUERY] src/main-process/vcc-financial-op-writer.js:94:20 原始 DB 句柄不能透传到读取 helper
[ARCH-BIZOP-QUERY] src/main-process/vcc-financial-op-writer.js:96:25 读取协调器不得通过原始 DB 读取事实；使用 query facade / Archive repository
[ARCH-DESCRIPTOR-COMPOSITION] src/main-process/execution-descriptors/composition.js:42:5 显式装配只能加载登记的领域入口及具名导出 → src/main-process/biz-op-v327/archive-task-policies.js
[ARCH-DESCRIPTOR-COMPOSITION] src/main-process/execution-descriptors/composition.js:29:14 显式装配只能加载登记的领域入口及具名导出 → src/main-process/biz-op-v327/execution-descriptor.js
[ARCH-DESCRIPTOR-COMPOSITION] src/main-process/execution-descriptors/composition.js:38:5 显式装配只能加载登记的领域入口及具名导出 → src/main-process/duplicate-inbound-match/archive-task-policies.js
[ARCH-DESCRIPTOR-COMPOSITION] src/main-process/execution-descriptors/composition.js:25:18 显式装配只能加载登记的领域入口及具名导出 → src/main-process/duplicate-inbound-match/execution-descriptor.js
[ARCH-DESCRIPTOR-COMPOSITION] src/main-process/execution-descriptors/composition.js:37:5 显式装配只能加载登记的领域入口及具名导出 → src/main-process/fund-recon-worker/archive-task-policies.js
[ARCH-DESCRIPTOR-COMPOSITION] src/main-process/execution-descriptors/composition.js:24:18 显式装配只能加载登记的领域入口及具名导出 → src/main-process/fund-recon-worker/execution-descriptor.js
[ARCH-DESCRIPTOR-COMPOSITION] src/main-process/execution-descriptors/composition.js:35:5 显式装配只能加载登记的领域入口及具名导出 → src/main-process/new-account/archive-task-policies.js
[ARCH-DESCRIPTOR-COMPOSITION] src/main-process/execution-descriptors/composition.js:22:19 显式装配只能加载登记的领域入口及具名导出 → src/main-process/new-account/execution-descriptor.js
[ARCH-DESCRIPTOR-COMPOSITION] src/main-process/execution-descriptors/composition.js:41:5 显式装配只能加载登记的领域入口及具名导出 → src/main-process/position-reconciliation/archive-task-policies.js
[ARCH-DESCRIPTOR-COMPOSITION] src/main-process/execution-descriptors/composition.js:28:17 显式装配只能加载登记的领域入口及具名导出 → src/main-process/position-reconciliation/execution-descriptor.js
[ARCH-DESCRIPTOR-COMPOSITION] src/main-process/execution-descriptors/composition.js:36:5 显式装配只能加载登记的领域入口及具名导出 → src/main-process/pre-fund-reconciliation/archive-task-policies.js
[ARCH-DESCRIPTOR-COMPOSITION] src/main-process/execution-descriptors/composition.js:23:16 显式装配只能加载登记的领域入口及具名导出 → src/main-process/pre-fund-reconciliation/execution-descriptor.js
[ARCH-DESCRIPTOR-COMPOSITION] src/main-process/execution-descriptors/composition.js:39:5 显式装配只能加载登记的领域入口及具名导出 → src/main-process/recon-id-fix-service/archive-task-policies.js
[ARCH-DESCRIPTOR-COMPOSITION] src/main-process/execution-descriptors/composition.js:20:54 显式装配只能加载登记的领域入口及具名导出 → src/main-process/recon-id-fix-service/evidence-settlement-admission.js
[ARCH-DESCRIPTOR-COMPOSITION] src/main-process/execution-descriptors/composition.js:26:17 显式装配只能加载登记的领域入口及具名导出 → src/main-process/recon-id-fix-service/execution-descriptor.js
[ARCH-DESCRIPTOR-COMPOSITION] src/main-process/execution-descriptors/composition.js:34:5 显式装配只能加载登记的领域入口及具名导出 → src/main-process/toolbox-background/archive-task-policies.js
[ARCH-DESCRIPTOR-COMPOSITION] src/main-process/execution-descriptors/composition.js:21:16 显式装配只能加载登记的领域入口及具名导出 → src/main-process/toolbox-background/execution-descriptor.js
[ARCH-DESCRIPTOR-COMPOSITION] src/main-process/execution-descriptors/composition.js:40:5 显式装配只能加载登记的领域入口及具名导出 → src/main-process/vcc-financial-op-output/archive-task-policies.js
[ARCH-DESCRIPTOR-COMPOSITION] src/main-process/execution-descriptors/composition.js:27:12 显式装配只能加载登记的领域入口及具名导出 → src/main-process/vcc-financial-op-output/execution-descriptor.js
[ARCH-DESCRIPTOR-COMPOSITION] src/main-process/execution-descriptors/mature-adapters.js:10:47 显式装配只能加载登记的领域入口及具名导出 → src/main-process/read-only-exports/acquiring/executor.js
[ARCH-DESCRIPTOR-COMPOSITION] src/main-process/execution-descriptors/mature-adapters.js:9:65 显式装配只能加载登记的领域入口及具名导出 → src/main-process/read-only-exports/acquiring/policies.js
[ARCH-DESCRIPTOR-COMPOSITION] src/main-process/execution-descriptors/mature-adapters.js:7:40 显式装配只能加载登记的领域入口及具名导出 → src/main-process/read-only-exports/biz-op/policies.js
[ARCH-DESCRIPTOR-COMPOSITION] src/main-process/execution-descriptors/mature-adapters.js:5:42 显式装配只能加载登记的领域入口及具名导出 → src/main-process/read-only-exports/pending/policies.js
[ARCH-DESCRIPTOR-COMPOSITION] src/main-process/execution-descriptors/policy-catalog.js:4:33 显式装配只能加载登记的领域入口及具名导出 → src/main-process/biz-op-v327/policies.js
[ARCH-DESCRIPTOR-COMPOSITION] src/main-process/execution-descriptors/policy-catalog.js:10:31 显式装配只能加载登记的领域入口及具名导出 → src/main-process/duplicate-inbound-match/policies.js
[ARCH-DESCRIPTOR-COMPOSITION] src/main-process/execution-descriptors/policy-catalog.js:9:32 显式装配只能加载登记的领域入口及具名导出 → src/main-process/fund-recon-worker/policies.js
[ARCH-DESCRIPTOR-COMPOSITION] src/main-process/execution-descriptors/policy-catalog.js:8:70 显式装配只能加载登记的领域入口及具名导出 → src/main-process/new-account/policies.js
[ARCH-DESCRIPTOR-COMPOSITION] src/main-process/execution-descriptors/policy-catalog.js:7:34 显式装配只能加载登记的领域入口及具名导出 → src/main-process/pre-fund-reconciliation/mpt-import/policies.js
[ARCH-DESCRIPTOR-COMPOSITION] src/main-process/execution-descriptors/policy-catalog.js:18:38 显式装配只能加载登记的领域入口及具名导出 → src/main-process/read-only-exports/acquiring/policies.js
[ARCH-DESCRIPTOR-COMPOSITION] src/main-process/execution-descriptors/policy-catalog.js:14:38 显式装配只能加载登记的领域入口及具名导出 → src/main-process/read-only-exports/biz-op/policies.js
[ARCH-DESCRIPTOR-COMPOSITION] src/main-process/execution-descriptors/policy-catalog.js:13:39 显式装配只能加载登记的领域入口及具名导出 → src/main-process/read-only-exports/pending/policies.js
[ARCH-DESCRIPTOR-COMPOSITION] src/main-process/execution-descriptors/policy-catalog.js:16:38 显式装配只能加载登记的领域入口及具名导出 → src/main-process/read-only-exports/position/policies.js
[ARCH-DESCRIPTOR-COMPOSITION] src/main-process/execution-descriptors/policy-catalog.js:15:40 显式装配只能加载登记的领域入口及具名导出 → src/main-process/read-only-exports/pre-fund/policies.js
[ARCH-DESCRIPTOR-COMPOSITION] src/main-process/execution-descriptors/policy-catalog.js:17:46 显式装配只能加载登记的领域入口及具名导出 → src/main-process/read-only-exports/vcc-financial-op/policies.js
[ARCH-DESCRIPTOR-COMPOSITION] src/main-process/execution-descriptors/policy-catalog.js:11:31 显式装配只能加载登记的领域入口及具名导出 → src/main-process/recon-id-fix-service/policies.js
[ARCH-DESCRIPTOR-COMPOSITION] src/main-process/execution-descriptors/policy-catalog.js:5:40 显式装配只能加载登记的领域入口及具名导出 → src/main-process/toolbox-background/policies.js
[ARCH-DESCRIPTOR-COMPOSITION] src/main-process/execution-descriptors/policy-catalog.js:6:24 显式装配只能加载登记的领域入口及具名导出 → src/main-process/toolbox-row-split/policy.js
[ARCH-DESCRIPTOR-COMPOSITION] src/main-process/execution-descriptors/policy-catalog.js:12:65 显式装配只能加载登记的领域入口及具名导出 → src/main-process/vcc-financial-op-output/policies.js
[ARCH-PUBLICATION-RECOVERY-ENTRY] src/main-process/toolbox-output-publication-worker.js:12:4 受限恢复 API 的引入/透传必须登记准确授权装配位置 → src/main-process/toolbox-output-publication.js
[ARCH-PUBLICATION-RECOVERY-ENTRY] src/main-process/toolbox-output-publication-worker.js:42:11 恢复副作用仅允许准确登记的授权 dispatcher 事务调用
[ARCH-RENDERER-SCOPE] src/renderer.js:524:32 工厂字段 api 不能注入完整可变对象或不透明 alias
[ARCH-RENDERER-SCOPE] src/renderer.js:524:32 工厂字段 ui 不能注入完整可变对象或不透明 alias
[ARCH-RENDERER-SCOPE] src/renderer.js:517:29 工厂字段 api 不能注入完整可变对象或不透明 alias
[ARCH-RENDERER-SCOPE] src/renderer.js:517:29 工厂字段 ui 不能注入完整可变对象或不透明 alias
[ARCH-RENDERER-SCOPE] src/renderer.js:492:28 scoped config 未授权字段 linkedTable
[ARCH-RENDERER-SCOPE] src/renderer.js:492:28 scoped config 未授权字段 scenarios
[ARCH-RENDERER-SCOPE] src/renderer.js:492:28 scoped ui 未授权字段 gatewayScenarioPicker
[ARCH-RENDERER-SCOPE] src/renderer.js:492:28 scoped ui 未授权字段 openLinkedTables
[ARCH-RENDERER-SCOPE] src/renderer.js:492:28 scoped ui 未授权字段 openScenarios
[ARCH-RENDERER-SCOPE] src/renderer.js:492:28 工厂字段 api 不能注入完整可变对象或不透明 alias
[ARCH-RENDERER-SCOPE] src/renderer.js:492:28 工厂字段 sharedReconSession 不能注入完整可变对象或不透明 alias
[ARCH-RENDERER-SCOPE] src/renderer.js:527:32 工厂字段 api 不能注入完整可变对象或不透明 alias
[ARCH-RENDERER-SCOPE] src/renderer.js:527:32 工厂字段 ui 不能注入完整可变对象或不透明 alias
[ARCH-RENDERER-SCOPE] src/renderer.js:540:24 工厂字段 api 不能注入完整可变对象或不透明 alias
[ARCH-RENDERER-SCOPE] src/renderer.js:540:24 工厂字段 legacyPanel 不能注入完整可变对象或不透明 alias
[ARCH-RENDERER-SCOPE] src/renderer.js:540:24 工厂字段 modalHost 不能注入完整可变对象或不透明 alias
[ARCH-RENDERER-SCOPE] src/renderer.js:540:24 工厂注入了未授权字段 legacyController
[ARCH-RENDERER-SCOPE] src/renderer.js:540:24 工厂注入了未授权字段 legacyPanel
[ARCH-RENDERER-SCOPE] src/renderer.js:540:24 工厂注入了未授权字段 modalHost
[ARCH-RENDERER-SCOPE] src/renderer.js:662:73 scoped api 未授权字段 appUpdate
[ARCH-RENDERER-SCOPE] src/renderer.js:662:73 scoped api 未授权字段 archiveCenter
[ARCH-RENDERER-SCOPE] src/renderer.js:662:73 scoped ui 未授权字段 applyAppUpdateActionResult
[ARCH-RENDERER-SCOPE] src/renderer.js:662:73 scoped ui 未授权字段 applyAppUpdateStatus
[ARCH-RENDERER-SCOPE] src/renderer.js:662:73 scoped ui 未授权字段 createConfirmDialog
[ARCH-RENDERER-SCOPE] src/renderer.js:662:73 scoped ui 未授权字段 escapeHtml
[ARCH-RENDERER-SCOPE] src/renderer.js:662:73 scoped ui 未授权字段 getAppUpdateStatus
[ARCH-RENDERER-SCOPE] src/renderer.js:662:73 scoped ui 未授权字段 getDarkModeController
[ARCH-RENDERER-SCOPE] src/renderer.js:662:73 scoped ui 未授权字段 mountAppearanceSettings
[ARCH-RENDERER-SCOPE] src/renderer.js:662:73 scoped ui 未授权字段 refreshOpenAppUpdateDialog
[ARCH-RENDERER-SCOPE] src/renderer.js:662:73 scoped ui 未授权字段 restartAndInstallAppUpdate
[ARCH-RENDERER-SCOPE] src/renderer.js:662:73 工厂字段 modalBridge 不能注入完整可变对象或不透明 alias
[ARCH-RENDERER-SCOPE] src/renderer.js:662:73 工厂注入了未授权字段 modalBridge
[ARCH-RENDERER-SCOPE] src/renderer.js:662:73 工厂注入了未授权字段 modules
[ARCH-RENDERER-SCOPE] src/renderer-dialogs.js:36:768 scoped ui 未授权字段 applyManualBalancePromptStatus
[ARCH-RENDERER-SCOPE] src/renderer-dialogs.js:36:768 scoped ui 未授权字段 applyStatementResult
[ARCH-RENDERER-SCOPE] src/renderer-dialogs.js:36:768 scoped ui 未授权字段 createAlertDialog
[ARCH-RENDERER-SCOPE] src/renderer-dialogs.js:36:768 scoped ui 未授权字段 createConfirmDialog
[ARCH-RENDERER-SCOPE] src/renderer-dialogs.js:36:768 scoped ui 未授权字段 createFeedbackScope
[ARCH-RENDERER-SCOPE] src/renderer-dialogs.js:36:768 scoped ui 未授权字段 createOverlay
[ARCH-RENDERER-SCOPE] src/renderer-dialogs.js:36:768 scoped ui 未授权字段 escapeHtml
[ARCH-RENDERER-SCOPE] src/renderer-dialogs.js:36:768 scoped ui 未授权字段 pushAlert
[ARCH-RENDERER-SCOPE] src/renderer-dialogs.js:36:768 scoped ui 未授权字段 setStatus
[ARCH-RENDERER-SCOPE] src/renderer-dialogs.js:36:768 工厂字段 api 不能注入完整可变对象或不透明 alias
[ARCH-RENDERER-SCOPE] src/renderer-dialogs.js:36:768 工厂注入了未授权字段 constants
[ARCH-RENDERER-SCOPE] src/renderer-dialogs.js:36:768 工厂注入了未授权字段 modalBridge
[ARCH-RENDERER-SCOPE] src/renderer-dialogs.js:36:768 工厂注入了未授权字段 services
[ARCH-RENDERER-SCOPE] src/renderer-dialogs.js:1663:6 scoped ui 未授权字段 createAlertDialog
[ARCH-RENDERER-SCOPE] src/renderer-dialogs.js:1663:6 scoped ui 未授权字段 escapeHtml
[ARCH-RENDERER-SCOPE] src/renderer-dialogs.js:1663:6 工厂字段 api 不能注入完整可变对象或不透明 alias
[ARCH-RENDERER-SCOPE] src/renderer-dialogs.js:1663:6 工厂注入了未授权字段 modalBridge
[ARCH-RENDERER-SCOPE] src/renderer.js:520:39 scoped ui 未授权字段 escapeHtml
[ARCH-RENDERER-SCOPE] src/renderer.js:520:39 scoped ui 未授权字段 modalBridge
[ARCH-RENDERER-SCOPE] src/renderer.js:520:39 工厂字段 api 不能注入完整可变对象或不透明 alias
[ARCH-RENDERER-SCOPE] src/renderer.js:530:33 scoped api 未授权字段 exportLastError
[ARCH-RENDERER-SCOPE] src/renderer.js:530:33 scoped config 未授权字段 getCurrencyOptions
[ARCH-RENDERER-SCOPE] src/renderer.js:530:33 scoped ui 未授权字段 escapeHtml
[ARCH-RENDERER-SCOPE] src/renderer.js:530:33 scoped ui 未授权字段 modalBridge
[ARCH-RENDERER-SCOPE] src/renderer.js:679:4 工厂字段 api 不能注入完整可变对象或不透明 alias
[ARCH-RENDERER-SCOPE] src/renderer.js:679:4 工厂字段 closeModal 不能注入完整可变对象或不透明 alias
[ARCH-RENDERER-SCOPE] src/renderer.js:679:4 工厂字段 createAlertDialog 不能注入完整可变对象或不透明 alias
[ARCH-RENDERER-SCOPE] src/renderer.js:679:4 工厂字段 createConfirmDialog 不能注入完整可变对象或不透明 alias
[ARCH-RENDERER-SCOPE] src/renderer.js:679:4 工厂字段 modalBridge 不能注入完整可变对象或不透明 alias
[ARCH-RENDERER-SCOPE] src/renderer.js:679:4 工厂字段 modalHost 不能注入完整可变对象或不透明 alias
[ARCH-RENDERER-SCOPE] src/renderer.js:679:4 工厂字段 openModal 不能注入完整可变对象或不透明 alias
[ARCH-RENDERER-SCOPE] src/renderer.js:679:4 工厂注入了未授权字段 closeModal
[ARCH-RENDERER-SCOPE] src/renderer.js:679:4 工厂注入了未授权字段 createAlertDialog
[ARCH-RENDERER-SCOPE] src/renderer.js:679:4 工厂注入了未授权字段 createConfirmDialog
[ARCH-RENDERER-SCOPE] src/renderer.js:679:4 工厂注入了未授权字段 modalBridge
[ARCH-RENDERER-SCOPE] src/renderer.js:679:4 工厂注入了未授权字段 modalHost
[ARCH-RENDERER-SCOPE] src/renderer.js:679:4 工厂注入了未授权字段 openModal
[ARCH-RENDERER-SCOPE] src/renderer.js:515:30 工厂字段 api 不能注入完整可变对象或不透明 alias
[ARCH-RENDERER-SCOPE] src/renderer.js:515:30 工厂字段 ui 不能注入完整可变对象或不透明 alias
[ARCH-RENDERER-SCOPE] src/renderer.js:498:25 scoped api 未授权字段 setReconIdFixBillCategory
[ARCH-RENDERER-SCOPE] src/renderer.js:498:25 scoped config 未授权字段 initialBillCategory
[ARCH-RENDERER-SCOPE] src/renderer.js:498:25 scoped config 未授权字段 scenarios
[ARCH-RENDERER-SCOPE] src/renderer.js:498:25 scoped ui 未授权字段 gatewayScenarioPicker
[ARCH-RENDERER-SCOPE] src/renderer.js:498:25 scoped ui 未授权字段 openLinkedTables
[ARCH-RENDERER-SCOPE] src/renderer.js:498:25 scoped ui 未授权字段 openScenarios
[ARCH-RENDERER-SCOPE] src/renderer.js:498:25 工厂字段 sharedReconSession 不能注入完整可变对象或不透明 alias
[ARCH-RENDERER-SCOPE] src/renderer.js:502:24 scoped api 未授权字段 accountMappings
[ARCH-RENDERER-SCOPE] src/renderer.js:502:24 scoped api 未授权字段 errors
[ARCH-RENDERER-SCOPE] src/renderer.js:502:24 scoped api 未授权字段 files
[ARCH-RENDERER-SCOPE] src/renderer.js:502:24 scoped api 未授权字段 monthlyBalance
[ARCH-RENDERER-SCOPE] src/renderer.js:502:24 scoped api 未授权字段 templates
[ARCH-RENDERER-SCOPE] src/renderer.js:502:24 scoped config 未授权字段 getAccountMappingCount
[ARCH-RENDERER-SCOPE] src/renderer.js:502:24 scoped config 未授权字段 getCurrencyOptions
[ARCH-RENDERER-SCOPE] src/renderer.js:502:24 scoped config 未授权字段 getTemplates
[ARCH-RENDERER-SCOPE] src/renderer.js:502:24 scoped config 未授权字段 refreshTemplates
[ARCH-RENDERER-SCOPE] src/renderer.js:502:24 scoped ui 未授权字段 alertNative
[ARCH-RENDERER-SCOPE] src/renderer.js:502:24 scoped ui 未授权字段 createAccountMappingDialog
[ARCH-RENDERER-SCOPE] src/renderer.js:502:24 scoped ui 未授权字段 createAccountMappingMigrationDialog
[ARCH-RENDERER-SCOPE] src/renderer.js:502:24 scoped ui 未授权字段 createAlertDialog
[ARCH-RENDERER-SCOPE] src/renderer.js:502:24 scoped ui 未授权字段 createBigAccountSelectionDialog
[ARCH-RENDERER-SCOPE] src/renderer.js:502:24 scoped ui 未授权字段 createExportScopeDialog
[ARCH-RENDERER-SCOPE] src/renderer.js:502:24 scoped ui 未授权字段 createManualBalanceSeedDialog
[ARCH-RENDERER-SCOPE] src/renderer.js:502:24 scoped ui 未授权字段 createMonthlyBalanceExportDialog
[ARCH-RENDERER-SCOPE] src/renderer.js:502:24 scoped ui 未授权字段 createRememberOrderMismatchDialog
[ARCH-RENDERER-SCOPE] src/renderer.js:502:24 scoped ui 未授权字段 createTemplateManagerDialog
[ARCH-RENDERER-SCOPE] src/renderer.js:502:24 scoped ui 未授权字段 modalBridge
[ARCH-RENDERER-SCOPE] src/renderer.js:502:24 工厂注入了未授权字段 initialInfo
[ARCH-RENDERER-SCOPE] src/renderer.js:535:37 工厂字段 api 不能注入完整可变对象或不透明 alias
[ARCH-RENDERER-SCOPE] src/renderer.js:535:37 工厂字段 modalHost 不能注入完整可变对象或不透明 alias
[ARCH-RENDERER-SCOPE] src/renderer.js:535:37 工厂字段 previewEnabled 不能注入完整可变对象或不透明 alias
[ARCH-RENDERER-SCOPE] src/renderer.js:535:37 工厂注入了未授权字段 differenceApi
[ARCH-RENDERER-SCOPE] src/renderer.js:535:37 工厂注入了未授权字段 modalHost
[ARCH-RENDERER-SCOPE] src/renderer.js:535:37 工厂注入了未授权字段 previewEnabled
[ARCH-RENDERER-SCOPE] src/renderer.js:535:37 工厂注入了未授权字段 reviewProjection
[ARCH-RENDERER-SCOPE] src/renderer.js:522:32 工厂字段 api 不能注入完整可变对象或不透明 alias
[ARCH-RENDERER-SCOPE] src/renderer.js:522:32 工厂字段 ui 不能注入完整可变对象或不透明 alias
[ARCH-STATIC-COVERAGE] src/backend/acquiring-bill-currency-db/import-repository.js:142:17 受保护读取作用域存在不透明 DB 调用或动态 SQL
[ARCH-STATIC-COVERAGE] src/backend/big-table-import/engine.js:323:4 受保护读取作用域的 DB alias 来源无法解释
[ARCH-STATIC-COVERAGE] src/backend/big-table-import/engine.js:325:23 受保护读取作用域的 DB alias 来源无法解释
[ARCH-STATIC-COVERAGE] src/backend/big-table-import/engine.js:343:22 受保护读取作用域的 DB alias 来源无法解释
[ARCH-STATIC-COVERAGE] src/backend/big-table-import/engine.js:350:28 受保护读取作用域的 DB alias 来源无法解释
[ARCH-STATIC-COVERAGE] src/backend/big-table-import/engine.js:602:10 受保护读取作用域的 DB alias 来源无法解释
[ARCH-STATIC-COVERAGE] src/backend/big-table-import/engine.js:611:4 受保护读取作用域的 DB alias 来源无法解释
[ARCH-STATIC-COVERAGE] src/backend/big-table-import/engine.js:615:6 受保护读取作用域的 DB alias 来源无法解释
[ARCH-STATIC-COVERAGE] src/backend/big-table-import/engine.js:67:39 受保护读取作用域的 DB alias 来源无法解释
[ARCH-STATIC-COVERAGE] src/backend/big-table-import/engine.js:69:16 受保护读取作用域的 DB alias 来源无法解释
[ARCH-STATIC-COVERAGE] src/backend/biz-op-recon-db/flow-imports-repository.js:29:15 受保护读取作用域存在不透明 DB 调用或动态 SQL
[ARCH-STATIC-COVERAGE] src/backend/biz-op-recon-db/flow-imports-repository.js:45:15 受保护读取作用域存在不透明 DB 调用或动态 SQL
[ARCH-STATIC-COVERAGE] src/backend/biz-op-recon-db/imports-repository.js:42:15 受保护读取作用域存在不透明 DB 调用或动态 SQL
[ARCH-STATIC-COVERAGE] src/backend/biz-op-recon-db/imports-repository.js:60:15 受保护读取作用域存在不透明 DB 调用或动态 SQL
[ARCH-STATIC-COVERAGE] src/backend/biz-op-recon-db/migrations.js:17:15 受保护读取作用域存在不透明 DB 调用或动态 SQL
[ARCH-STATIC-COVERAGE] src/backend/biz-op-recon-import/import-worker.js:113:2 受保护读取作用域的 DB alias 来源无法解释
[ARCH-STATIC-COVERAGE] src/backend/biz-op-recon-import/import-worker.js:114:2 受保护读取作用域的 DB alias 来源无法解释
[ARCH-STATIC-COVERAGE] src/backend/biz-op-recon-import/import-worker.js:115:2 受保护读取作用域的 DB alias 来源无法解释
[ARCH-STATIC-COVERAGE] src/backend/biz-op-recon-import/import-worker.js:116:2 受保护读取作用域的 DB alias 来源无法解释
[ARCH-STATIC-COVERAGE] src/backend/biz-op-recon-import/import-worker.js:117:2 受保护读取作用域的 DB alias 来源无法解释
[ARCH-STATIC-COVERAGE] src/backend/biz-op-recon-import/import-worker.js:118:2 受保护读取作用域的 DB alias 来源无法解释
[ARCH-STATIC-COVERAGE] src/backend/biz-op-recon-import/import-worker.js:119:2 受保护读取作用域的 DB alias 来源无法解释
[ARCH-STATIC-COVERAGE] src/backend/biz-op-recon-import/import-worker.js:506:10 受保护读取作用域的 DB alias 来源无法解释
[ARCH-STATIC-COVERAGE] src/backend/database/background-execution-schema.js:14:2 受保护读取作用域存在不透明 DB 调用或动态 SQL
[ARCH-STATIC-COVERAGE] src/backend/database/background-execution-schema.js:17:4 受保护读取作用域存在不透明 DB 调用或动态 SQL
[ARCH-STATIC-COVERAGE] src/backend/database/background-execution-schema.js:22:8 受保护读取作用域存在不透明 DB 调用或动态 SQL
[ARCH-STATIC-COVERAGE] src/backend/database/background-execution-schema.js:23:8 受保护读取作用域存在不透明 DB 调用或动态 SQL
[ARCH-STATIC-COVERAGE] src/backend/database/linked-table-repository.js:1009:17 受保护读取作用域存在不透明 DB 调用或动态 SQL
[ARCH-STATIC-COVERAGE] src/backend/database/linked-table-repository.js:1081:14 受保护读取作用域存在不透明 DB 调用或动态 SQL
[ARCH-STATIC-COVERAGE] src/backend/database/linked-table-repository.js:1096:15 受保护读取作用域存在不透明 DB 调用或动态 SQL
[ARCH-STATIC-COVERAGE] src/backend/database/linked-table-repository.js:1147:15 受保护读取作用域存在不透明 DB 调用或动态 SQL
[ARCH-STATIC-COVERAGE] src/backend/database/linked-table-repository.js:1196:15 受保护读取作用域存在不透明 DB 调用或动态 SQL
[ARCH-STATIC-COVERAGE] src/backend/database/linked-table-repository.js:1225:12 受保护读取作用域存在不透明 DB 调用或动态 SQL
[ARCH-STATIC-COVERAGE] src/backend/database/linked-table-repository.js:1445:15 受保护读取作用域存在不透明 DB 调用或动态 SQL
[ARCH-STATIC-COVERAGE] src/backend/database/linked-table-repository.js:232:21 受保护读取作用域存在不透明 DB 调用或动态 SQL
[ARCH-STATIC-COVERAGE] src/backend/database/linked-table-repository.js:303:4 受保护读取作用域存在不透明 DB 调用或动态 SQL
[ARCH-STATIC-COVERAGE] src/backend/database/linked-table-repository.js:348:4 受保护读取作用域存在不透明 DB 调用或动态 SQL
[ARCH-STATIC-COVERAGE] src/backend/database/linked-table-repository.js:419:21 受保护读取作用域存在不透明 DB 调用或动态 SQL
[ARCH-STATIC-COVERAGE] src/backend/database/linked-table-repository.js:420:21 受保护读取作用域存在不透明 DB 调用或动态 SQL
[ARCH-STATIC-COVERAGE] src/backend/database/linked-table-repository.js:456:26 受保护读取作用域存在不透明 DB 调用或动态 SQL
[ARCH-STATIC-COVERAGE] src/backend/database/linked-table-repository.js:457:16 受保护读取作用域存在不透明 DB 调用或动态 SQL
[ARCH-STATIC-COVERAGE] src/backend/database/linked-table-repository.js:528:14 受保护读取作用域存在不透明 DB 调用或动态 SQL
[ARCH-STATIC-COVERAGE] src/backend/database/linked-table-repository.js:563:14 受保护读取作用域存在不透明 DB 调用或动态 SQL
[ARCH-STATIC-COVERAGE] src/backend/database/linked-table-repository.js:600:20 受保护读取作用域存在不透明 DB 调用或动态 SQL
[ARCH-STATIC-COVERAGE] src/backend/database/linked-table-repository.js:602:14 受保护读取作用域存在不透明 DB 调用或动态 SQL
[ARCH-STATIC-COVERAGE] src/backend/database/linked-table-repository.js:644:20 受保护读取作用域存在不透明 DB 调用或动态 SQL
[ARCH-STATIC-COVERAGE] src/backend/database/linked-table-repository.js:647:14 受保护读取作用域存在不透明 DB 调用或动态 SQL
[ARCH-STATIC-COVERAGE] src/backend/database/linked-table-repository.js:655:22 受保护读取作用域存在不透明 DB 调用或动态 SQL
[ARCH-STATIC-COVERAGE] src/backend/database/linked-table-repository.js:868:17 受保护读取作用域存在不透明 DB 调用或动态 SQL
[ARCH-STATIC-COVERAGE] src/backend/database/linked-table-repository.js:988:15 受保护读取作用域存在不透明 DB 调用或动态 SQL
[ARCH-STATIC-COVERAGE] src/backend/database/scenarios-repository.js:259:15 受保护读取作用域存在不透明 DB 调用或动态 SQL
[ARCH-STATIC-COVERAGE] src/backend/database/scenarios-repository.js:376:14 受保护读取作用域存在不透明 DB 调用或动态 SQL
[ARCH-STATIC-COVERAGE] src/backend/database/scenarios-repository.js:511:4 受保护读取作用域存在不透明 DB 调用或动态 SQL
[ARCH-STATIC-COVERAGE] src/backend/database/scenarios-repository.js:590:22 受保护读取作用域存在不透明 DB 调用或动态 SQL
[ARCH-STATIC-COVERAGE] src/backend/database/scenarios-repository.js:653:19 受保护读取作用域存在不透明 DB 调用或动态 SQL
[ARCH-STATIC-COVERAGE] src/backend/duplicate-inbound-match-store.js:216:6 受保护读取作用域的 DB alias 来源无法解释
[ARCH-STATIC-COVERAGE] src/backend/duplicate-inbound-match-store.js:217:27 受保护读取作用域的 DB alias 来源无法解释
[ARCH-STATIC-COVERAGE] src/backend/duplicate-inbound-match-store.js:231:25 受保护读取作用域的 DB alias 来源无法解释
[ARCH-STATIC-COVERAGE] src/backend/duplicate-inbound-match-store.js:247:29 受保护读取作用域的 DB alias 来源无法解释
[ARCH-STATIC-COVERAGE] src/backend/duplicate-inbound-match-store.js:273:6 受保护读取作用域的 DB alias 来源无法解释
[ARCH-STATIC-COVERAGE] src/backend/duplicate-inbound-match-store.js:311:6 受保护读取作用域的 DB alias 来源无法解释
[ARCH-STATIC-COVERAGE] src/backend/duplicate-inbound-match-store.js:313:8 受保护读取作用域的 DB alias 来源无法解释
[ARCH-STATIC-COVERAGE] src/backend/duplicate-inbound-match-store.js:332:8 受保护读取作用域的 DB alias 来源无法解释
[ARCH-STATIC-COVERAGE] src/backend/duplicate-inbound-match-store.js:345:13 受保护读取作用域的 DB alias 来源无法解释
[ARCH-STATIC-COVERAGE] src/backend/duplicate-inbound-match-store.js:367:13 受保护读取作用域的 DB alias 来源无法解释
[ARCH-STATIC-COVERAGE] src/backend/duplicate-inbound-match-store.js:402:21 受保护读取作用域的 DB alias 来源无法解释
[ARCH-STATIC-COVERAGE] src/backend/duplicate-inbound-match-store.js:449:20 受保护读取作用域的 DB alias 来源无法解释
[ARCH-STATIC-COVERAGE] src/backend/duplicate-inbound-match-store.js:458:21 受保护读取作用域的 DB alias 来源无法解释
[ARCH-STATIC-COVERAGE] src/backend/duplicate-inbound-match-store.js:478:6 受保护读取作用域的 DB alias 来源无法解释
[ARCH-STATIC-COVERAGE] src/backend/duplicate-inbound-match-store.js:479:25 受保护读取作用域的 DB alias 来源无法解释
[ARCH-STATIC-COVERAGE] src/backend/duplicate-inbound-match-store.js:486:27 受保护读取作用域的 DB alias 来源无法解释
[ARCH-STATIC-COVERAGE] src/backend/duplicate-inbound-match-store.js:500:26 受保护读取作用域的 DB alias 来源无法解释
[ARCH-STATIC-COVERAGE] src/backend/duplicate-inbound-match-store.js:517:22 受保护读取作用域的 DB alias 来源无法解释
[ARCH-STATIC-COVERAGE] src/backend/duplicate-inbound-match-store.js:526:28 受保护读取作用域的 DB alias 来源无法解释
[ARCH-STATIC-COVERAGE] src/backend/duplicate-inbound-match-store.js:547:6 受保护读取作用域的 DB alias 来源无法解释
[ARCH-STATIC-COVERAGE] src/backend/duplicate-inbound-match-store.js:563:21 受保护读取作用域的 DB alias 来源无法解释
[ARCH-STATIC-COVERAGE] src/backend/duplicate-inbound-match-store.js:580:6 受保护读取作用域的 DB alias 来源无法解释
[ARCH-STATIC-COVERAGE] src/backend/duplicate-inbound-match-store.js:581:27 受保护读取作用域的 DB alias 来源无法解释
[ARCH-STATIC-COVERAGE] src/backend/duplicate-inbound-match-store.js:592:21 受保护读取作用域的 DB alias 来源无法解释
[ARCH-STATIC-COVERAGE] src/backend/duplicate-inbound-match-store.js:596:6 受保护读取作用域的 DB alias 来源无法解释
[ARCH-STATIC-COVERAGE] src/backend/duplicate-inbound-match-store.js:614:8 受保护读取作用域的 DB alias 来源无法解释
[ARCH-STATIC-COVERAGE] src/backend/duplicate-inbound-match-store.js:639:6 受保护读取作用域的 DB alias 来源无法解释
[ARCH-STATIC-COVERAGE] src/backend/duplicate-inbound-match-store.js:643:8 受保护读取作用域的 DB alias 来源无法解释
[ARCH-STATIC-COVERAGE] src/backend/duplicate-inbound-match-store.js:646:23 受保护读取作用域的 DB alias 来源无法解释
[ARCH-STATIC-COVERAGE] src/backend/duplicate-inbound-match-store.js:652:25 受保护读取作用域的 DB alias 来源无法解释
[ARCH-STATIC-COVERAGE] src/backend/duplicate-inbound-match-store.js:663:24 受保护读取作用域的 DB alias 来源无法解释
[ARCH-STATIC-COVERAGE] src/backend/duplicate-inbound-match-store.js:677:6 受保护读取作用域的 DB alias 来源无法解释
[ARCH-STATIC-COVERAGE] src/backend/pending-db/diff-repository.js:148:6 受保护读取作用域存在不透明 DB 调用或动态 SQL
[ARCH-STATIC-COVERAGE] src/backend/pending-db/diff-repository.js:149:6 受保护读取作用域存在不透明 DB 调用或动态 SQL
[ARCH-STATIC-COVERAGE] src/backend/pending-export/writer.js:81:14 受保护读取作用域存在不透明 DB 调用或动态 SQL
[ARCH-STATIC-COVERAGE] src/backend/pending-reconcile/removal-match.js:73:14 受保护读取作用域存在不透明 DB 调用或动态 SQL
[ARCH-STATIC-COVERAGE] src/backend/pending-reconcile/removal-match.js:91:14 受保护读取作用域存在不透明 DB 调用或动态 SQL
[ARCH-STATIC-COVERAGE] src/backend/position-reconciliation-import/account-writer.js:164:8 受保护读取作用域的 DB alias 来源无法解释
[ARCH-STATIC-COVERAGE] src/backend/position-reconciliation-import/anomaly-report.js:156:31 受保护读取作用域存在不透明 DB 调用或动态 SQL
[ARCH-STATIC-COVERAGE] src/backend/position-reconciliation-import/apply-grant.js:75:4 受保护读取作用域的 DB alias 来源无法解释
[ARCH-STATIC-COVERAGE] src/backend/position-reconciliation-import/apply-grant.js:76:4 受保护读取作用域的 DB alias 来源无法解释
[ARCH-STATIC-COVERAGE] src/backend/position-reconciliation-import/bank-writer.js:219:23 受保护读取作用域的 DB alias 来源无法解释
[ARCH-STATIC-COVERAGE] src/backend/position-reconciliation-import/bank-writer.js:251:8 受保护读取作用域的 DB alias 来源无法解释
[ARCH-STATIC-COVERAGE] src/backend/position-reconciliation-import/bank-writer.js:261:23 受保护读取作用域的 DB alias 来源无法解释
[ARCH-STATIC-COVERAGE] src/backend/position-reconciliation-import/bank-writer.js:269:37 受保护读取作用域的 DB alias 来源无法解释
[ARCH-STATIC-COVERAGE] src/backend/position-reconciliation-import/bank-writer.js:274:35 受保护读取作用域的 DB alias 来源无法解释
[ARCH-STATIC-COVERAGE] src/backend/position-reconciliation-import/bank-writer.js:391:23 受保护读取作用域的 DB alias 来源无法解释
[ARCH-STATIC-COVERAGE] src/backend/position-reconciliation-import/ledger.js:204:4 受保护读取作用域的 DB alias 来源无法解释
[ARCH-STATIC-COVERAGE] src/backend/position-reconciliation-import/ledger.js:205:4 受保护读取作用域的 DB alias 来源无法解释
[ARCH-STATIC-COVERAGE] src/backend/position-reconciliation-import/ledger.js:206:4 受保护读取作用域的 DB alias 来源无法解释
[ARCH-STATIC-COVERAGE] src/backend/position-reconciliation-import/ledger.js:207:4 受保护读取作用域的 DB alias 来源无法解释
[ARCH-STATIC-COVERAGE] src/backend/position-reconciliation-import/ledger.js:221:4 受保护读取作用域的 DB alias 来源无法解释
[ARCH-STATIC-COVERAGE] src/backend/position-reconciliation-import/ledger.js:229:16 受保护读取作用域的 DB alias 来源无法解释
[ARCH-STATIC-COVERAGE] src/backend/position-reconciliation-import/ledger.js:236:4 受保护读取作用域的 DB alias 来源无法解释
[ARCH-STATIC-COVERAGE] src/backend/position-reconciliation-import/ledger.js:258:4 受保护读取作用域的 DB alias 来源无法解释
[ARCH-STATIC-COVERAGE] src/backend/position-reconciliation-import/ledger.js:271:4 受保护读取作用域的 DB alias 来源无法解释
[ARCH-STATIC-COVERAGE] src/backend/position-reconciliation-import/ledger.js:280:4 受保护读取作用域的 DB alias 来源无法解释
[ARCH-STATIC-COVERAGE] src/backend/position-reconciliation-import/ledger.js:289:4 受保护读取作用域的 DB alias 来源无法解释
[ARCH-STATIC-COVERAGE] src/backend/position-reconciliation-import/ledger.js:290:4 受保护读取作用域的 DB alias 来源无法解释
[ARCH-STATIC-COVERAGE] src/backend/position-reconciliation-import/ledger.js:305:21 受保护读取作用域的 DB alias 来源无法解释
[ARCH-STATIC-COVERAGE] src/backend/position-reconciliation-import/ledger.js:314:6 受保护读取作用域的 DB alias 来源无法解释
[ARCH-STATIC-COVERAGE] src/backend/position-reconciliation-import/ledger.js:352:4 受保护读取作用域的 DB alias 来源无法解释
[ARCH-STATIC-COVERAGE] src/backend/position-reconciliation-import/ledger.js:396:22 受保护读取作用域的 DB alias 来源无法解释
[ARCH-STATIC-COVERAGE] src/backend/position-reconciliation-import/ledger.js:425:11 受保护读取作用域的 DB alias 来源无法解释
[ARCH-STATIC-COVERAGE] src/backend/position-reconciliation-import/ledger.js:435:11 受保护读取作用域的 DB alias 来源无法解释
[ARCH-STATIC-COVERAGE] src/backend/position-reconciliation-import/ledger.js:452:11 受保护读取作用域的 DB alias 来源无法解释
[ARCH-STATIC-COVERAGE] src/backend/position-reconciliation-import/ledger.js:474:21 受保护读取作用域的 DB alias 来源无法解释
[ARCH-STATIC-COVERAGE] src/backend/position-reconciliation-import/ledger.js:486:4 受保护读取作用域的 DB alias 来源无法解释
[ARCH-STATIC-COVERAGE] src/backend/position-reconciliation-import/ledger.js:497:4 受保护读取作用域的 DB alias 来源无法解释
[ARCH-STATIC-COVERAGE] src/backend/position-reconciliation-import/ledger.js:508:19 受保护读取作用域的 DB alias 来源无法解释
[ARCH-STATIC-COVERAGE] src/backend/position-reconciliation-import/ledger.js:528:4 受保护读取作用域的 DB alias 来源无法解释
[ARCH-STATIC-COVERAGE] src/backend/position-reconciliation-import/ledger.js:556:4 受保护读取作用域的 DB alias 来源无法解释
[ARCH-STATIC-COVERAGE] src/backend/position-reconciliation-import/ledger.js:564:6 受保护读取作用域的 DB alias 来源无法解释
[ARCH-STATIC-COVERAGE] src/backend/position-reconciliation-import/ledger.js:565:6 受保护读取作用域的 DB alias 来源无法解释
[ARCH-STATIC-COVERAGE] src/backend/position-reconciliation-import/ledger.js:572:4 受保护读取作用域的 DB alias 来源无法解释
[ARCH-STATIC-COVERAGE] src/backend/position-reconciliation-import/ledger.js:588:4 受保护读取作用域的 DB alias 来源无法解释
[ARCH-STATIC-COVERAGE] src/backend/position-reconciliation-import/ledger.js:589:19 受保护读取作用域的 DB alias 来源无法解释
[ARCH-STATIC-COVERAGE] src/backend/position-reconciliation-import/ledger.js:609:11 受保护读取作用域的 DB alias 来源无法解释
[ARCH-STATIC-COVERAGE] src/backend/position-reconciliation-import/ledger.js:640:11 受保护读取作用域的 DB alias 来源无法解释
[ARCH-STATIC-COVERAGE] src/backend/position-reconciliation-import/ledger.js:692:22 受保护读取作用域的 DB alias 来源无法解释
[ARCH-STATIC-COVERAGE] src/backend/position-reconciliation-import/ledger.js:710:19 受保护读取作用域的 DB alias 来源无法解释
[ARCH-STATIC-COVERAGE] src/backend/position-reconciliation-import/ledger.js:714:23 受保护读取作用域的 DB alias 来源无法解释
[ARCH-STATIC-COVERAGE] src/backend/position-reconciliation-import/ledger.js:732:35 受保护读取作用域的 DB alias 来源无法解释
[ARCH-STATIC-COVERAGE] src/backend/position-reconciliation-import/ledger.js:758:17 受保护读取作用域的 DB alias 来源无法解释
[ARCH-STATIC-COVERAGE] src/backend/position-reconciliation-import/ledger.js:762:19 受保护读取作用域的 DB alias 来源无法解释
[ARCH-STATIC-COVERAGE] src/backend/position-reconciliation-import/ledger.js:789:19 受保护读取作用域的 DB alias 来源无法解释
[ARCH-STATIC-COVERAGE] src/backend/position-reconciliation-import/ledger.js:844:4 受保护读取作用域的 DB alias 来源无法解释
[ARCH-STATIC-COVERAGE] src/backend/position-reconciliation-import/ledger.js:845:4 受保护读取作用域的 DB alias 来源无法解释
[ARCH-STATIC-COVERAGE] src/backend/position-reconciliation-import/ledger.js:846:4 受保护读取作用域的 DB alias 来源无法解释
[ARCH-STATIC-COVERAGE] src/backend/position-reconciliation-import/ledger.js:847:19 受保护读取作用域的 DB alias 来源无法解释
[ARCH-STATIC-COVERAGE] src/backend/position-reconciliation-import/ledger.js:851:21 受保护读取作用域的 DB alias 来源无法解释
[ARCH-STATIC-COVERAGE] src/backend/position-reconciliation-import/maintenance-writer.js:186:34 受保护读取作用域存在不透明 DB 调用或动态 SQL
[ARCH-STATIC-COVERAGE] src/backend/position-reconciliation-import/maintenance-writer.js:197:24 受保护读取作用域存在不透明 DB 调用或动态 SQL
[ARCH-STATIC-COVERAGE] src/backend/position-reconciliation-import/maintenance-writer.js:223:31 受保护读取作用域存在不透明 DB 调用或动态 SQL
[ARCH-STATIC-COVERAGE] src/backend/position-reconciliation-import/maintenance-writer.js:285:21 受保护读取作用域存在不透明 DB 调用或动态 SQL
[ARCH-STATIC-COVERAGE] src/backend/position-reconciliation-import/maintenance-writer.js:310:24 受保护读取作用域存在不透明 DB 调用或动态 SQL
[ARCH-STATIC-COVERAGE] src/backend/position-reconciliation-import/preflight.js:452:4 受保护读取作用域的 DB alias 来源无法解释
[ARCH-STATIC-COVERAGE] src/backend/position-reconciliation-import/preflight.js:453:24 受保护读取作用域的 DB alias 来源无法解释
[ARCH-STATIC-COVERAGE] src/backend/position-reconciliation-import/preflight.js:459:25 受保护读取作用域的 DB alias 来源无法解释
[ARCH-STATIC-COVERAGE] src/backend/position-reconciliation-import/source-writer.js:1023:6 受保护读取作用域的 DB alias 来源无法解释
[ARCH-STATIC-COVERAGE] src/backend/position-reconciliation-import/source-writer.js:981:4 受保护读取作用域的 DB alias 来源无法解释
[ARCH-STATIC-COVERAGE] src/backend/position-reconciliation-import/source-writer.js:982:4 受保护读取作用域的 DB alias 来源无法解释
[ARCH-STATIC-COVERAGE] src/backend/position-reconciliation-import/source-writer.js:983:4 受保护读取作用域的 DB alias 来源无法解释
[ARCH-STATIC-COVERAGE] src/backend/position-reconciliation-import/source-writer.js:984:4 受保护读取作用域的 DB alias 来源无法解释
[ARCH-STATIC-COVERAGE] src/backend/position-reconciliation-import/source-writer.js:985:4 受保护读取作用域的 DB alias 来源无法解释
[ARCH-STATIC-COVERAGE] src/backend/position-reconciliation-import/source-writer.js:986:4 受保护读取作用域的 DB alias 来源无法解释
[ARCH-STATIC-COVERAGE] src/backend/position-reconciliation-import/source-writer.js:987:4 受保护读取作用域的 DB alias 来源无法解释
[ARCH-STATIC-COVERAGE] src/backend/position-reconciliation-import/source-writer.js:992:21 受保护读取作用域的 DB alias 来源无法解释
[ARCH-STATIC-COVERAGE] src/backend/pre-fund-reconciliation-store.js:1000:25 受保护读取作用域的 DB alias 来源无法解释
[ARCH-STATIC-COVERAGE] src/backend/pre-fund-reconciliation-store.js:1004:10 受保护读取作用域的 DB alias 来源无法解释
[ARCH-STATIC-COVERAGE] src/backend/pre-fund-reconciliation-store.js:1005:10 受保护读取作用域的 DB alias 来源无法解释
[ARCH-STATIC-COVERAGE] src/backend/pre-fund-reconciliation-store.js:1013:10 受保护读取作用域的 DB alias 来源无法解释
[ARCH-STATIC-COVERAGE] src/backend/pre-fund-reconciliation-store.js:1035:12 受保护读取作用域的 DB alias 来源无法解释
[ARCH-STATIC-COVERAGE] src/backend/pre-fund-reconciliation-store.js:1036:12 受保护读取作用域的 DB alias 来源无法解释
[ARCH-STATIC-COVERAGE] src/backend/pre-fund-reconciliation-store.js:1067:8 受保护读取作用域的 DB alias 来源无法解释
[ARCH-STATIC-COVERAGE] src/backend/pre-fund-reconciliation-store.js:1069:12 受保护读取作用域的 DB alias 来源无法解释
[ARCH-STATIC-COVERAGE] src/backend/pre-fund-reconciliation-store.js:1070:12 受保护读取作用域的 DB alias 来源无法解释
[ARCH-STATIC-COVERAGE] src/backend/pre-fund-reconciliation-store.js:1075:12 受保护读取作用域的 DB alias 来源无法解释
[ARCH-STATIC-COVERAGE] src/backend/pre-fund-reconciliation-store.js:1080:12 受保护读取作用域的 DB alias 来源无法解释
[ARCH-STATIC-COVERAGE] src/backend/pre-fund-reconciliation-store.js:1086:8 受保护读取作用域的 DB alias 来源无法解释
[ARCH-STATIC-COVERAGE] src/backend/pre-fund-reconciliation-store.js:1090:10 受保护读取作用域的 DB alias 来源无法解释
[ARCH-STATIC-COVERAGE] src/backend/pre-fund-reconciliation-store.js:1126:26 受保护读取作用域的 DB alias 来源无法解释
[ARCH-STATIC-COVERAGE] src/backend/pre-fund-reconciliation-store.js:1129:23 受保护读取作用域的 DB alias 来源无法解释
[ARCH-STATIC-COVERAGE] src/backend/pre-fund-reconciliation-store.js:1134:10 受保护读取作用域的 DB alias 来源无法解释
[ARCH-STATIC-COVERAGE] src/backend/pre-fund-reconciliation-store.js:1136:12 受保护读取作用域的 DB alias 来源无法解释
[ARCH-STATIC-COVERAGE] src/backend/pre-fund-reconciliation-store.js:1137:12 受保护读取作用域的 DB alias 来源无法解释
[ARCH-STATIC-COVERAGE] src/backend/pre-fund-reconciliation-store.js:295:41 受保护读取作用域的 DB alias 来源无法解释
[ARCH-STATIC-COVERAGE] src/backend/pre-fund-reconciliation-store.js:297:30 受保护读取作用域的 DB alias 来源无法解释
[ARCH-STATIC-COVERAGE] src/backend/pre-fund-reconciliation-store.js:299:26 受保护读取作用域的 DB alias 来源无法解释
[ARCH-STATIC-COVERAGE] src/backend/pre-fund-reconciliation-store.js:319:6 受保护读取作用域的 DB alias 来源无法解释
[ARCH-STATIC-COVERAGE] src/backend/pre-fund-reconciliation-store.js:321:6 受保护读取作用域的 DB alias 来源无法解释
[ARCH-STATIC-COVERAGE] src/backend/pre-fund-reconciliation-store.js:323:6 受保护读取作用域的 DB alias 来源无法解释
[ARCH-STATIC-COVERAGE] src/backend/pre-fund-reconciliation-store.js:339:6 受保护读取作用域的 DB alias 来源无法解释
[ARCH-STATIC-COVERAGE] src/backend/pre-fund-reconciliation-store.js:349:30 受保护读取作用域的 DB alias 来源无法解释
[ARCH-STATIC-COVERAGE] src/backend/pre-fund-reconciliation-store.js:350:38 受保护读取作用域的 DB alias 来源无法解释
[ARCH-STATIC-COVERAGE] src/backend/pre-fund-reconciliation-store.js:355:4 受保护读取作用域的 DB alias 来源无法解释
[ARCH-STATIC-COVERAGE] src/backend/pre-fund-reconciliation-store.js:384:6 受保护读取作用域的 DB alias 来源无法解释
[ARCH-STATIC-COVERAGE] src/backend/pre-fund-reconciliation-store.js:386:6 受保护读取作用域的 DB alias 来源无法解释
[ARCH-STATIC-COVERAGE] src/backend/pre-fund-reconciliation-store.js:387:6 受保护读取作用域的 DB alias 来源无法解释
[ARCH-STATIC-COVERAGE] src/backend/pre-fund-reconciliation-store.js:434:6 受保护读取作用域的 DB alias 来源无法解释
[ARCH-STATIC-COVERAGE] src/backend/pre-fund-reconciliation-store.js:451:14 受保护读取作用域的 DB alias 来源无法解释
[ARCH-STATIC-COVERAGE] src/backend/pre-fund-reconciliation-store.js:470:4 受保护读取作用域的 DB alias 来源无法解释
[ARCH-STATIC-COVERAGE] src/backend/pre-fund-reconciliation-store.js:656:10 受保护读取作用域的 DB alias 来源无法解释
[ARCH-STATIC-COVERAGE] src/backend/pre-fund-reconciliation-store.js:675:8 受保护读取作用域的 DB alias 来源无法解释
[ARCH-STATIC-COVERAGE] src/backend/pre-fund-reconciliation-store.js:752:21 受保护读取作用域的 DB alias 来源无法解释
[ARCH-STATIC-COVERAGE] src/backend/pre-fund-reconciliation-store.js:785:26 受保护读取作用域的 DB alias 来源无法解释
[ARCH-STATIC-COVERAGE] src/backend/pre-fund-reconciliation-store.js:846:8 受保护读取作用域的 DB alias 来源无法解释
[ARCH-STATIC-COVERAGE] src/backend/pre-fund-reconciliation-store.js:851:8 受保护读取作用域的 DB alias 来源无法解释
[ARCH-STATIC-COVERAGE] src/backend/pre-fund-reconciliation-store.js:853:31 受保护读取作用域的 DB alias 来源无法解释
[ARCH-STATIC-COVERAGE] src/backend/pre-fund-reconciliation-store.js:858:26 受保护读取作用域的 DB alias 来源无法解释
[ARCH-STATIC-COVERAGE] src/backend/pre-fund-reconciliation-store.js:886:8 受保护读取作用域的 DB alias 来源无法解释
[ARCH-STATIC-COVERAGE] src/backend/pre-fund-reconciliation-store.js:918:18 受保护读取作用域的 DB alias 来源无法解释
[ARCH-STATIC-COVERAGE] src/backend/pre-fund-reconciliation-store.js:932:30 受保护读取作用域的 DB alias 来源无法解释
[ARCH-STATIC-COVERAGE] src/backend/pre-fund-reconciliation-store.js:949:21 受保护读取作用域的 DB alias 来源无法解释
[ARCH-STATIC-COVERAGE] src/backend/pre-fund-reconciliation-store.js:994:8 受保护读取作用域的 DB alias 来源无法解释
[ARCH-STATIC-COVERAGE] src/backend/pre-fund-reconciliation-store.js:995:22 受保护读取作用域的 DB alias 来源无法解释
[ARCH-STATIC-COVERAGE] src/backend/pre-fund-reconciliation-store.js:997:10 受保护读取作用域的 DB alias 来源无法解释
[ARCH-STATIC-COVERAGE] src/backend/run-data-store.js:1050:47 受保护读取作用域的 DB alias 来源无法解释
[ARCH-STATIC-COVERAGE] src/backend/run-data-store.js:1062:4 受保护读取作用域的 DB alias 来源无法解释
[ARCH-STATIC-COVERAGE] src/backend/run-data-store.js:1078:47 受保护读取作用域的 DB alias 来源无法解释
[ARCH-STATIC-COVERAGE] src/backend/run-data-store.js:802:9 受保护读取作用域存在不透明 DB 调用或动态 SQL
[ARCH-STATIC-COVERAGE] src/backend/run-data-store.js:819:6 受保护读取作用域存在不透明 DB 调用或动态 SQL
[ARCH-STATIC-COVERAGE] src/backend/run-data-store.js:878:6 受保护读取作用域存在不透明 DB 调用或动态 SQL
[ARCH-STATIC-COVERAGE] src/backend/sqlite-candidate-writer.js:109:16 受保护读取作用域的 DB alias 来源无法解释
[ARCH-STATIC-COVERAGE] src/backend/sqlite-candidate-writer.js:48:18 受保护读取作用域存在不透明 DB 调用或动态 SQL
[ARCH-STATIC-COVERAGE] src/backend/sqlite-candidate-writer.js:58:10 受保护读取作用域的 DB alias 来源无法解释
[ARCH-STATIC-COVERAGE] src/backend/sqlite-candidate-writer.js:83:10 受保护读取作用域的 DB alias 来源无法解释
[ARCH-STATIC-COVERAGE] src/backend/vcc-financial-op/calculator.js:902:16 受保护读取作用域存在不透明 DB 调用或动态 SQL
[ARCH-STATIC-COVERAGE] src/backend/vcc-financial-op/detail-importer.js:564:17 受保护读取作用域存在不透明 DB 调用或动态 SQL
[ARCH-STATIC-COVERAGE] src/backend/vcc-financial-op/operation-state.js:101:14 受保护读取作用域存在不透明 DB 调用或动态 SQL
[ARCH-STATIC-COVERAGE] src/backend/vcc-financial-op/operation-state.js:79:26 受保护读取作用域存在不透明 DB 调用或动态 SQL
[ARCH-STATIC-COVERAGE] src/backend/vcc-financial-op/preserved-state.js:90:14 受保护读取作用域存在不透明 DB 调用或动态 SQL
[ARCH-STATIC-COVERAGE] src/backend/vcc-financial-op/read-schema.js:130:4 受保护读取作用域的 DB alias 来源无法解释
[ARCH-STATIC-COVERAGE] src/backend/vcc-financial-op/read-schema.js:131:4 受保护读取作用域的 DB alias 来源无法解释
[ARCH-STATIC-COVERAGE] src/backend/vcc-financial-op/read-schema.js:132:4 受保护读取作用域的 DB alias 来源无法解释
[ARCH-STATIC-COVERAGE] src/backend/vcc-financial-op/read-schema.js:72:9 受保护读取作用域存在不透明 DB 调用或动态 SQL
[ARCH-STATIC-COVERAGE] src/backend/vcc-financial-op/read-schema.js:76:9 受保护读取作用域存在不透明 DB 调用或动态 SQL
[ARCH-STATIC-COVERAGE] src/backend/vcc-financial-op/read-snapshot.js:88:9 受保护读取作用域存在不透明 DB 调用或动态 SQL
[ARCH-STATIC-COVERAGE] src/main-process/acquiring-bill-currency-run-data.js:101:2 受保护读取作用域的 DB alias 来源无法解释
[ARCH-STATIC-COVERAGE] src/main-process/acquiring-bill-currency-run-data.js:274:25 受保护读取作用域的 DB alias 来源无法解释
[ARCH-STATIC-COVERAGE] src/main-process/acquiring-bill-currency-run-data.js:454:4 受保护读取作用域的 DB alias 来源无法解释
[ARCH-STATIC-COVERAGE] src/main-process/acquiring-bill-currency-run-data.js:476:6 受保护读取作用域的 DB alias 来源无法解释
[ARCH-STATIC-COVERAGE] src/main-process/acquiring-bill-currency-run-data.js:479:12 受保护读取作用域的 DB alias 来源无法解释
[ARCH-STATIC-COVERAGE] src/main-process/acquiring-bill-currency-run-data.js:666:19 受保护读取作用域的 DB alias 来源无法解释
[ARCH-STATIC-COVERAGE] src/main-process/acquiring-bill-currency-run-data.js:756:4 受保护读取作用域的 DB alias 来源无法解释
[ARCH-STATIC-COVERAGE] src/main-process/acquiring-bill-currency-run-data.js:759:16 受保护读取作用域的 DB alias 来源无法解释
[ARCH-STATIC-COVERAGE] src/main-process/acquiring-bill-currency-run-data.js:761:6 受保护读取作用域的 DB alias 来源无法解释
[ARCH-STATIC-COVERAGE] src/main-process/acquiring-bill-currency-run-data.js:763:12 受保护读取作用域的 DB alias 来源无法解释
[ARCH-STATIC-COVERAGE] src/main-process/acquiring-bill-currency-session.js:1109:23 受保护读取作用域存在不透明 DB 调用或动态 SQL
[ARCH-STATIC-COVERAGE] src/main-process/background-execution/adapters/acquiring-adapter.js:229:16 受保护读取作用域的 DB alias 来源无法解释
[ARCH-STATIC-COVERAGE] src/main-process/background-execution/canary/durable-worker.js:11:0 受保护读取作用域的 DB alias 来源无法解释
[ARCH-STATIC-COVERAGE] src/main-process/background-execution/canary/durable-worker.js:14:0 受保护读取作用域的 DB alias 来源无法解释
[ARCH-STATIC-COVERAGE] src/main-process/background-execution/canary/durable-worker.js:16:19 受保护读取作用域的 DB alias 来源无法解释
[ARCH-STATIC-COVERAGE] src/main-process/background-execution/canary/durable-worker.js:25:4 受保护读取作用域的 DB alias 来源无法解释
[ARCH-STATIC-COVERAGE] src/main-process/background-execution/canary/durable-worker.js:31:2 受保护读取作用域的 DB alias 来源无法解释
[ARCH-STATIC-COVERAGE] src/main-process/background-execution/canary/durable-worker.js:33:8 受保护读取作用域的 DB alias 来源无法解释
[ARCH-STATIC-COVERAGE] src/main-process/biz-op-recon-run-data.js:241:4 受保护读取作用域的 DB alias 来源无法解释
[ARCH-STATIC-COVERAGE] src/main-process/biz-op-recon-run-data.js:259:6 受保护读取作用域的 DB alias 来源无法解释
[ARCH-STATIC-COVERAGE] src/main-process/biz-op-recon-run-data.js:261:12 受保护读取作用域的 DB alias 来源无法解释
[ARCH-STATIC-COVERAGE] src/main-process/biz-op-recon-run-data.js:417:4 受保护读取作用域的 DB alias 来源无法解释
[ARCH-STATIC-COVERAGE] src/main-process/biz-op-recon-run-data.js:420:6 受保护读取作用域的 DB alias 来源无法解释
[ARCH-STATIC-COVERAGE] src/main-process/biz-op-recon-run-data.js:423:6 受保护读取作用域的 DB alias 来源无法解释
[ARCH-STATIC-COVERAGE] src/main-process/biz-op-recon-run-data.js:670:2 受保护读取作用域的 DB alias 来源无法解释
[ARCH-STATIC-COVERAGE] src/main-process/biz-op-recon-run-data.js:711:2 受保护读取作用域的 DB alias 来源无法解释
[ARCH-STATIC-COVERAGE] src/main-process/biz-op-recon-run-data.js:728:29 受保护读取作用域的 DB alias 来源无法解释
[ARCH-STATIC-COVERAGE] src/main-process/biz-op-recon-run-data.js:740:29 受保护读取作用域的 DB alias 来源无法解释
[ARCH-STATIC-COVERAGE] src/main-process/biz-op-recon-run-data.js:743:16 受保护读取作用域的 DB alias 来源无法解释
[ARCH-STATIC-COVERAGE] src/main-process/biz-op-v327/candidate-router.js:143:12 受保护读取作用域的 DB alias 来源无法解释
[ARCH-STATIC-COVERAGE] src/main-process/biz-op-v327/candidate-router.js:145:27 受保护读取作用域的 DB alias 来源无法解释
[ARCH-STATIC-COVERAGE] src/main-process/biz-op-v327/candidate-router.js:146:58 受保护读取作用域的 DB alias 来源无法解释
[ARCH-STATIC-COVERAGE] src/main-process/biz-op-v327/candidate-router.js:147:12 受保护读取作用域的 DB alias 来源无法解释
[ARCH-STATIC-COVERAGE] src/main-process/biz-op-v327/candidate-router.js:22:2 受保护读取作用域存在不透明 DB 调用或动态 SQL
[ARCH-STATIC-COVERAGE] src/main-process/biz-op-v327/compute-pipeline.js:114:23 受保护读取作用域的 DB alias 来源无法解释
[ARCH-STATIC-COVERAGE] src/main-process/biz-op-v327/compute-pipeline.js:119:28 受保护读取作用域的 DB alias 来源无法解释
[ARCH-STATIC-COVERAGE] src/main-process/biz-op-v327/compute-pipeline.js:143:4 受保护读取作用域的 DB alias 来源无法解释
[ARCH-STATIC-COVERAGE] src/main-process/biz-op-v327/compute-pipeline.js:146:6 受保护读取作用域的 DB alias 来源无法解释
[ARCH-STATIC-COVERAGE] src/main-process/biz-op-v327/compute-pipeline.js:155:25 受保护读取作用域的 DB alias 来源无法解释
[ARCH-STATIC-COVERAGE] src/main-process/biz-op-v327/compute-pipeline.js:177:24 受保护读取作用域的 DB alias 来源无法解释
[ARCH-STATIC-COVERAGE] src/main-process/biz-op-v327/compute-pipeline.js:30:2 受保护读取作用域的 DB alias 来源无法解释
[ARCH-STATIC-COVERAGE] src/main-process/biz-op-v327/compute-pipeline.js:79:32 受保护读取作用域的 DB alias 来源无法解释
[ARCH-STATIC-COVERAGE] src/main-process/biz-op-v327/export-source.js:104:21 受保护读取作用域的 DB alias 来源无法解释
[ARCH-STATIC-COVERAGE] src/main-process/biz-op-v327/export-source.js:110:26 受保护读取作用域的 DB alias 来源无法解释
[ARCH-STATIC-COVERAGE] src/main-process/biz-op-v327/export-spool.js:23:2 受保护读取作用域的 DB alias 来源无法解释
[ARCH-STATIC-COVERAGE] src/main-process/biz-op-v327/export-spool.js:69:31 受保护读取作用域的 DB alias 来源无法解释
[ARCH-STATIC-COVERAGE] src/main-process/biz-op-v327/result-sink.js:29:10 受保护读取作用域的 DB alias 来源无法解释
[ARCH-STATIC-COVERAGE] src/main-process/biz-op-v327/result-sink.js:30:38 受保护读取作用域的 DB alias 来源无法解释
[ARCH-STATIC-COVERAGE] src/main-process/biz-op-v327/result-sink.js:31:11 受保护读取作用域的 DB alias 来源无法解释
[ARCH-STATIC-COVERAGE] src/main-process/biz-op-v327/result-sink.js:32:24 受保护读取作用域的 DB alias 来源无法解释
[ARCH-STATIC-COVERAGE] src/main-process/biz-op-v327/result-sink.js:33:6 受保护读取作用域的 DB alias 来源无法解释
[ARCH-STATIC-COVERAGE] src/main-process/biz-op-v327/result-sink.js:48:21 受保护读取作用域的 DB alias 来源无法解释
[ARCH-STATIC-COVERAGE] src/main-process/biz-op-v327/result-sink.js:48:43 受保护读取作用域的 DB alias 来源无法解释
[ARCH-STATIC-COVERAGE] src/main-process/biz-op-v327/result-sink.js:49:6 受保护读取作用域的 DB alias 来源无法解释
[ARCH-STATIC-COVERAGE] src/main-process/biz-op-v327/upgrade-legacy.js:53:75 受保护读取作用域的 DB alias 来源无法解释
[ARCH-STATIC-COVERAGE] src/main-process/biz-op-v327/upgrade-legacy.js:63:21 受保护读取作用域存在不透明 DB 调用或动态 SQL
[ARCH-STATIC-COVERAGE] src/main-process/biz-op-v327/upgrade-legacy.js:94:24 受保护读取作用域的 DB alias 来源无法解释
[ARCH-STATIC-COVERAGE] src/main-process/biz-op-v327/worker-entry.js:83:22 受保护读取作用域的 DB alias 来源无法解释
[ARCH-STATIC-COVERAGE] src/main-process/biz-op-v327/worker-entry.js:85:15 受保护读取作用域的 DB alias 来源无法解释
[ARCH-STATIC-COVERAGE] src/main-process/duplicate-inbound-match/mirror-database.js:20:2 受保护读取作用域的 DB alias 来源无法解释
[ARCH-STATIC-COVERAGE] src/main-process/duplicate-inbound-match/startup-gate.js:67:6 受保护读取作用域的 DB alias 来源无法解释
[ARCH-STATIC-COVERAGE] src/main-process/duplicate-inbound-match/startup-recovery.js:122:6 受保护读取作用域的 DB alias 来源无法解释
[ARCH-STATIC-COVERAGE] src/main-process/duplicate-inbound-match/startup-recovery.js:179:6 受保护读取作用域的 DB alias 来源无法解释
[ARCH-STATIC-COVERAGE] src/main-process/duplicate-inbound-match/startup-recovery.js:60:16 受保护读取作用域存在不透明 DB 调用或动态 SQL
[ARCH-STATIC-COVERAGE] src/main-process/duplicate-inbound-match/startup-recovery.js:649:6 受保护读取作用域的 DB alias 来源无法解释
[ARCH-STATIC-COVERAGE] src/main-process/duplicate-inbound-match/startup-recovery.js:65:17 受保护读取作用域存在不透明 DB 调用或动态 SQL
[ARCH-STATIC-COVERAGE] src/main-process/duplicate-inbound-match/startup-recovery.js:699:8 受保护读取作用域的 DB alias 来源无法解释
[ARCH-STATIC-COVERAGE] src/main-process/fund-recon-worker/evidence-provider.js:27:4 受保护读取作用域的 DB alias 来源无法解释
[ARCH-STATIC-COVERAGE] src/main-process/fund-recon-worker/evidence-provider.js:28:4 受保护读取作用域的 DB alias 来源无法解释
[ARCH-STATIC-COVERAGE] src/main-process/fund-recon-worker/evidence-provider.js:39:12 受保护读取作用域的 DB alias 来源无法解释
[ARCH-STATIC-COVERAGE] src/main-process/position-reconciliation/import-recovery.js:440:4 受保护读取作用域的 DB alias 来源无法解释
[ARCH-STATIC-COVERAGE] src/main-process/position-reconciliation/import-recovery.js:441:4 受保护读取作用域的 DB alias 来源无法解释
[ARCH-STATIC-COVERAGE] src/main-process/position-reconciliation/large-import-schema.js:104:9 受保护读取作用域存在不透明 DB 调用或动态 SQL
[ARCH-STATIC-COVERAGE] src/main-process/position-reconciliation/large-import-schema.js:109:13 受保护读取作用域存在不透明 DB 调用或动态 SQL
[ARCH-STATIC-COVERAGE] src/main-process/position-reconciliation/large-import-schema.js:186:13 受保护读取作用域存在不透明 DB 调用或动态 SQL
[ARCH-STATIC-COVERAGE] src/main-process/position-reconciliation/large-import-schema.js:202:17 受保护读取作用域存在不透明 DB 调用或动态 SQL
[ARCH-STATIC-COVERAGE] src/main-process/position-reconciliation/large-import-schema.js:913:4 受保护读取作用域的 DB alias 来源无法解释
[ARCH-STATIC-COVERAGE] src/main-process/position-reconciliation/large-import-schema.js:914:4 受保护读取作用域的 DB alias 来源无法解释
[ARCH-STATIC-COVERAGE] src/main-process/position-reconciliation/large-import-schema.js:915:4 受保护读取作用域的 DB alias 来源无法解释
[ARCH-STATIC-COVERAGE] src/main-process/position-reconciliation/large-import-schema.js:916:4 受保护读取作用域的 DB alias 来源无法解释
[ARCH-STATIC-COVERAGE] src/main-process/position-reconciliation/large-import-schema.js:917:4 受保护读取作用域的 DB alias 来源无法解释
[ARCH-STATIC-COVERAGE] src/main-process/position-reconciliation/large-import-schema.js:95:9 受保护读取作用域存在不透明 DB 调用或动态 SQL
[ARCH-STATIC-COVERAGE] src/main-process/position-reconciliation/store.js:1288:28 受保护读取作用域存在不透明 DB 调用或动态 SQL
[ARCH-STATIC-COVERAGE] src/main-process/position-reconciliation/store.js:1310:26 受保护读取作用域存在不透明 DB 调用或动态 SQL
[ARCH-STATIC-COVERAGE] src/main-process/position-reconciliation/store.js:1709:29 受保护读取作用域的 DB alias 来源无法解释
[ARCH-STATIC-COVERAGE] src/main-process/position-reconciliation/store.js:1715:32 受保护读取作用域的 DB alias 来源无法解释
[ARCH-STATIC-COVERAGE] src/main-process/position-reconciliation/store.js:1734:29 受保护读取作用域的 DB alias 来源无法解释
[ARCH-STATIC-COVERAGE] src/main-process/position-reconciliation/store.js:1747:6 受保护读取作用域的 DB alias 来源无法解释
[ARCH-STATIC-COVERAGE] src/main-process/position-reconciliation/store.js:1748:6 受保护读取作用域的 DB alias 来源无法解释
[ARCH-STATIC-COVERAGE] src/main-process/position-reconciliation/store.js:1749:6 受保护读取作用域的 DB alias 来源无法解释
[ARCH-STATIC-COVERAGE] src/main-process/position-reconciliation/store.js:1751:8 受保护读取作用域的 DB alias 来源无法解释
[ARCH-STATIC-COVERAGE] src/main-process/position-reconciliation/store.js:1759:8 受保护读取作用域的 DB alias 来源无法解释
[ARCH-STATIC-COVERAGE] src/main-process/position-reconciliation/store.js:1761:6 受保护读取作用域的 DB alias 来源无法解释
[ARCH-STATIC-COVERAGE] src/main-process/position-reconciliation/store.js:1762:39 受保护读取作用域的 DB alias 来源无法解释
[ARCH-STATIC-COVERAGE] src/main-process/position-reconciliation/store.js:1766:8 受保护读取作用域的 DB alias 来源无法解释
[ARCH-STATIC-COVERAGE] src/main-process/position-reconciliation/store.js:1768:28 受保护读取作用域的 DB alias 来源无法解释
[ARCH-STATIC-COVERAGE] src/main-process/position-reconciliation/store.js:1775:10 受保护读取作用域的 DB alias 来源无法解释
[ARCH-STATIC-COVERAGE] src/main-process/position-reconciliation/store.js:1784:58 受保护读取作用域的 DB alias 来源无法解释
[ARCH-STATIC-COVERAGE] src/main-process/position-reconciliation/store.js:1786:39 受保护读取作用域的 DB alias 来源无法解释
[ARCH-STATIC-COVERAGE] src/main-process/position-reconciliation/store.js:1791:10 受保护读取作用域的 DB alias 来源无法解释
[ARCH-STATIC-COVERAGE] src/main-process/position-reconciliation/store.js:1802:8 受保护读取作用域的 DB alias 来源无法解释
[ARCH-STATIC-COVERAGE] src/main-process/position-reconciliation/store.js:1807:36 受保护读取作用域的 DB alias 来源无法解释
[ARCH-STATIC-COVERAGE] src/main-process/position-reconciliation/store.js:1811:8 受保护读取作用域的 DB alias 来源无法解释
[ARCH-STATIC-COVERAGE] src/main-process/position-reconciliation/store.js:1821:6 受保护读取作用域的 DB alias 来源无法解释
[ARCH-STATIC-COVERAGE] src/main-process/position-reconciliation/store.js:1825:6 受保护读取作用域的 DB alias 来源无法解释
[ARCH-STATIC-COVERAGE] src/main-process/position-reconciliation/store.js:1829:6 受保护读取作用域的 DB alias 来源无法解释
[ARCH-STATIC-COVERAGE] src/main-process/position-reconciliation/store.js:1840:6 受保护读取作用域的 DB alias 来源无法解释
[ARCH-STATIC-COVERAGE] src/main-process/position-reconciliation/store.js:1852:8 受保护读取作用域的 DB alias 来源无法解释
[ARCH-STATIC-COVERAGE] src/main-process/position-reconciliation/store.js:1856:8 受保护读取作用域的 DB alias 来源无法解释
[ARCH-STATIC-COVERAGE] src/main-process/position-reconciliation/store.js:1869:12 受保护读取作用域的 DB alias 来源无法解释
[ARCH-STATIC-COVERAGE] src/main-process/position-reconciliation/store.js:1942:16 受保护读取作用域的 DB alias 来源无法解释
[ARCH-STATIC-COVERAGE] src/main-process/position-reconciliation/store.js:1949:4 受保护读取作用域的 DB alias 来源无法解释
[ARCH-STATIC-COVERAGE] src/main-process/position-reconciliation/store.js:1992:38 受保护读取作用域的 DB alias 来源无法解释
[ARCH-STATIC-COVERAGE] src/main-process/position-reconciliation/store.js:2014:25 受保护读取作用域的 DB alias 来源无法解释
[ARCH-STATIC-COVERAGE] src/main-process/position-reconciliation/store.js:2021:21 受保护读取作用域的 DB alias 来源无法解释
[ARCH-STATIC-COVERAGE] src/main-process/position-reconciliation/store.js:2062:11 受保护读取作用域的 DB alias 来源无法解释
[ARCH-STATIC-COVERAGE] src/main-process/position-reconciliation/store.js:2115:27 受保护读取作用域的 DB alias 来源无法解释
[ARCH-STATIC-COVERAGE] src/main-process/position-reconciliation/store.js:2147:18 受保护读取作用域的 DB alias 来源无法解释
[ARCH-STATIC-COVERAGE] src/main-process/position-reconciliation/store.js:2170:11 受保护读取作用域的 DB alias 来源无法解释
[ARCH-STATIC-COVERAGE] src/main-process/position-reconciliation/store.js:2196:6 受保护读取作用域的 DB alias 来源无法解释
[ARCH-STATIC-COVERAGE] src/main-process/position-reconciliation/store.js:2206:11 受保护读取作用域的 DB alias 来源无法解释
[ARCH-STATIC-COVERAGE] src/main-process/position-reconciliation/store.js:2229:6 受保护读取作用域的 DB alias 来源无法解释
[ARCH-STATIC-COVERAGE] src/main-process/position-reconciliation/store.js:2230:21 受保护读取作用域的 DB alias 来源无法解释
[ARCH-STATIC-COVERAGE] src/main-process/position-reconciliation/store.js:2245:11 受保护读取作用域的 DB alias 来源无法解释
[ARCH-STATIC-COVERAGE] src/main-process/position-reconciliation/store.js:2268:16 受保护读取作用域的 DB alias 来源无法解释
[ARCH-STATIC-COVERAGE] src/main-process/position-reconciliation/store.js:2279:16 受保护读取作用域的 DB alias 来源无法解释
[ARCH-STATIC-COVERAGE] src/main-process/position-reconciliation/store.js:2296:11 受保护读取作用域的 DB alias 来源无法解释
[ARCH-STATIC-COVERAGE] src/main-process/position-reconciliation/store.js:2329:16 受保护读取作用域的 DB alias 来源无法解释
[ARCH-STATIC-COVERAGE] src/main-process/position-reconciliation/store.js:2360:22 受保护读取作用域的 DB alias 来源无法解释
[ARCH-STATIC-COVERAGE] src/main-process/position-reconciliation/store.js:2377:10 受保护读取作用域的 DB alias 来源无法解释
[ARCH-STATIC-COVERAGE] src/main-process/position-reconciliation/store.js:2399:8 受保护读取作用域的 DB alias 来源无法解释
[ARCH-STATIC-COVERAGE] src/main-process/position-reconciliation/store.js:2402:10 受保护读取作用域的 DB alias 来源无法解释
[ARCH-STATIC-COVERAGE] src/main-process/position-reconciliation/store.js:2408:21 受保护读取作用域的 DB alias 来源无法解释
[ARCH-STATIC-COVERAGE] src/main-process/position-reconciliation/store.js:2497:4 受保护读取作用域的 DB alias 来源无法解释
[ARCH-STATIC-COVERAGE] src/main-process/position-reconciliation/store.js:2498:19 受保护读取作用域的 DB alias 来源无法解释
[ARCH-STATIC-COVERAGE] src/main-process/position-reconciliation/store.js:2537:16 受保护读取作用域的 DB alias 来源无法解释
[ARCH-STATIC-COVERAGE] src/main-process/position-reconciliation/store.js:2544:11 受保护读取作用域的 DB alias 来源无法解释
[ARCH-STATIC-COVERAGE] src/main-process/position-reconciliation/store.js:2560:26 受保护读取作用域的 DB alias 来源无法解释
[ARCH-STATIC-COVERAGE] src/main-process/position-reconciliation/store.js:2576:11 受保护读取作用域的 DB alias 来源无法解释
[ARCH-STATIC-COVERAGE] src/main-process/position-reconciliation/store.js:2603:18 受保护读取作用域的 DB alias 来源无法解释
[ARCH-STATIC-COVERAGE] src/main-process/position-reconciliation/store.js:2609:23 受保护读取作用域的 DB alias 来源无法解释
[ARCH-STATIC-COVERAGE] src/main-process/position-reconciliation/store.js:2614:21 受保护读取作用域的 DB alias 来源无法解释
[ARCH-STATIC-COVERAGE] src/main-process/position-reconciliation/store.js:2631:37 受保护读取作用域的 DB alias 来源无法解释
[ARCH-STATIC-COVERAGE] src/main-process/position-reconciliation/store.js:2659:18 受保护读取作用域的 DB alias 来源无法解释
[ARCH-STATIC-COVERAGE] src/main-process/position-reconciliation/store.js:2696:17 受保护读取作用域的 DB alias 来源无法解释
[ARCH-STATIC-COVERAGE] src/main-process/position-reconciliation/store.js:2697:27 受保护读取作用域的 DB alias 来源无法解释
[ARCH-STATIC-COVERAGE] src/main-process/position-reconciliation/store.js:2704:17 受保护读取作用域的 DB alias 来源无法解释
[ARCH-STATIC-COVERAGE] src/main-process/position-reconciliation/store.js:2708:27 受保护读取作用域的 DB alias 来源无法解释
[ARCH-STATIC-COVERAGE] src/main-process/position-reconciliation/store.js:2739:27 受保护读取作用域的 DB alias 来源无法解释
[ARCH-STATIC-COVERAGE] src/main-process/position-reconciliation/store.js:2748:24 受保护读取作用域的 DB alias 来源无法解释
[ARCH-STATIC-COVERAGE] src/main-process/position-reconciliation/store.js:2753:35 受保护读取作用域的 DB alias 来源无法解释
[ARCH-STATIC-COVERAGE] src/main-process/position-reconciliation/store.js:2760:33 受保护读取作用域的 DB alias 来源无法解释
[ARCH-STATIC-COVERAGE] src/main-process/position-reconciliation/store.js:2806:24 受保护读取作用域的 DB alias 来源无法解释
[ARCH-STATIC-COVERAGE] src/main-process/position-reconciliation/store.js:2814:25 受保护读取作用域的 DB alias 来源无法解释
[ARCH-STATIC-COVERAGE] src/main-process/position-reconciliation/store.js:2876:16 受保护读取作用域的 DB alias 来源无法解释
[ARCH-STATIC-COVERAGE] src/main-process/position-reconciliation/store.js:2912:11 受保护读取作用域的 DB alias 来源无法解释
[ARCH-STATIC-COVERAGE] src/main-process/position-reconciliation/store.js:2945:16 受保护读取作用域的 DB alias 来源无法解释
[ARCH-STATIC-COVERAGE] src/main-process/position-reconciliation/store.js:2993:11 受保护读取作用域的 DB alias 来源无法解释
[ARCH-STATIC-COVERAGE] src/main-process/position-reconciliation/store.js:3021:6 受保护读取作用域的 DB alias 来源无法解释
[ARCH-STATIC-COVERAGE] src/main-process/position-reconciliation/store.js:3035:21 受保护读取作用域的 DB alias 来源无法解释
[ARCH-STATIC-COVERAGE] src/main-process/position-reconciliation/store.js:3048:25 受保护读取作用域的 DB alias 来源无法解释
[ARCH-STATIC-COVERAGE] src/main-process/position-reconciliation/store.js:3110:24 受保护读取作用域的 DB alias 来源无法解释
[ARCH-STATIC-COVERAGE] src/main-process/position-reconciliation/store.js:3126:25 受保护读取作用域的 DB alias 来源无法解释
[ARCH-STATIC-COVERAGE] src/main-process/position-reconciliation/store.js:3147:6 受保护读取作用域的 DB alias 来源无法解释
[ARCH-STATIC-COVERAGE] src/main-process/position-reconciliation/store.js:3164:32 受保护读取作用域的 DB alias 来源无法解释
[ARCH-STATIC-COVERAGE] src/main-process/position-reconciliation/store.js:3173:30 受保护读取作用域的 DB alias 来源无法解释
[ARCH-STATIC-COVERAGE] src/main-process/position-reconciliation/store.js:3180:34 受保护读取作用域的 DB alias 来源无法解释
[ARCH-STATIC-COVERAGE] src/main-process/position-reconciliation/store.js:3242:25 受保护读取作用域的 DB alias 来源无法解释
[ARCH-STATIC-COVERAGE] src/main-process/position-reconciliation/store.js:3264:6 受保护读取作用域的 DB alias 来源无法解释
[ARCH-STATIC-COVERAGE] src/main-process/position-reconciliation/store.js:3276:6 受保护读取作用域的 DB alias 来源无法解释
[ARCH-STATIC-COVERAGE] src/main-process/position-reconciliation/store.js:3289:17 受保护读取作用域的 DB alias 来源无法解释
[ARCH-STATIC-COVERAGE] src/main-process/position-reconciliation/store.js:3337:34 受保护读取作用域的 DB alias 来源无法解释
[ARCH-STATIC-COVERAGE] src/main-process/position-reconciliation/store.js:3375:4 受保护读取作用域的 DB alias 来源无法解释
[ARCH-STATIC-COVERAGE] src/main-process/position-reconciliation/store.js:405:9 受保护读取作用域存在不透明 DB 调用或动态 SQL
[ARCH-STATIC-COVERAGE] src/main-process/position-reconciliation/store.js:506:27 受保护读取作用域存在不透明 DB 调用或动态 SQL
[ARCH-STATIC-COVERAGE] src/main-process/position-reconciliation/store.js:520:24 受保护读取作用域存在不透明 DB 调用或动态 SQL
[ARCH-STATIC-COVERAGE] src/main-process/position-reconciliation/store.js:527:8 受保护读取作用域存在不透明 DB 调用或动态 SQL
[ARCH-STATIC-COVERAGE] src/main-process/read-only-exports/acquiring/executor.js:155:4 受保护读取作用域的 DB alias 来源无法解释
[ARCH-STATIC-COVERAGE] src/main-process/read-only-exports/acquiring/executor.js:174:4 受保护读取作用域的 DB alias 来源无法解释
[ARCH-STATIC-COVERAGE] src/main-process/read-only-exports/acquiring/executor.js:199:12 受保护读取作用域的 DB alias 来源无法解释
[ARCH-STATIC-COVERAGE] src/main-process/read-only-exports/acquiring/query.js:170:25 受保护读取作用域的 DB alias 来源无法解释
[ARCH-STATIC-COVERAGE] src/main-process/read-only-exports/acquiring/query.js:205:20 受保护读取作用域存在不透明 DB 调用或动态 SQL
[ARCH-STATIC-COVERAGE] src/main-process/read-only-exports/acquiring/query.js:270:4 受保护读取作用域的 DB alias 来源无法解释
[ARCH-STATIC-COVERAGE] src/main-process/read-only-exports/acquiring/query.js:272:4 受保护读取作用域的 DB alias 来源无法解释
[ARCH-STATIC-COVERAGE] src/main-process/read-only-exports/acquiring/query.js:274:10 受保护读取作用域的 DB alias 来源无法解释
[ARCH-STATIC-COVERAGE] src/main-process/read-only-exports/biz-op/query.js:115:4 受保护读取作用域的 DB alias 来源无法解释
[ARCH-STATIC-COVERAGE] src/main-process/read-only-exports/biz-op/query.js:127:6 受保护读取作用域的 DB alias 来源无法解释
[ARCH-STATIC-COVERAGE] src/main-process/read-only-exports/biz-op/query.js:142:12 受保护读取作用域的 DB alias 来源无法解释
[ARCH-STATIC-COVERAGE] src/main-process/read-only-exports/biz-op/query.js:205:6 受保护读取作用域的 DB alias 来源无法解释
[ARCH-STATIC-COVERAGE] src/main-process/read-only-exports/biz-op/query.js:208:8 受保护读取作用域的 DB alias 来源无法解释
[ARCH-STATIC-COVERAGE] src/main-process/read-only-exports/biz-op/query.js:21:2 受保护读取作用域的 DB alias 来源无法解释
[ARCH-STATIC-COVERAGE] src/main-process/read-only-exports/biz-op/query.js:211:14 受保护读取作用域的 DB alias 来源无法解释
[ARCH-STATIC-COVERAGE] src/main-process/read-only-exports/biz-op/writer.js:49:2 受保护读取作用域的 DB alias 来源无法解释
[ARCH-STATIC-COVERAGE] src/main-process/read-only-exports/biz-op/writer.js:69:4 受保护读取作用域的 DB alias 来源无法解释
[ARCH-STATIC-COVERAGE] src/main-process/read-only-exports/biz-op/writer.js:72:10 受保护读取作用域的 DB alias 来源无法解释
[ARCH-STATIC-COVERAGE] src/main-process/read-only-exports/pending/writer.js:39:2 受保护读取作用域的 DB alias 来源无法解释
[ARCH-STATIC-COVERAGE] src/main-process/read-only-exports/pre-fund/query.js:58:2 受保护读取作用域的 DB alias 来源无法解释
[ARCH-STATIC-COVERAGE] src/main-process/read-only-exports/pre-fund/writer.js:101:4 受保护读取作用域的 DB alias 来源无法解释
[ARCH-STATIC-COVERAGE] src/main-process/read-only-exports/pre-fund/writer.js:68:4 受保护读取作用域的 DB alias 来源无法解释
[ARCH-STATIC-COVERAGE] src/main-process/read-only-exports/pre-fund/writer.js:70:4 受保护读取作用域的 DB alias 来源无法解释
[ARCH-STATIC-COVERAGE] src/main-process/read-only-exports/pre-fund/writer.js:99:4 受保护读取作用域的 DB alias 来源无法解释
[ARCH-STATIC-COVERAGE] src/main-process/recon-id-fix-service/jpm-writeback-transaction.js:106:19 受保护读取作用域的 DB alias 来源无法解释
[ARCH-STATIC-COVERAGE] src/main-process/recon-id-fix-service/jpm-writeback-transaction.js:154:4 受保护读取作用域的 DB alias 来源无法解释
[ARCH-STATIC-COVERAGE] src/main-process/recon-id-fix-service/jpm-writeback-transaction.js:91:4 受保护读取作用域的 DB alias 来源无法解释
[ARCH-STATIC-COVERAGE] src/main-process/recon-id-fix-service/service.js:334:14 受保护读取作用域的 DB alias 来源无法解释
[ARCH-STATIC-COVERAGE] src/main-process/recon-id-fix-service/service.js:342:4 受保护读取作用域的 DB alias 来源无法解释
[ARCH-STATIC-COVERAGE] src/main-process/recon-id-fix-service/service.js:344:22 受保护读取作用域的 DB alias 来源无法解释
[ARCH-STATIC-COVERAGE] src/main-process/recon-id-fix-service/service.js:392:14 受保护读取作用域的 DB alias 来源无法解释
[ARCH-STATIC-COVERAGE] src/main-process/recon-id-fix-service/service.js:400:4 受保护读取作用域的 DB alias 来源无法解释
[ARCH-STATIC-COVERAGE] src/main-process/recon-id-fix-service/service.js:402:22 受保护读取作用域的 DB alias 来源无法解释
[ARCH-STATIC-COVERAGE] src/main-process/recon-id-fix-service/service.js:567:6 受保护读取作用域的 DB alias 来源无法解释
[ARCH-STATIC-COVERAGE] src/main-process/recon-id-fix-service/worker-entry.js:386:30 受保护读取作用域的 DB alias 来源无法解释
[ARCH-STATIC-COVERAGE] src/main-process/run-check-multiworker-worker.js:147:41 受保护读取作用域的 DB alias 来源无法解释
[ARCH-STATIC-COVERAGE] src/main-process/run-check-multiworker-worker.js:149:4 受保护读取作用域的 DB alias 来源无法解释
[ARCH-STATIC-COVERAGE] src/main-process/run-check-multiworker-worker.js:151:16 受保护读取作用域的 DB alias 来源无法解释
[ARCH-STATIC-COVERAGE] src/main-process/run-check-multiworker-worker.js:154:4 受保护读取作用域的 DB alias 来源无法解释
[ARCH-STATIC-COVERAGE] src/main-process/run-check-multiworker-worker.js:159:6 受保护读取作用域的 DB alias 来源无法解释
[ARCH-STATIC-COVERAGE] src/main-process/run-check-multiworker-worker.js:161:12 受保护读取作用域的 DB alias 来源无法解释
[ARCH-STATIC-COVERAGE] src/main-process/run-check-multiworker-worker.js:239:21 受保护读取作用域的 DB alias 来源无法解释
[ARCH-STATIC-COVERAGE] src/main-process/run-check-multiworker-worker.js:83:4 受保护读取作用域的 DB alias 来源无法解释
[ARCH-STATIC-COVERAGE] src/main-process/run-check-multiworker-worker.js:87:16 受保护读取作用域的 DB alias 来源无法解释
[ARCH-STATIC-COVERAGE] src/main-process/run-check-multiworker.js:230:4 受保护读取作用域存在不透明 DB 调用或动态 SQL
[ARCH-STATIC-COVERAGE] src/main-process/run-check-multiworker.js:234:21 受保护读取作用域存在不透明 DB 调用或动态 SQL
[ARCH-STATIC-COVERAGE] src/main-process/run-check-worker.js:80:4 受保护读取作用域的 DB alias 来源无法解释
[ARCH-STATIC-COVERAGE] src/main-process/run-check-worker.js:84:16 受保护读取作用域的 DB alias 来源无法解释
[ARCH-STATIC-COVERAGE] src/main-process/scenario-engines/c1-extract-recon-id.js:68:22 受保护读取作用域的 DB alias 来源无法解释
[ARCH-STATIC-COVERAGE] src/main-process/toolbox-background/output-writer-core.js:66:4 受保护读取作用域的 DB alias 来源无法解释
[ARCH-STATIC-COVERAGE] src/main-process/toolbox-background/output-writer-core.js:67:17 受保护读取作用域的 DB alias 来源无法解释
[ARCH-STATIC-COVERAGE] src/main-process/toolbox-background/output-writer-core.js:69:22 受保护读取作用域的 DB alias 来源无法解释
[ARCH-STATIC-COVERAGE] src/main-process/toolbox-background/output-writer-core.js:87:22 受保护读取作用域的 DB alias 来源无法解释
[ARCH-STATIC-COVERAGE] src/main-process/toolbox-background/route-db-contract.js:326:4 受保护读取作用域的 DB alias 来源无法解释
[ARCH-STATIC-COVERAGE] src/main-process/toolbox-background/route-db-contract.js:327:22 受保护读取作用域的 DB alias 来源无法解释
[ARCH-STATIC-COVERAGE] src/main-process/toolbox-background/route-db-contract.js:331:17 受保护读取作用域的 DB alias 来源无法解释
[ARCH-STATIC-COVERAGE] src/main-process/toolbox-background/route-db-contract.js:332:29 受保护读取作用域的 DB alias 来源无法解释
[ARCH-STATIC-COVERAGE] src/main-process/toolbox-background/route-db-contract.js:333:28 受保护读取作用域的 DB alias 来源无法解释
[ARCH-STATIC-COVERAGE] src/main-process/toolbox-background/route-db-contract.js:334:30 受保护读取作用域的 DB alias 来源无法解释
[ARCH-STATIC-COVERAGE] src/main-process/toolbox-background/route-db-sealer.js:111:22 受保护读取作用域的 DB alias 来源无法解释
[ARCH-STATIC-COVERAGE] src/main-process/toolbox-background/route-db-sealer.js:114:4 受保护读取作用域的 DB alias 来源无法解释
[ARCH-STATIC-COVERAGE] src/main-process/toolbox-background/route-db-sealer.js:161:24 受保护读取作用域的 DB alias 来源无法解释
[ARCH-STATIC-COVERAGE] src/main-process/toolbox-background/route-db-sealer.js:173:4 受保护读取作用域的 DB alias 来源无法解释
[ARCH-STATIC-COVERAGE] src/main-process/toolbox-background/route-db-sealer.js:193:4 受保护读取作用域的 DB alias 来源无法解释
[ARCH-STATIC-COVERAGE] src/main-process/toolbox-background/route-db-sealer.js:195:24 受保护读取作用域的 DB alias 来源无法解释
[ARCH-STATIC-COVERAGE] src/main-process/toolbox-background/route-db-sealer.js:208:6 受保护读取作用域的 DB alias 来源无法解释
[ARCH-STATIC-COVERAGE] src/main-process/toolbox-background/route-db-sealer.js:209:24 受保护读取作用域的 DB alias 来源无法解释
[ARCH-STATIC-COVERAGE] src/main-process/toolbox-background/route-db-sealer.js:210:31 受保护读取作用域的 DB alias 来源无法解释
[ARCH-STATIC-COVERAGE] src/main-process/toolbox-background/route-db-sealer.js:211:32 受保护读取作用域的 DB alias 来源无法解释
[ARCH-STATIC-COVERAGE] src/main-process/toolbox-background/route-db-sealer.js:212:34 受保护读取作用域的 DB alias 来源无法解释
[ARCH-STATIC-COVERAGE] src/main-process/toolbox-background/route-db-sealer.js:245:14 受保护读取作用域的 DB alias 来源无法解释
[ARCH-STATIC-COVERAGE] src/main-process/toolbox-background/route-db-sealer.js:80:4 受保护读取作用域的 DB alias 来源无法解释
[ARCH-STATIC-COVERAGE] src/main-process/toolbox-row-split/cache.js:100:10 受保护读取作用域的 DB alias 来源无法解释
[ARCH-STATIC-COVERAGE] src/main-process/toolbox-row-split/cache.js:110:4 受保护读取作用域的 DB alias 来源无法解释
[ARCH-STATIC-COVERAGE] src/main-process/toolbox-row-split/cache.js:113:29 受保护读取作用域的 DB alias 来源无法解释
[ARCH-STATIC-COVERAGE] src/main-process/toolbox-row-split/cache.js:135:4 受保护读取作用域的 DB alias 来源无法解释
[ARCH-STATIC-COVERAGE] src/main-process/toolbox-row-split/cache.js:136:11 受保护读取作用域的 DB alias 来源无法解释
[ARCH-STATIC-COVERAGE] src/main-process/toolbox-row-split/cache.js:137:20 受保护读取作用域的 DB alias 来源无法解释
[ARCH-STATIC-COVERAGE] src/main-process/toolbox-row-split/cache.js:142:23 受保护读取作用域的 DB alias 来源无法解释
[ARCH-STATIC-COVERAGE] src/main-process/toolbox-row-split/cache.js:160:25 受保护读取作用域的 DB alias 来源无法解释
[ARCH-STATIC-COVERAGE] src/main-process/toolbox-row-split/cache.js:172:15 受保护读取作用域的 DB alias 来源无法解释
[ARCH-STATIC-COVERAGE] src/main-process/toolbox-row-split/cache.js:50:4 受保护读取作用域的 DB alias 来源无法解释
[ARCH-STATIC-COVERAGE] src/main-process/toolbox-row-split/cache.js:56:22 受保护读取作用域的 DB alias 来源无法解释
[ARCH-STATIC-COVERAGE] src/main-process/toolbox-row-split/cache.js:57:24 受保护读取作用域的 DB alias 来源无法解释
[ARCH-STATIC-COVERAGE] src/main-process/toolbox-row-split/cache.js:78:4 受保护读取作用域的 DB alias 来源无法解释
[ARCH-STATIC-COVERAGE] src/main-process/toolbox-row-split/cache.js:90:8 受保护读取作用域的 DB alias 来源无法解释
[ARCH-STATIC-COVERAGE] src/main-process/vcc-financial-op-dataset-writer.js:359:9 受保护读取作用域存在不透明 DB 调用或动态 SQL
[ARCH-STATIC-COVERAGE] src/main-process/vcc-financial-op-dataset-writer.js:368:22 受保护读取作用域存在不透明 DB 调用或动态 SQL
[ARCH-STATIC-COVERAGE] src/main-process/vcc-financial-op-dataset-writer.js:385:15 受保护读取作用域存在不透明 DB 调用或动态 SQL
[ARCH-STATIC-COVERAGE] src/main-process/vcc-financial-op-dataset-writer.js:453:17 受保护读取作用域存在不透明 DB 调用或动态 SQL
[ARCH-STATIC-COVERAGE] src/main-process/vcc-financial-op-dataset-writer.js:476:32 受保护读取作用域存在不透明 DB 调用或动态 SQL
[ARCH-STATIC-COVERAGE] src/main-process/vcc-financial-op-output/writer-core.js:147:4 受保护读取作用域的 DB alias 来源无法解释
[ARCH-STATIC-COVERAGE] src/main-process/vcc-financial-op-output/writer-core.js:205:4 受保护读取作用域的 DB alias 来源无法解释
[ARCH-STATIC-COVERAGE] src/main-process/vcc-financial-op-output/writer-core.js:223:12 受保护读取作用域的 DB alias 来源无法解释
[ARCH-STATIC-COVERAGE] src/main-process/toolbox-output-publication-dispatch.js:131:11 受保护 worker operation 无法完整解释，须登记准确授权调用或使用可解析操作
[ARCH-STATIC-COVERAGE] src/renderer.js:524:32 scoped ui 未提供可解释方法集合
[ARCH-STATIC-COVERAGE] src/renderer/controllers/acquiring.js:0:0 登记的全局工厂 __acquiringBillCurrencyController 没有实际导出
[ARCH-STATIC-COVERAGE] src/renderer.js:517:29 scoped ui 未提供可解释方法集合
[ARCH-STATIC-COVERAGE] src/renderer/controllers/bank-bu.js:0:0 登记的全局工厂 __bankBuReconController 没有实际导出
[ARCH-STATIC-COVERAGE] src/renderer.js:492:28 scoped ui.alert 的方法来源无法解释
[ARCH-STATIC-COVERAGE] src/renderer.js:492:28 scoped ui.confirm 的方法来源无法解释
[ARCH-STATIC-COVERAGE] src/renderer.js:492:28 scoped ui.modalHost 的方法来源无法解释
[ARCH-STATIC-COVERAGE] src/renderer/controllers/bank-statement.js:0:0 登记的全局工厂 __bankStatementController 没有实际导出
[ARCH-STATIC-COVERAGE] src/renderer.js:527:32 scoped ui 未提供可解释方法集合
[ARCH-STATIC-COVERAGE] src/renderer/controllers/biz-op-legacy.js:0:0 登记的全局工厂 __bizOpReconController 没有实际导出
[ARCH-STATIC-COVERAGE] src/renderer/dialogs/app-settings.js:0:0 登记的全局工厂 __appSettingsDialogs 没有实际导出
[ARCH-STATIC-COVERAGE] src/renderer/dialogs/configuration.js:0:0 登记的全局工厂 __configurationDialogs 没有实际导出
[ARCH-STATIC-COVERAGE] src/renderer/dialogs/scenarios.js:0:0 登记的全局工厂 __scenariosDialogs 没有实际导出
[ARCH-STATIC-COVERAGE] src/renderer/dialogs/toolbox.js:0:0 登记的全局工厂 __toolboxDialogs 没有实际导出
[ARCH-STATIC-COVERAGE] src/renderer.js:520:39 scoped ui.alert 的方法来源无法解释
[ARCH-STATIC-COVERAGE] src/renderer.js:520:39 scoped ui.modalHost 的方法来源无法解释
[ARCH-STATIC-COVERAGE] src/renderer/controllers/duplicate-inbound.js:0:0 登记的全局工厂 __duplicateInboundMatchController 没有实际导出
[ARCH-STATIC-COVERAGE] src/renderer/modal-host.js:0:0 登记的全局工厂 __modalHost 没有实际导出
[ARCH-STATIC-COVERAGE] src/renderer.js:530:33 scoped config.subscribe 的方法来源无法解释
[ARCH-STATIC-COVERAGE] src/renderer.js:530:33 scoped ui.alert 的方法来源无法解释
[ARCH-STATIC-COVERAGE] src/renderer.js:530:33 scoped ui.modalHost 的方法来源无法解释
[ARCH-STATIC-COVERAGE] src/renderer/controllers/new-account.js:0:0 登记的全局工厂 __newAccountController 没有实际导出
[ARCH-STATIC-COVERAGE] src/renderer-pending.js:1117:25 工厂入参必须是可解释的具名依赖对象
[ARCH-STATIC-COVERAGE] src/renderer.js:515:30 scoped ui 未提供可解释方法集合
[ARCH-STATIC-COVERAGE] src/renderer/controllers/pre-fund.js:0:0 登记的全局工厂 __preFundReconciliationController 没有实际导出
[ARCH-STATIC-COVERAGE] src/renderer.js:498:25 scoped ui.alert 的方法来源无法解释
[ARCH-STATIC-COVERAGE] src/renderer.js:498:25 scoped ui.confirm 的方法来源无法解释
[ARCH-STATIC-COVERAGE] src/renderer.js:498:25 scoped ui.modalHost 的方法来源无法解释
[ARCH-STATIC-COVERAGE] src/renderer/controllers/recon-id-fix.js:0:0 登记的全局工厂 __reconIdFixController 没有实际导出
[ARCH-STATIC-COVERAGE] src/renderer.js:502:24 scoped config.subscribe 的方法来源无法解释
[ARCH-STATIC-COVERAGE] src/renderer.js:502:24 scoped ui.modalHost 的方法来源无法解释
[ARCH-STATIC-COVERAGE] src/renderer/controllers/statement.js:0:0 登记的全局工厂 __statementController 没有实际导出
[ARCH-STATIC-COVERAGE] src/renderer.js:522:32 scoped ui 未提供可解释方法集合
[ARCH-STATIC-COVERAGE] src/renderer/controllers/vcc-op-calc.js:0:0 登记的全局工厂 __vccOpCalcController 没有实际导出
[ARCH-STATIC-COVERAGE] src/main-process/run-check-multiworker.js:125:35 动态加载未登记准确 AST 指纹及完整目标集合
[ARCH-STATIC-COVERAGE] src/main-process/toolbox-output-publication-dispatch.js:71:15 动态加载未登记准确 AST 指纹及完整目标集合
[ARCH-STATIC-COVERAGE] src/renderer/controllers/pending.js:0:0 新控制器或领域弹窗必须登记稳定子边界及注入合同
[ARCH-TASK-ADAPTER] src/main.js:21036:19 通用具名编排经 helper/工厂加载 Position 私有状态机
  依赖路径：src/main.js → src/main-process/execution-descriptors/composition.js → src/main-process/task-adapter-composition.js → src/main-process/position-reconciliation/task-adapter.js → src/main-process/position-reconciliation/interactive-task-preflight.js
[ARCH-TASK-ADAPTER] src/main.js:21036:19 通用具名编排经 helper/工厂加载 Position 私有状态机
  依赖路径：src/main.js → src/main-process/execution-descriptors/composition.js → src/main-process/task-adapter-composition.js → src/main-process/position-reconciliation/task-adapter.js
[ARCH-TASK-ADAPTER] src/main.js:21064:32 通用具名编排经 helper/工厂加载 Position 私有状态机
  依赖路径：src/main.js → src/main-process/execution-descriptors/composition.js → src/main-process/task-adapter-composition.js → src/main-process/position-reconciliation/task-adapter.js → src/main-process/position-reconciliation/interactive-task-preflight.js
[ARCH-TASK-ADAPTER] src/main.js:21064:32 通用具名编排经 helper/工厂加载 Position 私有状态机
  依赖路径：src/main.js → src/main-process/execution-descriptors/composition.js → src/main-process/task-adapter-composition.js → src/main-process/position-reconciliation/task-adapter.js
[ARCH-TASK-ADAPTER] src/main.js:21114:29 通用具名编排经 helper/工厂加载 Position 私有状态机
  依赖路径：src/main.js → src/main-process/archive-center/operation-tracker.js → src/main-process/execution-descriptors/composition.js → src/main-process/task-adapter-composition.js → src/main-process/position-reconciliation/task-adapter.js → src/main-process/position-reconciliation/interactive-task-preflight.js
[ARCH-TASK-ADAPTER] src/main.js:21114:29 通用具名编排经 helper/工厂加载 Position 私有状态机
  依赖路径：src/main.js → src/main-process/archive-center/operation-tracker.js → src/main-process/execution-descriptors/composition.js → src/main-process/task-adapter-composition.js → src/main-process/position-reconciliation/task-adapter.js
[ARCH-TASK-ADAPTER] src/main.js:4967:29 通用具名编排经 helper/工厂加载 Position 私有状态机
  依赖路径：src/main.js → src/main-process/biz-op-v327/module.js → src/main-process/execution-descriptors/composition.js → src/main-process/task-adapter-composition.js → src/main-process/position-reconciliation/task-adapter.js → src/main-process/position-reconciliation/interactive-task-preflight.js
[ARCH-TASK-ADAPTER] src/main.js:4967:29 通用具名编排经 helper/工厂加载 Position 私有状态机
  依赖路径：src/main.js → src/main-process/biz-op-v327/module.js → src/main-process/execution-descriptors/composition.js → src/main-process/task-adapter-composition.js → src/main-process/position-reconciliation/task-adapter.js
[ARCH-TASK-ADAPTER] src/main.js:4986:10 通用具名编排直接调用 Position 私有能力
  依赖路径：src/main.js → src/main-process/position-reconciliation/task-owner.js
[ARCH-TASK-ADAPTER] src/main.js:5041:34 通用具名编排经 helper/工厂加载 Position 私有状态机
  依赖路径：src/main.js → src/main-process/execution-descriptors/composition.js → src/main-process/task-adapter-composition.js → src/main-process/position-reconciliation/task-adapter.js → src/main-process/position-reconciliation/interactive-task-preflight.js
[ARCH-TASK-ADAPTER] src/main.js:5041:34 通用具名编排经 helper/工厂加载 Position 私有状态机
  依赖路径：src/main.js → src/main-process/execution-descriptors/composition.js → src/main-process/task-adapter-composition.js → src/main-process/position-reconciliation/task-adapter.js
[ARCH-TASK-ADAPTER] src/main.js:5042:28 通用具名编排经 helper/工厂加载 Position 私有状态机
  依赖路径：src/main.js → src/main-process/execution-descriptors/composition.js → src/main-process/task-adapter-composition.js → src/main-process/position-reconciliation/task-adapter.js → src/main-process/position-reconciliation/interactive-task-preflight.js
[ARCH-TASK-ADAPTER] src/main.js:5042:28 通用具名编排经 helper/工厂加载 Position 私有状态机
  依赖路径：src/main.js → src/main-process/execution-descriptors/composition.js → src/main-process/task-adapter-composition.js → src/main-process/position-reconciliation/task-adapter.js
[ARCH-TASK-ADAPTER] src/main.js:5067:28 通用具名编排经 helper/工厂加载 Position 私有状态机
  依赖路径：src/main.js → src/main-process/archive-center/operation-tracker.js → src/main-process/execution-descriptors/composition.js → src/main-process/task-adapter-composition.js → src/main-process/position-reconciliation/task-adapter.js → src/main-process/position-reconciliation/interactive-task-preflight.js
[ARCH-TASK-ADAPTER] src/main.js:5067:28 通用具名编排经 helper/工厂加载 Position 私有状态机
  依赖路径：src/main.js → src/main-process/archive-center/operation-tracker.js → src/main-process/execution-descriptors/composition.js → src/main-process/task-adapter-composition.js → src/main-process/position-reconciliation/task-adapter.js
[ARCH-TASK-ADAPTER] src/main.js:5077:2 通用具名编排经 helper/工厂加载 Position 私有状态机
  依赖路径：src/main.js → src/main-process/biz-op-v327/module.js → src/main-process/execution-descriptors/composition.js → src/main-process/task-adapter-composition.js → src/main-process/position-reconciliation/task-adapter.js → src/main-process/position-reconciliation/interactive-task-preflight.js
[ARCH-TASK-ADAPTER] src/main.js:5077:2 通用具名编排经 helper/工厂加载 Position 私有状态机
  依赖路径：src/main.js → src/main-process/biz-op-v327/module.js → src/main-process/execution-descriptors/composition.js → src/main-process/task-adapter-composition.js → src/main-process/position-reconciliation/task-adapter.js
[ARCH-TASK-ADAPTER] src/main.js:5084:22 通用具名编排经 helper/工厂加载 Position 私有状态机
  依赖路径：src/main.js → src/main-process/execution-descriptors/composition.js → src/main-process/task-adapter-composition.js → src/main-process/position-reconciliation/task-adapter.js → src/main-process/position-reconciliation/interactive-task-preflight.js
[ARCH-TASK-ADAPTER] src/main.js:5084:22 通用具名编排经 helper/工厂加载 Position 私有状态机
  依赖路径：src/main.js → src/main-process/execution-descriptors/composition.js → src/main-process/task-adapter-composition.js → src/main-process/position-reconciliation/task-adapter.js
过期例外：baseline-bizop-query-001；请在对应迁移变更中移除。
过期例外：baseline-bizop-query-002；请在对应迁移变更中移除。
过期例外：baseline-bizop-query-003；请在对应迁移变更中移除。
过期例外：baseline-bizop-query-004；请在对应迁移变更中移除。
过期例外：baseline-bizop-query-005；请在对应迁移变更中移除。
过期例外：baseline-bizop-query-006；请在对应迁移变更中移除。
过期例外：baseline-bizop-query-007；请在对应迁移变更中移除。
过期例外：baseline-bizop-query-008；请在对应迁移变更中移除。
过期例外：baseline-bizop-query-009；请在对应迁移变更中移除。
过期例外：baseline-bizop-query-010；请在对应迁移变更中移除。
过期例外：baseline-bizop-query-011；请在对应迁移变更中移除。
过期例外：baseline-bizop-query-012；请在对应迁移变更中移除。
过期例外：baseline-bizop-query-013；请在对应迁移变更中移除。
过期例外：baseline-bizop-query-014；请在对应迁移变更中移除。
过期例外：baseline-bizop-query-015；请在对应迁移变更中移除。
过期例外：baseline-bizop-query-016；请在对应迁移变更中移除。
过期例外：baseline-descriptor-composition-001；请在对应迁移变更中移除。
过期例外：baseline-descriptor-composition-002；请在对应迁移变更中移除。
过期例外：baseline-descriptor-composition-003；请在对应迁移变更中移除。
过期例外：baseline-descriptor-composition-004；请在对应迁移变更中移除。
过期例外：baseline-descriptor-composition-005；请在对应迁移变更中移除。
过期例外：baseline-descriptor-composition-006；请在对应迁移变更中移除。
过期例外：baseline-descriptor-composition-007；请在对应迁移变更中移除。
过期例外：baseline-descriptor-composition-008；请在对应迁移变更中移除。
过期例外：baseline-descriptor-composition-009；请在对应迁移变更中移除。
过期例外：baseline-descriptor-composition-010；请在对应迁移变更中移除。
过期例外：baseline-descriptor-composition-011；请在对应迁移变更中移除。
过期例外：baseline-descriptor-composition-012；请在对应迁移变更中移除。
过期例外：baseline-descriptor-composition-013；请在对应迁移变更中移除。
过期例外：baseline-descriptor-composition-014；请在对应迁移变更中移除。
过期例外：baseline-descriptor-composition-015；请在对应迁移变更中移除。
过期例外：baseline-descriptor-composition-016；请在对应迁移变更中移除。
过期例外：baseline-descriptor-composition-017；请在对应迁移变更中移除。
过期例外：baseline-descriptor-composition-018；请在对应迁移变更中移除。
过期例外：baseline-descriptor-composition-019；请在对应迁移变更中移除。
过期例外：baseline-descriptor-composition-020；请在对应迁移变更中移除。
过期例外：baseline-descriptor-composition-021；请在对应迁移变更中移除。
过期例外：baseline-descriptor-composition-022；请在对应迁移变更中移除。
过期例外：baseline-descriptor-composition-023；请在对应迁移变更中移除。
过期例外：baseline-descriptor-composition-024；请在对应迁移变更中移除。
过期例外：baseline-descriptor-composition-025；请在对应迁移变更中移除。
过期例外：baseline-descriptor-composition-026；请在对应迁移变更中移除。
过期例外：baseline-descriptor-composition-027；请在对应迁移变更中移除。
过期例外：baseline-descriptor-composition-028；请在对应迁移变更中移除。
过期例外：baseline-descriptor-composition-029；请在对应迁移变更中移除。
过期例外：baseline-descriptor-composition-030；请在对应迁移变更中移除。
过期例外：baseline-descriptor-composition-031；请在对应迁移变更中移除。
过期例外：baseline-descriptor-composition-032；请在对应迁移变更中移除。
过期例外：baseline-descriptor-composition-033；请在对应迁移变更中移除。
过期例外：baseline-descriptor-composition-034；请在对应迁移变更中移除。
过期例外：baseline-descriptor-composition-035；请在对应迁移变更中移除。
过期例外：baseline-descriptor-composition-036；请在对应迁移变更中移除。
过期例外：baseline-descriptor-composition-037；请在对应迁移变更中移除。
过期例外：baseline-descriptor-composition-038；请在对应迁移变更中移除。
过期例外：baseline-descriptor-composition-039；请在对应迁移变更中移除。
过期例外：baseline-descriptor-composition-040；请在对应迁移变更中移除。
过期例外：baseline-descriptor-composition-041；请在对应迁移变更中移除。
过期例外：baseline-descriptor-composition-042；请在对应迁移变更中移除。
过期例外：baseline-descriptor-composition-043；请在对应迁移变更中移除。
过期例外：baseline-modal-owner-001；请在对应迁移变更中移除。
过期例外：baseline-modal-owner-002；请在对应迁移变更中移除。
过期例外：baseline-modal-owner-003；请在对应迁移变更中移除。
过期例外：baseline-modal-owner-004；请在对应迁移变更中移除。
过期例外：baseline-modal-owner-005；请在对应迁移变更中移除。
过期例外：baseline-modal-owner-006；请在对应迁移变更中移除。
过期例外：baseline-modal-owner-007；请在对应迁移变更中移除。
过期例外：baseline-modal-owner-008；请在对应迁移变更中移除。
过期例外：baseline-modal-owner-009；请在对应迁移变更中移除。
过期例外：baseline-modal-owner-010；请在对应迁移变更中移除。
过期例外：baseline-modal-owner-011；请在对应迁移变更中移除。
过期例外：baseline-modal-owner-012；请在对应迁移变更中移除。
过期例外：baseline-modal-owner-013；请在对应迁移变更中移除。
过期例外：baseline-modal-owner-014；请在对应迁移变更中移除。
过期例外：baseline-modal-owner-015；请在对应迁移变更中移除。
过期例外：baseline-modal-owner-016；请在对应迁移变更中移除。
过期例外：baseline-modal-owner-017；请在对应迁移变更中移除。
过期例外：baseline-publication-recovery-entry-001；请在对应迁移变更中移除。
过期例外：baseline-publication-recovery-entry-002；请在对应迁移变更中移除。
过期例外：baseline-publication-recovery-entry-003；请在对应迁移变更中移除。
过期例外：baseline-publication-recovery-entry-004；请在对应迁移变更中移除。
过期例外：baseline-publication-recovery-entry-005；请在对应迁移变更中移除。
过期例外：baseline-publication-recovery-entry-006；请在对应迁移变更中移除。
过期例外：baseline-publication-recovery-entry-007；请在对应迁移变更中移除。
过期例外：baseline-publication-recovery-entry-008；请在对应迁移变更中移除。
过期例外：baseline-publication-recovery-entry-009；请在对应迁移变更中移除。
过期例外：baseline-publication-recovery-entry-010；请在对应迁移变更中移除。
过期例外：baseline-publication-recovery-entry-011；请在对应迁移变更中移除。
过期例外：baseline-publication-recovery-entry-012；请在对应迁移变更中移除。
过期例外：baseline-publication-recovery-entry-013；请在对应迁移变更中移除。
过期例外：baseline-recovery-dynamic-operation-124；请在对应迁移变更中移除。
过期例外：baseline-renderer-scope-001；请在对应迁移变更中移除。
过期例外：baseline-renderer-scope-002；请在对应迁移变更中移除。
过期例外：baseline-renderer-scope-003；请在对应迁移变更中移除。
过期例外：baseline-renderer-scope-004；请在对应迁移变更中移除。
过期例外：baseline-renderer-scope-005；请在对应迁移变更中移除。
过期例外：baseline-renderer-scope-006；请在对应迁移变更中移除。
过期例外：baseline-renderer-scope-007；请在对应迁移变更中移除。
过期例外：baseline-renderer-scope-008；请在对应迁移变更中移除。
过期例外：baseline-task-adapter-001；请在对应迁移变更中移除。
过期例外：baseline-task-adapter-002；请在对应迁移变更中移除。
过期例外：baseline-task-adapter-003；请在对应迁移变更中移除。
过期例外：baseline-task-adapter-004；请在对应迁移变更中移除。
过期例外：baseline-task-adapter-005；请在对应迁移变更中移除。
过期例外：baseline-task-adapter-006；请在对应迁移变更中移除。
过期例外：baseline-task-adapter-007；请在对应迁移变更中移除。
过期例外：baseline-task-adapter-008；请在对应迁移变更中移除。
过期例外：baseline-task-adapter-009；请在对应迁移变更中移除。
过期例外：baseline-task-adapter-010；请在对应迁移变更中移除。
过期例外：baseline-task-adapter-011；请在对应迁移变更中移除。
过期例外：baseline-task-adapter-012；请在对应迁移变更中移除。
过期例外：baseline-task-adapter-013；请在对应迁移变更中移除。
部分入口存在：bizop-query-q1、bizop-query-q2、bizop-query-q3、bizop-recovery-private、business-task-adapters、descriptor-composition、publication-recovery-entry、renderer-acquiring、renderer-bank-bu、renderer-bank-statement、renderer-biz-op-legacy、renderer-biz-op-v327、renderer-dialog-app-settings、renderer-dialog-configuration、renderer-dialog-scenarios、renderer-dialog-toolbox、renderer-duplicate-inbound、renderer-modal-owner、renderer-new-account、renderer-pending、renderer-position、renderer-pre-fund、renderer-recon-id-fix、renderer-services、renderer-statement、renderer-vcc-financial-op、renderer-vcc-op-calc、shared-xlsx、vcc-mapped-lineage
静态覆盖边界：扫描通过不代表 IPC、回调、共享状态、业务恢复或 GUI 验收完成；详见 architecture/README.md。
